city,district,source_month,source_period,source_url,source_dataset,village_count,total_population,youth_18_35_count,youth_18_35_share,youth_18_35_male,youth_18_35_female,exact_age_definition
新北市,三峽區,11507,115年07月 / 2026-07,https://www.ris.gov.tw/rs-opendata/api/v1/datastore/ODRP014/11507?COUNTY=%E6%96%B0%E5%8C%97%E5%B8%82,ODRP014 village household and single-age population,28,115087,25677,0.2231094737,13543,12134,"sum people_age_018_m/f through people_age_035_m/f, inclusive"
新北市,三芝區,11507,115年07月 / 2026-07,https://www.ris.gov.tw/rs-opendata/api/v1/datastore/ODRP014/11507?COUNTY=%E6%96%B0%E5%8C%97%E5%B8%82,ODRP014 village household and single-age population,13,21952,4565,0.2079537172,2425,2140,"sum people_age_018_m/f through people_age_035_m/f, inclusive"
新北市,三重區,11507,115年07月 / 2026-07,https://www.ris.gov.tw/rs-opendata/api/v1/datastore/ODRP014/11507?COUNTY=%E6%96%B0%E5%8C%97%E5%B8%82,ODRP014 village household and single-age population,119,382569,78274,0.2046010001,40836,37438,"sum people_age_018_m/f through people_age_035_m/f, inclusive"
新北市,中和區,11507,115年07月 / 2026-07,https://www.ris.gov.tw/rs-opendata/api/v1/datastore/ODRP014/11507?COUNTY=%E6%96%B0%E5%8C%97%E5%B8%82,ODRP014 village household and single-age population,93,402318,78428,0.1949403208,40512,37916,"sum people_age_018_m/f through people_age_035_m/f, inclusive"
新北市,五股區,11507,115年07月 / 2026-07,https://www.ris.gov.tw/rs-opendata/api/v1/datastore/ODRP014/11507?COUNTY=%E6%96%B0%E5%8C%97%E5%B8%82,ODRP014 village household and single-age population,21,95055,22623,0.2379990532,11914,10709,"sum people_age_018_m/f through people_age_035_m/f, inclusive"
新北市,八里區,11507,115年07月 / 2026-07,https://www.ris.gov.tw/rs-opendata/api/v1/datastore/ODRP014/11507?COUNTY=%E6%96%B0%E5%8C%97%E5%B8%82,ODRP014 village household and single-age population,10,43412,9948,0.2291532295,5164,4784,"sum people_age_018_m/f through people_age_035_m/f, inclusive"
新北市,土城區,11507,115年07月 / 2026-07,https://www.ris.gov.tw/rs-opendata/api/v1/datastore/ODRP014/11507?COUNTY=%E6%96%B0%E5%8C%97%E5%B8%82,ODRP014 village household and single-age population,47,242738,52671,0.2169870395,27268,25403,"sum people_age_018_m/f through people_age_035_m/f, inclusive"
新北市,坪林區,11507,115年07月 / 2026-07,https://www.ris.gov.tw/rs-opendata/api/v1/datastore/ODRP014/11507?COUNTY=%E6%96%B0%E5%8C%97%E5%B8%82,ODRP014 village household and single-age population,7,6059,1077,0.1777521043,565,512,"sum people_age_018_m/f through people_age_035_m/f, inclusive"
新北市,平溪區,11507,115年07月 / 2026-07,https://www.ris.gov.tw/rs-opendata/api/v1/datastore/ODRP014/11507?COUNTY=%E6%96%B0%E5%8C%97%E5%B8%82,ODRP014 village household and single-age population,12,3874,546,0.1409395973,292,254,"sum people_age_018_m/f through people_age_035_m/f, inclusive"
新北市,新店區,11507,115年07月 / 2026-07,https://www.ris.gov.tw/rs-opendata/api/v1/datastore/ODRP014/11507?COUNTY=%E6%96%B0%E5%8C%97%E5%B8%82,ODRP014 village household and single-age population,69,305637,60157,0.1968249917,30837,29320,"sum people_age_018_m/f through people_age_035_m/f, inclusive"
新北市,新莊區,11507,115年07月 / 2026-07,https://www.ris.gov.tw/rs-opendata/api/v1/datastore/ODRP014/11507?COUNTY=%E6%96%B0%E5%8C%97%E5%B8%82,ODRP014 village household and single-age population,84,420079,89309,0.2126004871,45924,43385,"sum people_age_018_m/f through people_age_035_m/f, inclusive"
新北市,板橋區,11507,115年07月 / 2026-07,https://www.ris.gov.tw/rs-opendata/api/v1/datastore/ODRP014/11507?COUNTY=%E6%96%B0%E5%8C%97%E5%B8%82,ODRP014 village household and single-age population,126,548271,106473,0.1941977599,54892,51581,"sum people_age_018_m/f through people_age_035_m/f, inclusive"
新北市,林口區,11507,115年07月 / 2026-07,https://www.ris.gov.tw/rs-opendata/api/v1/datastore/ODRP014/11507?COUNTY=%E6%96%B0%E5%8C%97%E5%B8%82,ODRP014 village household and single-age population,21,139367,27415,0.1967108426,14009,13406,"sum people_age_018_m/f through people_age_035_m/f, inclusive"
新北市,樹林區,11507,115年07月 / 2026-07,https://www.ris.gov.tw/rs-opendata/api/v1/datastore/ODRP014/11507?COUNTY=%E6%96%B0%E5%8C%97%E5%B8%82,ODRP014 village household and single-age population,42,176474,38715,0.2193807586,20290,18425,"sum people_age_018_m/f through people_age_035_m/f, inclusive"
新北市,永和區,11507,115年07月 / 2026-07,https://www.ris.gov.tw/rs-opendata/api/v1/datastore/ODRP014/11507?COUNTY=%E6%96%B0%E5%8C%97%E5%B8%82,ODRP014 village household and single-age population,62,210354,37979,0.1805480286,19551,18428,"sum people_age_018_m/f through people_age_035_m/f, inclusive"
新北市,汐止區,11507,115年07月 / 2026-07,https://www.ris.gov.tw/rs-opendata/api/v1/datastore/ODRP014/11507?COUNTY=%E6%96%B0%E5%8C%97%E5%B8%82,ODRP014 village household and single-age population,50,212341,45112,0.2124507278,23545,21567,"sum people_age_018_m/f through people_age_035_m/f, inclusive"
新北市,泰山區,11507,115年07月 / 2026-07,https://www.ris.gov.tw/rs-opendata/api/v1/datastore/ODRP014/11507?COUNTY=%E6%96%B0%E5%8C%97%E5%B8%82,ODRP014 village household and single-age population,17,78170,17203,0.2200716387,8983,8220,"sum people_age_018_m/f through people_age_035_m/f, inclusive"
新北市,淡水區,11507,115年07月 / 2026-07,https://www.ris.gov.tw/rs-opendata/api/v1/datastore/ODRP014/11507?COUNTY=%E6%96%B0%E5%8C%97%E5%B8%82,ODRP014 village household and single-age population,44,209747,42708,0.2036167383,22025,20683,"sum people_age_018_m/f through people_age_035_m/f, inclusive"
新北市,深坑區,11507,115年07月 / 2026-07,https://www.ris.gov.tw/rs-opendata/api/v1/datastore/ODRP014/11507?COUNTY=%E6%96%B0%E5%8C%97%E5%B8%82,ODRP014 village household and single-age population,8,23541,5297,0.2250116817,2871,2426,"sum people_age_018_m/f through people_age_035_m/f, inclusive"
新北市,烏來區,11507,115年07月 / 2026-07,https://www.ris.gov.tw/rs-opendata/api/v1/datastore/ODRP014/11507?COUNTY=%E6%96%B0%E5%8C%97%E5%B8%82,ODRP014 village household and single-age population,5,6112,1434,0.2346204188,743,691,"sum people_age_018_m/f through people_age_035_m/f, inclusive"
新北市,瑞芳區,11507,115年07月 / 2026-07,https://www.ris.gov.tw/rs-opendata/api/v1/datastore/ODRP014/11507?COUNTY=%E6%96%B0%E5%8C%97%E5%B8%82,ODRP014 village household and single-age population,34,35203,7118,0.2021986762,3769,3349,"sum people_age_018_m/f through people_age_035_m/f, inclusive"
新北市,石碇區,11507,115年07月 / 2026-07,https://www.ris.gov.tw/rs-opendata/api/v1/datastore/ODRP014/11507?COUNTY=%E6%96%B0%E5%8C%97%E5%B8%82,ODRP014 village household and single-age population,12,6854,1341,0.1956521739,702,639,"sum people_age_018_m/f through people_age_035_m/f, inclusive"
新北市,石門區,11507,115年07月 / 2026-07,https://www.ris.gov.tw/rs-opendata/api/v1/datastore/ODRP014/11507?COUNTY=%E6%96%B0%E5%8C%97%E5%B8%82,ODRP014 village household and single-age population,9,9874,2134,0.2161231517,1142,992,"sum people_age_018_m/f through people_age_035_m/f, inclusive"
新北市,萬里區,11507,115年07月 / 2026-07,https://www.ris.gov.tw/rs-opendata/api/v1/datastore/ODRP014/11507?COUNTY=%E6%96%B0%E5%8C%97%E5%B8%82,ODRP014 village household and single-age population,10,19979,3897,0.1950548075,2002,1895,"sum people_age_018_m/f through people_age_035_m/f, inclusive"
新北市,蘆洲區,11507,115年07月 / 2026-07,https://www.ris.gov.tw/rs-opendata/api/v1/datastore/ODRP014/11507?COUNTY=%E6%96%B0%E5%8C%97%E5%B8%82,ODRP014 village household and single-age population,38,195485,44696,0.2286415838,23374,21322,"sum people_age_018_m/f through people_age_035_m/f, inclusive"
新北市,貢寮區,11507,115年07月 / 2026-07,https://www.ris.gov.tw/rs-opendata/api/v1/datastore/ODRP014/11507?COUNTY=%E6%96%B0%E5%8C%97%E5%B8%82,ODRP014 village household and single-age population,11,10282,1691,0.1644621669,896,795,"sum people_age_018_m/f through people_age_035_m/f, inclusive"
新北市,金山區,11507,115年07月 / 2026-07,https://www.ris.gov.tw/rs-opendata/api/v1/datastore/ODRP014/11507?COUNTY=%E6%96%B0%E5%8C%97%E5%B8%82,ODRP014 village household and single-age population,15,19580,4170,0.2129724208,2118,2052,"sum people_age_018_m/f through people_age_035_m/f, inclusive"
新北市,雙溪區,11507,115年07月 / 2026-07,https://www.ris.gov.tw/rs-opendata/api/v1/datastore/ODRP014/11507?COUNTY=%E6%96%B0%E5%8C%97%E5%B8%82,ODRP014 village household and single-age population,12,7356,1215,0.1651712887,622,593,"sum people_age_018_m/f through people_age_035_m/f, inclusive"
新北市,鶯歌區,11507,115年07月 / 2026-07,https://www.ris.gov.tw/rs-opendata/api/v1/datastore/ODRP014/11507?COUNTY=%E6%96%B0%E5%8C%97%E5%B8%82,ODRP014 village household and single-age population,20,89380,20341,0.2275788767,10862,9479,"sum people_age_018_m/f through people_age_035_m/f, inclusive"
