station_uid,station_id,station_name_zh,station_name_en,line_ids,line_names_zh,location_city,location_town,lat,lon,station_address_zh,station_address_en,src_update_time,tdx_update_time,source_url
TRTC-BL01,BL01,頂埔,Dingpu,BL,,新北市,土城區,24.95935100,121.41874400,236040新北市土城區中央路4段51之6號B3,236040新北市土城區中央路4段51之6號B3,2023-10-12T00:00:00+08:00,2023-10-17T00:00:00+08:00,https://tdx.transportdata.tw/api/basic/v2/Rail/Metro/Station/TRTC
TRTC-BL02,BL02,永寧,Yongning,BL,,新北市,土城區,24.96682000,121.43613000,236036新北市土城區中央路3段105號B1,236036新北市土城區中央路3段105號B1,2023-10-12T00:00:00+08:00,2023-10-17T00:00:00+08:00,https://tdx.transportdata.tw/api/basic/v2/Rail/Metro/Station/TRTC
TRTC-BL03,BL03,土城,Tucheng,BL,,新北市,土城區,24.97313000,121.44432000,236017新北市土城區金城路1段105號B1,236017新北市土城區金城路1段105號B1,2023-10-12T00:00:00+08:00,2023-10-17T00:00:00+08:00,https://tdx.transportdata.tw/api/basic/v2/Rail/Metro/Station/TRTC
TRTC-BL04,BL04,海山,Haishan,BL,,新北市,土城區,24.98534800,121.44878700,236023新北市土城區海山路39號B2,236023新北市土城區海山路39號B2,2023-10-12T00:00:00+08:00,2023-10-17T00:00:00+08:00,https://tdx.transportdata.tw/api/basic/v2/Rail/Metro/Station/TRTC
TRTC-BL05,BL05,亞東醫院,Far Eastern Hospital,BL,,新北市,板橋區,24.99828000,121.45246500,220056新北市板橋區南雅南路2段17號B1,220056新北市板橋區南雅南路2段17號B1,2023-10-12T00:00:00+08:00,2023-10-17T00:00:00+08:00,https://tdx.transportdata.tw/api/basic/v2/Rail/Metro/Station/TRTC
TRTC-BL06,BL06,府中,Fuzhong,BL,,新北市,板橋區,25.00846500,121.45927600,220052新北市板橋區縣民大道1段193號B1,220052新北市板橋區縣民大道1段193號B1,2023-10-12T00:00:00+08:00,2023-10-17T00:00:00+08:00,https://tdx.transportdata.tw/api/basic/v2/Rail/Metro/Station/TRTC
TRTC-BL07,BL07,板橋,Banqiao,BL,,新北市,板橋區,25.01409800,121.46267100,220073新北市板橋區站前路5號B1,220073新北市板橋區站前路5號B1,2023-10-12T00:00:00+08:00,2023-10-17T00:00:00+08:00,https://tdx.transportdata.tw/api/basic/v2/Rail/Metro/Station/TRTC
TRTC-BL08,BL08,新埔,Xinpu,BL,,新北市,板橋區,25.02373600,121.46836300,220030新北市板橋區民生路3段2號B1,220030新北市板橋區民生路3段2號B1,2023-10-12T00:00:00+08:00,2023-10-17T00:00:00+08:00,https://tdx.transportdata.tw/api/basic/v2/Rail/Metro/Station/TRTC
TRTC-BL09,BL09,江子翠,Jiangzicui,BL,,新北市,板橋區,25.03026500,121.47257000,220016新北市板橋區文化路2段296號B1,220016新北市板橋區文化路2段296號B1,2023-10-12T00:00:00+08:00,2023-10-17T00:00:00+08:00,https://tdx.transportdata.tw/api/basic/v2/Rail/Metro/Station/TRTC
TRTC-BL10,BL10,龍山寺,Longshan Temple,BL,,臺北市,萬華區,25.03528000,121.50032500,108015臺北市萬華區西園路1段153號,108015臺北市萬華區西園路1段153號,2023-10-12T00:00:00+08:00,2023-10-17T00:00:00+08:00,https://tdx.transportdata.tw/api/basic/v2/Rail/Metro/Station/TRTC
TRTC-BL11,BL11,西門,Ximen,BL,,臺北市,中正區,25.04227400,121.50851100,100005臺北市中正區寶慶路32之1號B1,100005臺北市中正區寶慶路32之1號B1,2023-10-12T00:00:00+08:00,2023-10-17T00:00:00+08:00,https://tdx.transportdata.tw/api/basic/v2/Rail/Metro/Station/TRTC
TRTC-BL12,BL12,台北車站,Taipei Main Station,BL,,臺北市,中正區,25.04631000,121.51741500,100009臺北市中正區忠孝西路1段49號,100009臺北市中正區忠孝西路1段49號,2023-10-12T00:00:00+08:00,2023-10-17T00:00:00+08:00,https://tdx.transportdata.tw/api/basic/v2/Rail/Metro/Station/TRTC
TRTC-BL13,BL13,善導寺,Shandao Temple,BL,,臺北市,中正區,25.04468000,121.52388500,100024臺北市中正區忠孝東路1段58號B1,100024臺北市中正區忠孝東路1段58號B1,2023-10-12T00:00:00+08:00,2023-10-17T00:00:00+08:00,https://tdx.transportdata.tw/api/basic/v2/Rail/Metro/Station/TRTC
TRTC-BL14,BL14,忠孝新生,Zhongxiao Xinsheng,BL,,臺北市,中正區,25.04230000,121.53280000,106083臺北市大安區新生南路1段67號,106083臺北市大安區新生南路1段67號,2023-10-12T00:00:00+08:00,2023-10-17T00:00:00+08:00,https://tdx.transportdata.tw/api/basic/v2/Rail/Metro/Station/TRTC
TRTC-BL15,BL15,忠孝復興,Zhongxiao Fuxing,BL,,臺北市,大安區,25.04163300,121.54376900,106071臺北市大安區忠孝東路4段47號,106071臺北市大安區忠孝東路4段47號,2023-10-12T00:00:00+08:00,2023-10-17T00:00:00+08:00,https://tdx.transportdata.tw/api/basic/v2/Rail/Metro/Station/TRTC
TRTC-BL16,BL16,忠孝敦化,Zhongxiao Dunhua,BL,,臺北市,大安區,25.04150500,121.55045000,106057臺北市大安區忠孝東路4段182號,106057臺北市大安區忠孝東路4段182號,2023-10-12T00:00:00+08:00,2023-10-17T00:00:00+08:00,https://tdx.transportdata.tw/api/basic/v2/Rail/Metro/Station/TRTC
TRTC-BL17,BL17,國父紀念館,Sun Yat-Sen Memorial Hall,BL,,臺北市,信義區,25.04137000,121.55781500,110054臺北市信義區忠孝東路4段400號,110054臺北市信義區忠孝東路4段400號,2023-10-12T00:00:00+08:00,2023-10-17T00:00:00+08:00,https://tdx.transportdata.tw/api/basic/v2/Rail/Metro/Station/TRTC
TRTC-BL18,BL18,市政府,Taipei City Hall,BL,,臺北市,信義區,25.04113500,121.56568500,110060臺北市信義區忠孝東路5段2號,110060臺北市信義區忠孝東路5段2號,2023-10-12T00:00:00+08:00,2023-10-17T00:00:00+08:00,https://tdx.transportdata.tw/api/basic/v2/Rail/Metro/Station/TRTC
TRTC-BL19,BL19,永春,Yongchun,BL,,臺北市,信義區,25.04085500,121.57620000,110037臺北市信義區忠孝東路5段455號,110037臺北市信義區忠孝東路5段455號,2023-10-12T00:00:00+08:00,2023-10-17T00:00:00+08:00,https://tdx.transportdata.tw/api/basic/v2/Rail/Metro/Station/TRTC
TRTC-BL20,BL20,後山埤,Houshanpi,BL,,臺北市,南港區,25.04471500,121.58227000,115025臺北市南港區忠孝東路6段2號,115025臺北市南港區忠孝東路6段2號,2023-10-12T00:00:00+08:00,2023-10-17T00:00:00+08:00,https://tdx.transportdata.tw/api/basic/v2/Rail/Metro/Station/TRTC
TRTC-BL21,BL21,昆陽,Kunyang,BL,,臺北市,南港區,25.05045900,121.59322800,115007臺北市南港區忠孝東路6段451號,115007臺北市南港區忠孝東路6段451號,2023-10-12T00:00:00+08:00,2023-10-17T00:00:00+08:00,https://tdx.transportdata.tw/api/basic/v2/Rail/Metro/Station/TRTC
TRTC-BL22,BL22,南港,Nangang,BL,,臺北市,南港區,25.05203500,121.60697000,115011臺北市南港區忠孝東路7段380號,115011臺北市南港區忠孝東路7段380號,2023-10-12T00:00:00+08:00,2023-10-17T00:00:00+08:00,https://tdx.transportdata.tw/api/basic/v2/Rail/Metro/Station/TRTC
TRTC-BL23,BL23,南港展覽館,Taipei Nangang Exhibition Center,BL,,臺北市,南港區,25.05491900,121.61686100,板南線：115021臺北市南港區研究院路1段1號,板南線：115021臺北市南港區研究院路1段1號,2023-10-12T00:00:00+08:00,2023-10-17T00:00:00+08:00,https://tdx.transportdata.tw/api/basic/v2/Rail/Metro/Station/TRTC
TRTC-BR01,BR01,動物園,Taipei Zoo,BR,,臺北市,文山區,24.99820500,121.57950100,116016臺北市文山區新光路2段32號,116016臺北市文山區新光路2段32號,2023-10-12T00:00:00+08:00,2023-10-17T00:00:00+08:00,https://tdx.transportdata.tw/api/basic/v2/Rail/Metro/Station/TRTC
TRTC-BR02,BR02,木柵,Muzha,BR,,臺北市,文山區,24.99824000,121.57312700,116027臺北市文山區木柵路4段135號,116027臺北市文山區木柵路4段135號,2023-10-12T00:00:00+08:00,2023-10-17T00:00:00+08:00,https://tdx.transportdata.tw/api/basic/v2/Rail/Metro/Station/TRTC
TRTC-BR03,BR03,萬芳社區,Wanfang Community,BR,,臺北市,文山區,24.99857000,121.56808800,116027臺北市文山區萬芳路60號,116027臺北市文山區萬芳路60號,2023-10-12T00:00:00+08:00,2023-10-17T00:00:00+08:00,https://tdx.transportdata.tw/api/basic/v2/Rail/Metro/Station/TRTC
TRTC-BR04,BR04,萬芳醫院,Wanfang Hospital,BR,,臺北市,文山區,24.99932000,121.55809200,116081臺北市文山區興隆路3段113號,116081臺北市文山區興隆路3段113號,2023-10-12T00:00:00+08:00,2023-10-17T00:00:00+08:00,https://tdx.transportdata.tw/api/basic/v2/Rail/Metro/Station/TRTC
TRTC-BR05,BR05,辛亥,Xinhai,BR,,臺北市,文山區,25.00545500,121.55704600,116081臺北市文山區辛亥路4段128號,116081臺北市文山區辛亥路4段128號,2023-10-12T00:00:00+08:00,2023-10-17T00:00:00+08:00,https://tdx.transportdata.tw/api/basic/v2/Rail/Metro/Station/TRTC
TRTC-BR06,BR06,麟光,Linguang,BR,,臺北市,大安區,25.01849500,121.55883400,106043臺北市大安區和平東路3段410號,106043臺北市大安區和平東路3段410號,2023-10-12T00:00:00+08:00,2023-10-17T00:00:00+08:00,https://tdx.transportdata.tw/api/basic/v2/Rail/Metro/Station/TRTC
TRTC-BR07,BR07,六張犁,Liuzhangli,BR,,臺北市,大安區,25.02381000,121.55302000,106039臺北市大安區和平東路3段168號,106039臺北市大安區和平東路3段168號,2023-10-12T00:00:00+08:00,2023-10-17T00:00:00+08:00,https://tdx.transportdata.tw/api/basic/v2/Rail/Metro/Station/TRTC
TRTC-BR08,BR08,科技大樓,Technology Building,BR,,臺北市,大安區,25.02612000,121.54346200,106101臺北市大安區復興南路2段235號,106101臺北市大安區復興南路2段235號,2023-10-12T00:00:00+08:00,2023-10-17T00:00:00+08:00,https://tdx.transportdata.tw/api/basic/v2/Rail/Metro/Station/TRTC
TRTC-BR09,BR09,大安,Daan,BR,,臺北市,大安區,25.03331100,121.54237000,106097臺北市大安區信義路4段2號,106097臺北市大安區信義路4段2號,2023-10-12T00:00:00+08:00,2023-10-17T00:00:00+08:00,https://tdx.transportdata.tw/api/basic/v2/Rail/Metro/Station/TRTC
TRTC-BR10,BR10,忠孝復興,Zhongxiao Fuxing,BR,,臺北市,大安區,25.04110400,121.54370300,106084臺北市大安區忠孝東路3段302號,106084臺北市大安區忠孝東路3段302號,2023-10-12T00:00:00+08:00,2023-10-17T00:00:00+08:00,https://tdx.transportdata.tw/api/basic/v2/Rail/Metro/Station/TRTC
TRTC-BR11,BR11,南京復興,Nanjing Fuxing,BR,,臺北市,松山區,25.05204400,121.54430300,105020臺北市松山區南京東路3段253號,105020臺北市松山區南京東路3段253號,2023-10-12T00:00:00+08:00,2023-10-17T00:00:00+08:00,https://tdx.transportdata.tw/api/basic/v2/Rail/Metro/Station/TRTC
TRTC-BR12,BR12,中山國中,Zhongshan Junior High School,BR,,臺北市,中山區,25.06085000,121.54421500,104079臺北市中山區復興北路376號,104079臺北市中山區復興北路376號,2023-10-12T00:00:00+08:00,2023-10-17T00:00:00+08:00,https://tdx.transportdata.tw/api/basic/v2/Rail/Metro/Station/TRTC
TRTC-BR13,BR13,松山機場,Songshan Airport,BR,,臺北市,松山區,25.06311100,121.55162000,105008臺北市松山區敦化北路338號,105008臺北市松山區敦化北路338號,2023-10-12T00:00:00+08:00,2023-10-17T00:00:00+08:00,https://tdx.transportdata.tw/api/basic/v2/Rail/Metro/Station/TRTC
TRTC-BR14,BR14,大直,Dazhi,BR,,臺北市,中山區,25.07943000,121.54679000,104044臺北市中山區北安路534之1號,104044臺北市中山區北安路534之1號,2023-10-12T00:00:00+08:00,2023-10-17T00:00:00+08:00,https://tdx.transportdata.tw/api/basic/v2/Rail/Metro/Station/TRTC
TRTC-BR15,BR15,劍南路,Jiannan Rd.,BR,,臺北市,中山區,25.08483000,121.55558200,104051臺北市中山區北安路798號,104051臺北市中山區北安路798號,2023-10-12T00:00:00+08:00,2023-10-17T00:00:00+08:00,https://tdx.transportdata.tw/api/basic/v2/Rail/Metro/Station/TRTC
TRTC-BR16,BR16,西湖,Xihu,BR,,臺北市,內湖區,25.08216000,121.56722700,114066臺北市內湖區內湖路1段256號,114066臺北市內湖區內湖路1段256號,2023-10-12T00:00:00+08:00,2023-10-17T00:00:00+08:00,https://tdx.transportdata.tw/api/basic/v2/Rail/Metro/Station/TRTC
TRTC-BR17,BR17,港墘,Gangqian,BR,,臺北市,內湖區,25.08007000,121.57516000,114004臺北市內湖區內湖路1段663號,114004臺北市內湖區內湖路1段663號,2023-10-12T00:00:00+08:00,2023-10-17T00:00:00+08:00,https://tdx.transportdata.tw/api/basic/v2/Rail/Metro/Station/TRTC
TRTC-BR18,BR18,文德,Wende,BR,,臺北市,內湖區,25.07856700,121.58497300,114053臺北市內湖區文德路214號,114053臺北市內湖區文德路214號,2023-10-12T00:00:00+08:00,2023-10-17T00:00:00+08:00,https://tdx.transportdata.tw/api/basic/v2/Rail/Metro/Station/TRTC
TRTC-BR19,BR19,內湖,Neihu,BR,,臺北市,內湖區,25.08367500,121.59436300,114049臺北市內湖區成功路4段186號,114049臺北市內湖區成功路4段186號,2023-10-12T00:00:00+08:00,2023-10-17T00:00:00+08:00,https://tdx.transportdata.tw/api/basic/v2/Rail/Metro/Station/TRTC
TRTC-BR20,BR20,大湖公園,Dahu Park,BR,,臺北市,內湖區,25.08380500,121.60221400,114041臺北市內湖區成功路5段11號,114041臺北市內湖區成功路5段11號,2023-10-12T00:00:00+08:00,2023-10-17T00:00:00+08:00,https://tdx.transportdata.tw/api/basic/v2/Rail/Metro/Station/TRTC
TRTC-BR21,BR21,葫洲,Huzhou,BR,,臺北市,內湖區,25.07271000,121.60714600,114046臺北市內湖區康寧路3段16號,114046臺北市內湖區康寧路3段16號,2023-10-12T00:00:00+08:00,2023-10-17T00:00:00+08:00,https://tdx.transportdata.tw/api/basic/v2/Rail/Metro/Station/TRTC
TRTC-BR22,BR22,東湖,Donghu,BR,,臺北市,內湖區,25.06745500,121.61153500,114056臺北市內湖區康寧路3段235號,114056臺北市內湖區康寧路3段235號,2023-10-12T00:00:00+08:00,2023-10-17T00:00:00+08:00,https://tdx.transportdata.tw/api/basic/v2/Rail/Metro/Station/TRTC
TRTC-BR23,BR23,南港軟體園區,Nangang Software Park,BR,,臺北市,南港區,25.05991100,121.61586000,115018臺北市南港區經貿二路183號,115018臺北市南港區經貿二路183號,2023-10-12T00:00:00+08:00,2023-10-17T00:00:00+08:00,https://tdx.transportdata.tw/api/basic/v2/Rail/Metro/Station/TRTC
TRTC-BR24,BR24,南港展覽館,Taipei Nangang Exhibition Center,BR,,臺北市,南港區,25.05491900,121.61686100,文湖線：115018臺北市南港區南港路1段32號,文湖線：115018臺北市南港區南港路1段32號,2023-10-12T00:00:00+08:00,2023-10-17T00:00:00+08:00,https://tdx.transportdata.tw/api/basic/v2/Rail/Metro/Station/TRTC
TRTC-G01,G01,新店,Xindian,G,,新北市,新店區,24.95818100,121.53770000,231039新北市新店區北宜路1段2號,231039新北市新店區北宜路1段2號,2023-10-12T00:00:00+08:00,2023-10-17T00:00:00+08:00,https://tdx.transportdata.tw/api/basic/v2/Rail/Metro/Station/TRTC
TRTC-G02,G02,新店區公所,Xindian District Office,G,,新北市,新店區,24.96744000,121.54130000,231634新北市新店區北新路1段295號,231634新北市新店區北新路1段295號,2023-10-12T00:00:00+08:00,2023-10-17T00:00:00+08:00,https://tdx.transportdata.tw/api/basic/v2/Rail/Metro/Station/TRTC
TRTC-G03,G03,七張,Qizhang,G,,新北市,新店區,24.97503600,121.54312900,231007新北市新店區北新路2段150號,231007新北市新店區北新路2段150號,2023-10-12T00:00:00+08:00,2023-10-17T00:00:00+08:00,https://tdx.transportdata.tw/api/basic/v2/Rail/Metro/Station/TRTC
TRTC-G04,G04,大坪林,Dapinglin,G,,新北市,新店區,24.98272000,121.54134000,23143新北市新店區北新路3段190號,23143新北市新店區北新路3段190號,2023-10-12T00:00:00+08:00,2023-10-17T00:00:00+08:00,https://tdx.transportdata.tw/api/basic/v2/Rail/Metro/Station/TRTC
TRTC-G05,G05,景美,Jingmei,G,,臺北市,文山區,24.99282400,121.54069700,116056臺北市文山區羅斯福路6段216號,116056臺北市文山區羅斯福路6段216號,2023-10-12T00:00:00+08:00,2023-10-17T00:00:00+08:00,https://tdx.transportdata.tw/api/basic/v2/Rail/Metro/Station/TRTC
TRTC-G06,G06,萬隆,Wanlong,G,,臺北市,文山區,25.00197800,121.53900800,116060臺北市文山區羅斯福路5段214號,116060臺北市文山區羅斯福路5段214號,2023-10-12T00:00:00+08:00,2023-10-17T00:00:00+08:00,https://tdx.transportdata.tw/api/basic/v2/Rail/Metro/Station/TRTC
TRTC-G07,G07,公館,Gongguan,G,,臺北市,大安區,25.01478100,121.53435800,100046臺北市中正區羅斯福路4段64之1號B1,100046臺北市中正區羅斯福路4段64之1號B1,2023-10-12T00:00:00+08:00,2023-10-17T00:00:00+08:00,https://tdx.transportdata.tw/api/basic/v2/Rail/Metro/Station/TRTC
TRTC-G08,G08,台電大樓,Taipower Building,G,,臺北市,大安區,25.02073300,121.52814300,100043臺北市中正區羅斯福路3段126之5號B1,100043臺北市中正區羅斯福路3段126之5號B1,2023-10-12T00:00:00+08:00,2023-10-17T00:00:00+08:00,https://tdx.transportdata.tw/api/basic/v2/Rail/Metro/Station/TRTC
TRTC-G09,G09,古亭,Guting,G,,臺北市,中正區,25.02637300,121.52286800,100032臺北市中正區羅斯福路2段164之1號B1,100032臺北市中正區羅斯福路2段164之1號B1,2023-10-12T00:00:00+08:00,2023-10-17T00:00:00+08:00,https://tdx.transportdata.tw/api/basic/v2/Rail/Metro/Station/TRTC
TRTC-G10,G10,中正紀念堂,Chiang Kai-Shek Memorial Hall,G,,臺北市,中正區,25.03276700,121.51827300,100207臺北市中正區羅斯福路1段8之1號B1?,100207臺北市中正區羅斯福路1段8之1號B1?,2023-10-12T00:00:00+08:00,2023-10-17T00:00:00+08:00,https://tdx.transportdata.tw/api/basic/v2/Rail/Metro/Station/TRTC
TRTC-G11,G11,小南門,Xiaonanmen,G,,臺北市,中正區,25.03561900,121.51079800,100057臺北市中正區愛國西路22號B1,100057臺北市中正區愛國西路22號B1,2023-10-12T00:00:00+08:00,2023-10-17T00:00:00+08:00,https://tdx.transportdata.tw/api/basic/v2/Rail/Metro/Station/TRTC
TRTC-G12,G12,西門,Ximen,G,,臺北市,中正區,25.04227400,121.50851100,100005臺北市中正區寶慶路32之1號B1,100005臺北市中正區寶慶路32之1號B1,2023-10-12T00:00:00+08:00,2023-10-17T00:00:00+08:00,https://tdx.transportdata.tw/api/basic/v2/Rail/Metro/Station/TRTC
TRTC-G13,G13,北門,Beimen,G,,臺北市,大同區,25.04955400,121.51018400,103005臺北市大同區塔城街10號,103005臺北市大同區塔城街10號,2023-10-12T00:00:00+08:00,2023-10-17T00:00:00+08:00,https://tdx.transportdata.tw/api/basic/v2/Rail/Metro/Station/TRTC
TRTC-G14,G14,中山,Zhongshan,G,,臺北市,中山區,25.05262100,121.52036400,103022臺北市大同區南京西路55號,103022臺北市大同區南京西路55號,2023-10-12T00:00:00+08:00,2023-10-17T00:00:00+08:00,https://tdx.transportdata.tw/api/basic/v2/Rail/Metro/Station/TRTC
TRTC-G15,G15,松江南京,Songjiang Nanjing,G,,臺北市,中山區,25.05269300,121.53285000,104092臺北市中山區松江路126號B1,104092臺北市中山區松江路126號B1,2023-10-12T00:00:00+08:00,2023-10-17T00:00:00+08:00,https://tdx.transportdata.tw/api/basic/v2/Rail/Metro/Station/TRTC
TRTC-G16,G16,南京復興,Nanjing Fuxing,G,,臺北市,松山區,25.05204400,121.54430300,105020臺北市松山區南京東路3段253號,105020臺北市松山區南京東路3段253號,2023-10-12T00:00:00+08:00,2023-10-17T00:00:00+08:00,https://tdx.transportdata.tw/api/basic/v2/Rail/Metro/Station/TRTC
TRTC-G17,G17,台北小巨蛋,Taipei Arena,G,,臺北市,松山區,25.05152000,121.55254900,105037臺北市松山區南京東路4段10之1號,105037臺北市松山區南京東路4段10之1號,2023-10-12T00:00:00+08:00,2023-10-17T00:00:00+08:00,https://tdx.transportdata.tw/api/basic/v2/Rail/Metro/Station/TRTC
TRTC-G18,G18,南京三民,Nanjing Sanmin,G,,臺北市,松山區,25.05158800,121.56471000,105062臺北市松山區南京東路5段237號,105062臺北市松山區南京東路5段237號,2023-10-12T00:00:00+08:00,2023-10-17T00:00:00+08:00,https://tdx.transportdata.tw/api/basic/v2/Rail/Metro/Station/TRTC
TRTC-G19,G19,松山,Songshan,G,,臺北市,松山區,25.05011800,121.57770600,105057臺北市松山區八德路4段742號,105057臺北市松山區八德路4段742號,2023-10-12T00:00:00+08:00,2023-10-17T00:00:00+08:00,https://tdx.transportdata.tw/api/basic/v2/Rail/Metro/Station/TRTC
TRTC-G03A,G03A,小碧潭,Xiaobitan,G,,新北市,新店區,24.97188000,121.53058000,231222新北市新店區中央路151號4樓,231222新北市新店區中央路151號4樓,2023-10-12T00:00:00+08:00,2023-10-17T00:00:00+08:00,https://tdx.transportdata.tw/api/basic/v2/Rail/Metro/Station/TRTC
TRTC-O01,O01,南勢角,Nanshijiao,O,,新北市,中和區,24.99006500,121.50923700,235050新北市中和區捷運路6號,235050新北市中和區捷運路6號,2023-10-12T00:00:00+08:00,2023-10-17T00:00:00+08:00,https://tdx.transportdata.tw/api/basic/v2/Rail/Metro/Station/TRTC
TRTC-O02,O02,景安,Jingan,O,,新北市,中和區,24.99392000,121.50511400,23582新北市中和區景平路486號,23582新北市中和區景平路486號,2023-10-12T00:00:00+08:00,2023-10-17T00:00:00+08:00,https://tdx.transportdata.tw/api/basic/v2/Rail/Metro/Station/TRTC
TRTC-O03,O03,永安市場,Yongan Market,O,,新北市,永和區,25.00289500,121.51122500,235066新北市中和區中和路388號,235066新北市中和區中和路388號,2023-10-12T00:00:00+08:00,2023-10-17T00:00:00+08:00,https://tdx.transportdata.tw/api/basic/v2/Rail/Metro/Station/TRTC
TRTC-O04,O04,頂溪,Dingxi,O,,新北市,永和區,25.01308000,121.51539800,234016新北市永和區永和路2段168號B1,234016新北市永和區永和路2段168號B1,2023-10-12T00:00:00+08:00,2023-10-17T00:00:00+08:00,https://tdx.transportdata.tw/api/basic/v2/Rail/Metro/Station/TRTC
TRTC-O05,O05,古亭,Guting,O,,臺北市,中正區,25.02637300,121.52286800,100032臺北市中正區羅斯福路2段164之1號B1,100032臺北市中正區羅斯福路2段164之1號B1,2023-10-12T00:00:00+08:00,2023-10-17T00:00:00+08:00,https://tdx.transportdata.tw/api/basic/v2/Rail/Metro/Station/TRTC
TRTC-O06,O06,東門,Dongmen,O,,臺北市,大安區,25.03389400,121.52876600,10650臺北市大安區信義路2段166號B1,10650臺北市大安區信義路2段166號B1,2023-10-12T00:00:00+08:00,2023-10-17T00:00:00+08:00,https://tdx.transportdata.tw/api/basic/v2/Rail/Metro/Station/TRTC
TRTC-O07,O07,忠孝新生,Zhongxiao Xinsheng,O,,臺北市,大安區,25.04179700,121.53285600,106083臺北市大安區新生南路1段67號,106083臺北市大安區新生南路1段67號,2023-10-12T00:00:00+08:00,2023-10-17T00:00:00+08:00,https://tdx.transportdata.tw/api/basic/v2/Rail/Metro/Station/TRTC
TRTC-O08,O08,松江南京,Songjiang Nanjing,O,,臺北市,中山區,25.05269300,121.53285000,104092臺北市中山區松江路126號B1,104092臺北市中山區松江路126號B1,2023-10-12T00:00:00+08:00,2023-10-17T00:00:00+08:00,https://tdx.transportdata.tw/api/basic/v2/Rail/Metro/Station/TRTC
TRTC-O09,O09,行天宮,Xingtian Temple,O,,臺北市,中山區,25.05924000,121.53315000,104023臺北市中山區松江路316號B1,104023臺北市中山區松江路316號B1,2023-10-12T00:00:00+08:00,2023-10-17T00:00:00+08:00,https://tdx.transportdata.tw/api/basic/v2/Rail/Metro/Station/TRTC
TRTC-O10,O10,中山國小,Zhongshan Elementary School,O,,臺北市,中山區,25.06266500,121.52660900,104028臺北市中山區民權東路1段71號B1,104028臺北市中山區民權東路1段71號B1,2023-10-12T00:00:00+08:00,2023-10-17T00:00:00+08:00,https://tdx.transportdata.tw/api/basic/v2/Rail/Metro/Station/TRTC
TRTC-O11,O11,民權西路,Minquan W. Rd.,O,,臺北市,中山區,25.06235000,121.51958500,103045臺北市大同區民權西路72號,103045臺北市大同區民權西路72號,2023-10-12T00:00:00+08:00,2023-10-17T00:00:00+08:00,https://tdx.transportdata.tw/api/basic/v2/Rail/Metro/Station/TRTC
TRTC-O12,O12,大橋頭,Daqiaotou,O,,臺北市,大同區,25.06322000,121.51300300,103041臺北市大同區民權西路223號B1,103041臺北市大同區民權西路223號B1,2023-10-12T00:00:00+08:00,2023-10-17T00:00:00+08:00,https://tdx.transportdata.tw/api/basic/v2/Rail/Metro/Station/TRTC
TRTC-O13,O13,台北橋,Taipei Bridge,O,,新北市,三重區,25.06307500,121.50057500,241454新北市三重區重新路1段108號B1,241454新北市三重區重新路1段108號B1,2023-10-12T00:00:00+08:00,2023-10-17T00:00:00+08:00,https://tdx.transportdata.tw/api/basic/v2/Rail/Metro/Station/TRTC
TRTC-O14,O14,菜寮,Cailiao,O,,新北市,三重區,25.05980800,121.49145100,241007新北市三重區重新路3段150號B1,241007新北市三重區重新路3段150號B1,2023-10-12T00:00:00+08:00,2023-10-17T00:00:00+08:00,https://tdx.transportdata.tw/api/basic/v2/Rail/Metro/Station/TRTC
TRTC-O15,O15,三重,Sanchong,O,,新北市,三重區,25.05571000,121.48422000,241012新北市三重區捷運路36號B1,241012新北市三重區捷運路36號B1,2023-10-12T00:00:00+08:00,2023-10-17T00:00:00+08:00,https://tdx.transportdata.tw/api/basic/v2/Rail/Metro/Station/TRTC
TRTC-O16,O16,先嗇宮,Xianse Temple,O,,新北市,三重區,25.04632000,121.47165000,241017新北市三重區重新路5段515號B1,241017新北市三重區重新路5段515號B1,2023-10-12T00:00:00+08:00,2023-10-17T00:00:00+08:00,https://tdx.transportdata.tw/api/basic/v2/Rail/Metro/Station/TRTC
TRTC-O17,O17,頭前庄,Touqianzhuang,O,,新北市,新莊區,25.03986200,121.46047900,24251新北市新莊區思源路18號B1,24251新北市新莊區思源路18號B1,2023-10-12T00:00:00+08:00,2023-10-17T00:00:00+08:00,https://tdx.transportdata.tw/api/basic/v2/Rail/Metro/Station/TRTC
TRTC-O18,O18,新莊,Xinzhuang,O,,新北市,新莊區,25.03608000,121.45218000,242008新北市新莊區中正路138號B1,242008新北市新莊區中正路138號B1,2023-10-12T00:00:00+08:00,2023-10-17T00:00:00+08:00,https://tdx.transportdata.tw/api/basic/v2/Rail/Metro/Station/TRTC
TRTC-O19,O19,輔大,Fu Jen University,O,,新北市,新莊區,25.03279000,121.43573500,242062新北市新莊區中正路510之1號B1,242062新北市新莊區中正路510之1號B1,2023-10-12T00:00:00+08:00,2023-10-17T00:00:00+08:00,https://tdx.transportdata.tw/api/basic/v2/Rail/Metro/Station/TRTC
TRTC-O20,O20,丹鳳,Danfeng,O,,新北市,新莊區,25.02907300,121.42242200,242048新北市新莊區中正路624之1號B1,242048新北市新莊區中正路624之1號B1,2023-10-12T00:00:00+08:00,2023-10-17T00:00:00+08:00,https://tdx.transportdata.tw/api/basic/v2/Rail/Metro/Station/TRTC
TRTC-O21,O21,迴龍,Huilong,O,,新北市,新莊區,25.02210700,121.41175700,242052新北市新莊區中正路758號B1,242052新北市新莊區中正路758號B1,2023-10-12T00:00:00+08:00,2023-10-17T00:00:00+08:00,https://tdx.transportdata.tw/api/basic/v2/Rail/Metro/Station/TRTC
TRTC-O50,O50,三重國小,Sanchong Elementary School,O,,新北市,三重區,25.07027500,121.49701000,241054新北市三重區三和路3段5號B1,241054新北市三重區三和路3段5號B1,2023-10-12T00:00:00+08:00,2023-10-17T00:00:00+08:00,https://tdx.transportdata.tw/api/basic/v2/Rail/Metro/Station/TRTC
TRTC-O51,O51,三和國中,Sanhe Junior High School,O,,新北市,三重區,25.07679400,121.48645500,241080新北市三重區三和路4段107號B1,241080新北市三重區三和路4段107號B1,2023-10-12T00:00:00+08:00,2023-10-17T00:00:00+08:00,https://tdx.transportdata.tw/api/basic/v2/Rail/Metro/Station/TRTC
TRTC-O52,O52,徐匯中學,St.lgnatius High School,O,,新北市,蘆洲區,25.08048500,121.47994500,247019新北市蘆洲區中山一路3號B1,247019新北市蘆洲區中山一路3號B1,2023-10-12T00:00:00+08:00,2023-10-17T00:00:00+08:00,https://tdx.transportdata.tw/api/basic/v2/Rail/Metro/Station/TRTC
TRTC-O53,O53,三民高中,Sanmin Senior High School,O,,新北市,蘆洲區,25.08542500,121.47336500,247010新北市蘆洲區三民路105號B1,247010新北市蘆洲區三民路105號B1,2023-10-12T00:00:00+08:00,2023-10-17T00:00:00+08:00,https://tdx.transportdata.tw/api/basic/v2/Rail/Metro/Station/TRTC
TRTC-O54,O54,蘆洲,Luzhou,O,,新北市,蘆洲區,25.09152000,121.46471000,247011新北市蘆洲區三民路386號B1,247011新北市蘆洲區三民路386號B1,2023-10-12T00:00:00+08:00,2023-10-17T00:00:00+08:00,https://tdx.transportdata.tw/api/basic/v2/Rail/Metro/Station/TRTC
TRTC-R02,R02,象山,Xiangshan,R,,臺北市,信義區,25.03281600,121.57008000,110022臺北市信義區信義路5段152號B1,110022臺北市信義區信義路5段152號B1,2023-10-12T00:00:00+08:00,2023-10-17T00:00:00+08:00,https://tdx.transportdata.tw/api/basic/v2/Rail/Metro/Station/TRTC
TRTC-R03,R03,台北101/世貿,Taipei 101/World Trade Center,R,,臺北市,信義區,25.03302800,121.56275500,110013臺北市信義區信義路5段20號B1,110013臺北市信義區信義路5段20號B1,2023-10-12T00:00:00+08:00,2023-10-17T00:00:00+08:00,https://tdx.transportdata.tw/api/basic/v2/Rail/Metro/Station/TRTC
TRTC-R04,R04,信義安和,Xinyi Anhe,R,,臺北市,大安區,25.03331000,121.55265000,106049臺北市大安區信義路4段212之1號B1,106049臺北市大安區信義路4段212之1號B1,2023-10-12T00:00:00+08:00,2023-10-17T00:00:00+08:00,https://tdx.transportdata.tw/api/basic/v2/Rail/Metro/Station/TRTC
TRTC-R05,R05,大安,Daan,R,,臺北市,大安區,25.03331100,121.54237000,106028臺北市大安區信義路3段180號B1,106028臺北市大安區信義路3段180號B1,2023-10-12T00:00:00+08:00,2023-10-17T00:00:00+08:00,https://tdx.transportdata.tw/api/basic/v2/Rail/Metro/Station/TRTC
TRTC-R06,R06,大安森林公園,Daan Park,R,,臺北市,大安區,25.03322500,121.53615100,106008臺北市大安區信義路3段100號B1,106008臺北市大安區信義路3段100號B1,2023-10-12T00:00:00+08:00,2023-10-17T00:00:00+08:00,https://tdx.transportdata.tw/api/basic/v2/Rail/Metro/Station/TRTC
TRTC-R07,R07,東門,Dongmen,R,,臺北市,大安區,25.03389400,121.52876600,106007臺北市大安區信義路2段166號B1,106007臺北市大安區信義路2段166號B1,2023-10-12T00:00:00+08:00,2023-10-17T00:00:00+08:00,https://tdx.transportdata.tw/api/basic/v2/Rail/Metro/Station/TRTC
TRTC-R08,R08,中正紀念堂,Chiang Kai-Shek Memorial Hall,R,,臺北市,中正區,25.03276700,121.51827300,100207臺北市中正區羅斯福路1段8之1號B1?,100207臺北市中正區羅斯福路1段8之1號B1?,2023-10-12T00:00:00+08:00,2023-10-17T00:00:00+08:00,https://tdx.transportdata.tw/api/basic/v2/Rail/Metro/Station/TRTC
TRTC-R09,R09,台大醫院,NTU Hospital,R,,臺北市,中正區,25.04139900,121.51602000,100006臺北市中正區公園路52號B1,100006臺北市中正區公園路52號B1,2023-10-12T00:00:00+08:00,2023-10-17T00:00:00+08:00,https://tdx.transportdata.tw/api/basic/v2/Rail/Metro/Station/TRTC
TRTC-R10,R10,台北車站,Taipei Main Station,R,,臺北市,中正區,25.04631000,121.51741500,100009臺北市中正區忠孝西路1段49號,100009臺北市中正區忠孝西路1段49號,2023-10-12T00:00:00+08:00,2023-10-17T00:00:00+08:00,https://tdx.transportdata.tw/api/basic/v2/Rail/Metro/Station/TRTC
TRTC-R11,R11,中山,Zhongshan,R,,臺北市,中山區,25.05262100,121.52036400,103014臺北市大同區南京西路16號,103014臺北市大同區南京西路16號,2023-10-12T00:00:00+08:00,2023-10-17T00:00:00+08:00,https://tdx.transportdata.tw/api/basic/v2/Rail/Metro/Station/TRTC
TRTC-R12,R12,雙連,Shuanglian,R,,臺北市,中山區,25.05757500,121.52068500,103018臺北市大同區民生西路47號,103018臺北市大同區民生西路47號,2023-10-12T00:00:00+08:00,2023-10-17T00:00:00+08:00,https://tdx.transportdata.tw/api/basic/v2/Rail/Metro/Station/TRTC
TRTC-R13,R13,民權西路,Minquan W. Rd.,R,,臺北市,中山區,25.06235000,121.51958500,103045臺北市大同區民權西路72號,103045臺北市大同區民權西路72號,2023-10-12T00:00:00+08:00,2023-10-17T00:00:00+08:00,https://tdx.transportdata.tw/api/basic/v2/Rail/Metro/Station/TRTC
TRTC-R14,R14,圓山,Yuanshan,R,,臺北市,中山區,25.07140900,121.52007400,103032臺北市大同區酒泉街9之1號,103032臺北市大同區酒泉街9之1號,2023-10-12T00:00:00+08:00,2023-10-17T00:00:00+08:00,https://tdx.transportdata.tw/api/basic/v2/Rail/Metro/Station/TRTC
TRTC-R15,R15,劍潭,Jiantan,R,,臺北市,士林區,25.08420100,121.52495500,111011臺北市士林區中山北路5段65號,111011臺北市士林區中山北路5段65號,2023-10-12T00:00:00+08:00,2023-10-17T00:00:00+08:00,https://tdx.transportdata.tw/api/basic/v2/Rail/Metro/Station/TRTC
TRTC-R16,R16,士林,Shilin,R,,臺北市,士林區,25.09349200,121.52623000,111012臺北市士林區福德路1號,111012臺北市士林區福德路1號,2023-10-12T00:00:00+08:00,2023-10-17T00:00:00+08:00,https://tdx.transportdata.tw/api/basic/v2/Rail/Metro/Station/TRTC
TRTC-R17,R17,芝山,Zhishan,R,,臺北市,士林區,25.10271800,121.52254600,111031臺北市士林區福國路70號,111031臺北市士林區福國路70號,2023-10-12T00:00:00+08:00,2023-10-17T00:00:00+08:00,https://tdx.transportdata.tw/api/basic/v2/Rail/Metro/Station/TRTC
TRTC-R18,R18,明德,Mingde,R,,臺北市,北投區,25.10981500,121.51878500,112038臺北市北投區明德路95號,112038臺北市北投區明德路95號,2023-10-12T00:00:00+08:00,2023-10-17T00:00:00+08:00,https://tdx.transportdata.tw/api/basic/v2/Rail/Metro/Station/TRTC
TRTC-R19,R19,石牌,Shipai,R,,臺北市,北投區,25.11445500,121.51557200,112052臺北市北投區石牌路1段200號,112052臺北市北投區石牌路1段200號,2023-10-12T00:00:00+08:00,2023-10-17T00:00:00+08:00,https://tdx.transportdata.tw/api/basic/v2/Rail/Metro/Station/TRTC
TRTC-R20,R20,唭哩岸,Qilian,R,,臺北市,北投區,25.12085200,121.50623400,112025臺北市北投區東華街2段301號,112025臺北市北投區東華街2段301號,2023-10-12T00:00:00+08:00,2023-10-17T00:00:00+08:00,https://tdx.transportdata.tw/api/basic/v2/Rail/Metro/Station/TRTC
TRTC-R21,R21,奇岩,Qiyan,R,,臺北市,北投區,25.12547000,121.50114000,112057臺北市北投區三合街2段489號,112057臺北市北投區三合街2段489號,2023-10-12T00:00:00+08:00,2023-10-17T00:00:00+08:00,https://tdx.transportdata.tw/api/basic/v2/Rail/Metro/Station/TRTC
TRTC-R22,R22,北投,Beitou,R,,臺北市,北投區,25.13181900,121.49864800,112006臺北市北投區光明路1號,112006臺北市北投區光明路1號,2023-10-12T00:00:00+08:00,2023-10-17T00:00:00+08:00,https://tdx.transportdata.tw/api/basic/v2/Rail/Metro/Station/TRTC
TRTC-R23,R23,復興崗,Fuxinggang,R,,臺北市,北投區,25.13747400,121.48545700,112054臺北市北投區中央北路3段53巷10號,112054臺北市北投區中央北路3段53巷10號,2023-10-12T00:00:00+08:00,2023-10-17T00:00:00+08:00,https://tdx.transportdata.tw/api/basic/v2/Rail/Metro/Station/TRTC
TRTC-R24,R24,忠義,Zhongyi,R,,臺北市,北投區,25.13104100,121.47329300,112017臺北市北投區中央北路4段301號,112017臺北市北投區中央北路4段301號,2023-10-12T00:00:00+08:00,2023-10-17T00:00:00+08:00,https://tdx.transportdata.tw/api/basic/v2/Rail/Metro/Station/TRTC
TRTC-R25,R25,關渡,Guandu,R,,臺北市,北投區,25.12563000,121.46710000,112021臺北市北投區大度路3段296巷51號,112021臺北市北投區大度路3段296巷51號,2023-10-12T00:00:00+08:00,2023-10-17T00:00:00+08:00,https://tdx.transportdata.tw/api/basic/v2/Rail/Metro/Station/TRTC
TRTC-R26,R26,竹圍,Zhuwei,R,,新北市,淡水區,25.13690000,121.45955000,251033新北市淡水區民權路50號,251033新北市淡水區民權路50號,2023-10-12T00:00:00+08:00,2023-10-17T00:00:00+08:00,https://tdx.transportdata.tw/api/basic/v2/Rail/Metro/Station/TRTC
TRTC-R27,R27,紅樹林,Hongshulin,R,,新北市,淡水區,25.15399000,121.45880000,251033新北市淡水區中正東路2段68號,251033新北市淡水區中正東路2段68號,2023-10-12T00:00:00+08:00,2023-10-17T00:00:00+08:00,https://tdx.transportdata.tw/api/basic/v2/Rail/Metro/Station/TRTC
TRTC-R28,R28,淡水,Tamsui,R,,新北市,淡水區,25.16774500,121.44580500,251018新北市淡水區中正路1號,251018新北市淡水區中正路1號,2023-10-12T00:00:00+08:00,2023-10-17T00:00:00+08:00,https://tdx.transportdata.tw/api/basic/v2/Rail/Metro/Station/TRTC
TRTC-R22A,R22A,新北投,Xinbeitou,R,,臺北市,北投區,25.13693100,121.50259500,112028臺北市北投區大業路700號,112028臺北市北投區大業路700號,2023-10-12T00:00:00+08:00,2023-10-17T00:00:00+08:00,https://tdx.transportdata.tw/api/basic/v2/Rail/Metro/Station/TRTC
