target_domain_evidence_rank,candidate_generation_rank,source_occupation_code,source_occupation_name,target_domain,target_occupation_code,target_occupation_name,target_occupation_description,candidate_generation_method,target_domain_primary_signal,target_domain_retrieval_score,target_domain_strong_hits,target_domain_technology_hits,target_domain_healthcare_hits,target_domain_concept_tags,candidate_generation_evidence,skill_similarity,transferable_skill_coverage,target_skill_gap,target_domain_technology_coverage,target_domain_technology_gap,transition_span,related_support,related_tier,related_index,source_job_zone,target_job_zone,job_zone_difference,source_modal_education,target_modal_education,target_master_plus_share,target_doctoral_professional_share,education_barrier,education_barrier_notes,training_experience_barrier,training_experience_barrier_notes,credential_barrier,professional_certification_importance,same_major_group,same_occupation_family,onet_related_support,taxonomy_distance_level,taiwanjobs_occupation,matched_titles,mapping_method,mapping_score,mapping_confidence,manual_review_needed,matched_job_count,total_demand_persons,salary_lower_median,salary_upper_median,salary_basis,education_requirement_distribution,experience_requirement_distribution,main_job_locations,market_validation,shared_top_skills,missing_skills,mobility_value_signal,feasibility_flag,feasibility_level,feasibility_notes,hidden_path_candidate
1,33,29-1141.00,Registered Nurses,Technology / AI,11-9121.01,Clinical Research Coordinators,"Plan, direct, or coordinate clinical research projects. Direct the activities of workers engaged in clinical research projects to ensure compliance with protocols and overall clinical objectives. May evaluate and analyze clinical data.",deterministic_onet_target_domain_keyword_retrieval_v1,explicit_health_technology,46.8,clinical data; medical records,analysis; data; information; software; statistics; systems; technologies; web,clinical; device; health; medical; medicine; patient; records,clinical_health_informatics; health_data; software_application,"title: strong=; tech=; health=clinical | description: strong=clinical data; tech=data; health=clinical | tasks: strong=medical records; tech=data,information; health=clinical,device,health,medical,patient,records | skill_knowledge: strong=; tech=; health=medicine | software: strong=clinical data; tech=analysis,data,software,statistics,systems,technologies; health=clinical,medical,patient",0.985976,0.974813,0.088704,0.96,0.12,High skill reuse,no,,,4,4,0,Bachelor's Degree,Bachelor's Degree,6.1,1.27,low,no major upward education signal,low,related work experience +0.8 categories,low,2.65,no,no,no,Distant category,系統分析師; 檔案資料管理人員; 市場調查/市調分析; 統計精算人員; 業務助理; 診所助理,校務研究辦公室 誠徵資料分析專員(碩士級); 檔案管理人員【115 年度公文書發文寄送暨檔案管理業務勞務採購案】; 行政助理＋文編助理; 市場研究分析員; 約聘研究員; 企劃暨精算部-辦事員; 台灣區(台北)業務部助理; 醫療助理,deterministic_keyword_field_weight_v1,0.77,Medium,yes,8,14,35000,45500,monthly_only_excludes_hourly_daily_piece_and_negotiated,大學:3; 碩士:2; 高中:2; 專科:1,無:7; 1年以上:1,台北市中山區:3; 台北市大安區:1; 台北市不限:1; 台北市信義區:1; 台北市松山區:1; 台北市中正區:1,Moderate,Customer and Personal Service (knowledge: 4.27); Active Listening (essential_skill: 4.00); Reading Comprehension (essential_skill: 3.88); Coordination (transferable_skill: 3.88); Speaking (essential_skill: 3.88); English Language (knowledge: 3.77); Critical Thinking (essential_skill: 3.75); Writing (essential_skill: 3.75),"Management of Personnel Resources (transferable_skill: target 3.50, RN 2.62)",possible_downward_or_low_value_mobility:lower_salary; job_zone_diff 0,candidate,Adjacent candidate,Target-domain candidate with high nursing skill reuse and no exclusionary preparation barrier.,yes
2,4,29-1141.00,Registered Nurses,Technology / AI,15-1299.02,Geographic Information Systems Technologists and Technicians,"Assist scientists or related professionals in building, maintaining, modifying, or using geographic information systems (GIS) databases. May also perform some custom application development or provide user support.",deterministic_onet_target_domain_keyword_retrieval_v1,core_technology_soc,95.5,database; information systems; technical support; user support,analysis; computer; data; database; digital; information; programming; software; statistical; support; systems; technology; web,,software_application; technology_support; core_technology,"title: strong=information systems; tech=information,systems; health= | description: strong=information systems,database,user support; tech=data,database,information,systems,support; health= | tasks: strong=information systems,database,technical support; tech=analysis,computer,data,database,digital,information; health= | skill_knowledge: strong=; tech=computer,technology; health= | software: strong=; tech=computer,data,information,software,statistical,systems; health=",0.947701,0.89514,0.37,0.616976,1.3425,Partial skill reuse,no,,,4,4,0,Bachelor's Degree,unknown,,,unknown,no O*NET required-level-of-education distribution available,low,related work experience +1.3 categories,low,2.8,no,no,no,Distant category,MIS╱網管類人員; 資訊設備管制人員; MIS程式設計師; FAE工程師; 資訊助理員; 助理工程師,MIS工程師_台北; (9/16徵才)應用運維副工程_ IT; M023 系統工程師(資訊科技部); MIS程式設計師-台北市; 資訊處-程式設計師; 技術支援工程師; 資訊MIS工程師助理; MIS-ERP軟體工程師(A),deterministic_keyword_field_weight_v1,1.0,High,no,46,90,35000,42000,monthly_only_excludes_hourly_daily_piece_and_negotiated,專科:19; 大學:12; 高中:7; 高職:4; 不拘:3; 碩士:1,無:30; 1年以上:10; 2年以上:3; 3年以上:2; 5年以上:1,台北市內湖區:12; 台北市大安區:9; 台北市信義區:7; 台北市北投區:3; 台北市中正區:3; 台北市中山區:3; 台北市松山區:2; 台北市南港區:2,Strong,Reading Comprehension (essential_skill: 3.88); Critical Thinking (essential_skill: 3.62); English Language (knowledge: 3.53); Active Listening (essential_skill: 3.50); Complex Problem Solving (transferable_skill: 3.50); Monitoring (essential_skill: 3.38); Speaking (essential_skill: 3.38); Writing (essential_skill: 3.38),"Geography (knowledge: target 4.40, RN 1.21)",possible_downward_or_low_value_mobility:lower_salary; job_zone_diff 0,review,Bridge candidate,Target-domain candidate that needs further validation; skill reuse may be partial or require major reskilling.,no
3,8,29-1141.00,Registered Nurses,Technology / AI,15-1242.00,Database Administrators,"Administer, test, and implement computer databases, applying knowledge of database management systems. Coordinate changes to computer databases. Identify, investigate, and resolve database performance issues, database capacity, and database scalability. May plan, coordinate, and implement security measures to safeguard computer databases.",deterministic_onet_target_domain_keyword_retrieval_v1,core_technology_soc,87.2,computer systems; database; technical support,analysis; computer; data; database; information; network; product; programming; security; software; support; systems; technologies; technology; web,records,software_application; technology_support; core_technology,"title: strong=database; tech=data,database; health= | description: strong=database; tech=computer,data,database,security,systems; health= | tasks: strong=computer systems,database,technical support; tech=computer,data,database,information,security,software; health=records | skill_knowledge: strong=; tech=analysis,computer,programming,systems,technology; health= | software: strong=; tech=analysis,computer,data,network,programming,software; health=",0.954011,0.890551,0.385694,0.714423,0.987778,Partial skill reuse,no,,,4,4,0,Bachelor's Degree,Bachelor's Degree,1.29,0.0,low,no major upward education signal,medium,related work experience +1.8 categories,low,2.28,no,no,no,Distant category,MIS╱網管類人員; 資訊設備管制人員; MIS程式設計師; FAE工程師; 資訊助理員; 助理工程師,MIS工程師_台北; (9/16徵才)應用運維副工程_ IT; M023 系統工程師(資訊科技部); MIS程式設計師-台北市; 資訊處-程式設計師; 技術支援工程師; 資訊MIS工程師助理; MIS-ERP軟體工程師(A),deterministic_keyword_field_weight_v1,1.0,High,no,46,90,35000,42000,monthly_only_excludes_hourly_daily_piece_and_negotiated,專科:19; 大學:12; 高中:7; 高職:4; 不拘:3; 碩士:1,無:30; 1年以上:10; 2年以上:3; 3年以上:2; 5年以上:1,台北市內湖區:12; 台北市大安區:9; 台北市信義區:7; 台北市北投區:3; 台北市中正區:3; 台北市中山區:3; 台北市松山區:2; 台北市南港區:2,Strong,English Language (knowledge: 3.96); Customer and Personal Service (knowledge: 3.93); Critical Thinking (essential_skill: 3.88); Judgment and Decision Making (transferable_skill: 3.75); Active Listening (essential_skill: 3.75); Reading Comprehension (essential_skill: 3.75); Complex Problem Solving (transferable_skill: 3.50); Active Learning (essential_skill: 3.50),"Computers and Electronics (knowledge: target 4.79, RN 2.59); Engineering and Technology (knowledge: target 3.51, RN 1.51)",possible_downward_or_low_value_mobility:lower_salary; job_zone_diff 0,review,Bridge candidate,Target-domain candidate that needs further validation; skill reuse may be partial or require major reskilling.,no
4,10,29-1141.00,Registered Nurses,Technology / AI,15-1243.00,Database Architects,"Design strategies for enterprise databases, data warehouse systems, and multidimensional networks. Set standards for database operations, programming, query processes, and security. Model, design, and construct large relational databases or data warehouses. Create and optimize data models for warehouse infrastructure and workflow. Integrate new systems with existing warehouse structure and refine system performance and functionality.",deterministic_onet_target_domain_keyword_retrieval_v1,core_technology_soc,86.0,database; technical support,analysis; computer; data; database; information; network; product; programming; security; software; support; systems; technologies; technology; web,,software_application; technology_support; core_technology,"title: strong=database; tech=data,database; health= | description: strong=database; tech=data,database,network,programming,security,systems; health= | tasks: strong=database,technical support; tech=computer,data,database,information,security,software; health= | skill_knowledge: strong=; tech=analysis,computer,programming,systems,technology; health= | software: strong=; tech=computer,data,information,network,programming,software; health=",0.94182,0.828137,0.62203,0.660404,1.193,Partial skill reuse,no,,,4,4,0,Bachelor's Degree,Bachelor's Degree,14.29,0.0,low,weighted education category +1.1,medium,related work experience +2.8 categories,low,2.52,no,no,no,Distant category,MIS╱網管類人員; 資訊設備管制人員; MIS程式設計師; FAE工程師; 資訊助理員; 助理工程師,MIS工程師_台北; (9/16徵才)應用運維副工程_ IT; M023 系統工程師(資訊科技部); MIS程式設計師-台北市; 資訊處-程式設計師; 技術支援工程師; 資訊MIS工程師助理; MIS-ERP軟體工程師(A),deterministic_keyword_field_weight_v1,1.0,High,no,46,90,35000,42000,monthly_only_excludes_hourly_daily_piece_and_negotiated,專科:19; 大學:12; 高中:7; 高職:4; 不拘:3; 碩士:1,無:30; 1年以上:10; 2年以上:3; 3年以上:2; 5年以上:1,台北市內湖區:12; 台北市大安區:9; 台北市信義區:7; 台北市北投區:3; 台北市中正區:3; 台北市中山區:3; 台北市松山區:2; 台北市南港區:2,Strong,Reading Comprehension (essential_skill: 3.88); Judgment and Decision Making (transferable_skill: 3.88); Critical Thinking (essential_skill: 3.88); Speaking (essential_skill: 3.50); Complex Problem Solving (transferable_skill: 3.50); Active Listening (essential_skill: 3.50); Mathematics (knowledge: 3.43); Active Learning (essential_skill: 3.25),"Engineering and Technology (knowledge: target 3.95, RN 1.51); Design (knowledge: target 3.71, RN 1.29)",possible_downward_or_low_value_mobility:lower_salary; job_zone_diff 0,review,Bridge candidate,Target-domain candidate that needs further validation; skill reuse may be partial or require major reskilling.,no
5,11,29-1141.00,Registered Nurses,Technology / AI,15-1244.00,Network and Computer Systems Administrators,"Install, configure, and maintain an organization's local area network (LAN), wide area network (WAN), data communications network, operating systems, and physical and virtual servers. Perform system monitoring and verify the integrity and availability of hardware, network, and server resources and systems. Review system and application logs and verify completion of scheduled jobs, including system backups. Analyze network and server resource consumption and control user access. Install and upgrade software and maintain software licenses. May assist in network modeling, analysis, planning, and coordination between network and data communications hardware and software.",deterministic_onet_target_domain_keyword_retrieval_v1,core_technology_soc,79.7,computer systems; technical support,analysis; computer; data; information; network; programming; security; software; support; systems; technologies; web,records,software_application; technology_support; core_technology,"title: strong=computer systems; tech=computer,network,systems; health= | description: strong=; tech=analysis,data,network,software,systems; health= | tasks: strong=computer systems,technical support; tech=computer,data,information,network,security,software; health=records | skill_knowledge: strong=; tech=analysis,computer,programming,systems; health= | software: strong=; tech=analysis,data,network,programming,software,systems; health=",0.940895,0.857568,0.496972,0.607831,1.446667,Partial skill reuse,no,,,4,3,-1,Bachelor's Degree,unknown,,,unknown,no O*NET required-level-of-education distribution available,medium,related work experience +1.6 categories,medium,3.77,no,no,no,Distant category,MIS╱網管類人員; 資訊設備管制人員; MIS程式設計師; FAE工程師; 資訊助理員; 助理工程師,MIS工程師_台北; (9/16徵才)應用運維副工程_ IT; M023 系統工程師(資訊科技部); MIS程式設計師-台北市; 資訊處-程式設計師; 技術支援工程師; 資訊MIS工程師助理; MIS-ERP軟體工程師(A),deterministic_keyword_field_weight_v1,1.0,High,no,46,90,35000,42000,monthly_only_excludes_hourly_daily_piece_and_negotiated,專科:19; 大學:12; 高中:7; 高職:4; 不拘:3; 碩士:1,無:30; 1年以上:10; 2年以上:3; 3年以上:2; 5年以上:1,台北市內湖區:12; 台北市大安區:9; 台北市信義區:7; 台北市北投區:3; 台北市中正區:3; 台北市中山區:3; 台北市松山區:2; 台北市南港區:2,Strong,Active Listening (essential_skill: 4.00); Reading Comprehension (essential_skill: 3.88); Judgment and Decision Making (transferable_skill: 3.88); Critical Thinking (essential_skill: 3.88); Monitoring (essential_skill: 3.75); Complex Problem Solving (transferable_skill: 3.50); Customer and Personal Service (knowledge: 3.37); English Language (knowledge: 3.37),"Troubleshooting (transferable_skill: target 4.00, RN 1.88)",possible_downward_or_low_value_mobility:lower_salary; job_zone_diff -1,review,Bridge candidate,Target-domain candidate that needs further validation; skill reuse may be partial or require major reskilling.,no
6,12,29-1141.00,Registered Nurses,Technology / AI,11-3021.00,Computer and Information Systems Managers,"Plan, direct, or coordinate activities in such fields as electronic data processing, information systems, systems analysis, and computer programming.",deterministic_onet_target_domain_keyword_retrieval_v1,technology_title,77.0,information systems; technical support,analysis; analytics; computer; data; information; network; programming; security; software; support; systems; technology; web,,software_application; technology_support,"title: strong=information systems; tech=computer,information,systems; health= | description: strong=information systems; tech=analysis,computer,data,information,programming,systems; health= | tasks: strong=technical support; tech=computer,data,information,security,software,systems; health= | skill_knowledge: strong=; tech=analysis,computer,systems,technology; health= | software: strong=; tech=analytics,data,information,network,programming,security; health=",0.956653,0.887844,0.399772,0.728222,0.967143,Partial skill reuse,no,,,4,4,0,Bachelor's Degree,Bachelor's Degree,14.36,0.0,low,no major upward education signal,medium,related work experience +3.4 categories,low,,no,no,no,Distant category,MIS╱網管類人員; 資訊設備管制人員; MIS程式設計師; FAE工程師; 資訊助理員; 助理工程師,MIS工程師_台北; (9/16徵才)應用運維副工程_ IT; M023 系統工程師(資訊科技部); MIS程式設計師-台北市; 資訊處-程式設計師; 技術支援工程師; 資訊MIS工程師助理; MIS-ERP軟體工程師(A),deterministic_keyword_field_weight_v1,1.0,High,no,46,90,35000,42000,monthly_only_excludes_hourly_daily_piece_and_negotiated,專科:19; 大學:12; 高中:7; 高職:4; 不拘:3; 碩士:1,無:30; 1年以上:10; 2年以上:3; 3年以上:2; 5年以上:1,台北市內湖區:12; 台北市大安區:9; 台北市信義區:7; 台北市北投區:3; 台北市中正區:3; 台北市中山區:3; 台北市松山區:2; 台北市南港區:2,Strong,Customer and Personal Service (knowledge: 4.05); Critical Thinking (essential_skill: 4.00); Active Listening (essential_skill: 4.00); Reading Comprehension (essential_skill: 3.88); Speaking (essential_skill: 3.88); Judgment and Decision Making (transferable_skill: 3.88); Writing (essential_skill: 3.75); Coordination (transferable_skill: 3.75),"Computers and Electronics (knowledge: target 4.77, RN 2.59); Engineering and Technology (knowledge: target 3.50, RN 1.51)",possible_downward_or_low_value_mobility:lower_salary; job_zone_diff 0,review,Bridge candidate,Target-domain candidate that needs further validation; skill reuse may be partial or require major reskilling.,no
7,14,29-1141.00,Registered Nurses,Technology / AI,15-1211.00,Computer Systems Analysts,"Analyze science, engineering, business, and other data processing problems to develop and implement solutions to complex applications problems, system administration issues, or network concerns. Perform systems management and integration functions, improve existing computer systems, and review computer system capabilities, workflow, and schedule limitations. May analyze or recommend commercially available software.",deterministic_onet_target_domain_keyword_retrieval_v1,core_technology_soc,75.5,computer systems,analysis; computer; data; information; network; product; programming; software; systems; technology; web,,software_application; technology_support; core_technology,"title: strong=computer systems; tech=computer,systems; health= | description: strong=computer systems; tech=computer,data,network,software,systems; health= | tasks: strong=computer systems; tech=analysis,computer,data,information,programming,software; health= | skill_knowledge: strong=; tech=analysis,computer,programming,systems; health= | software: strong=; tech=analysis,data,network,programming,software,web; health=",0.955789,0.916917,0.285658,0.75122,0.85,Partial skill reuse,no,,,4,4,0,Bachelor's Degree,Associate's Degree or other 2-year degree,1.42,0.0,low,no major upward education signal,low,related work experience +1.0 categories,low,2.22,no,no,no,Distant category,MIS╱網管類人員; 資訊設備管制人員; MIS程式設計師; FAE工程師; 資訊助理員; 助理工程師,MIS工程師_台北; (9/16徵才)應用運維副工程_ IT; M023 系統工程師(資訊科技部); MIS程式設計師-台北市; 資訊處-程式設計師; 技術支援工程師; 資訊MIS工程師助理; MIS-ERP軟體工程師(A),deterministic_keyword_field_weight_v1,1.0,High,no,46,90,35000,42000,monthly_only_excludes_hourly_daily_piece_and_negotiated,專科:19; 大學:12; 高中:7; 高職:4; 不拘:3; 碩士:1,無:30; 1年以上:10; 2年以上:3; 3年以上:2; 5年以上:1,台北市內湖區:12; 台北市大安區:9; 台北市信義區:7; 台北市北投區:3; 台北市中正區:3; 台北市中山區:3; 台北市松山區:2; 台北市南港區:2,Strong,Speaking (essential_skill: 4.00); Reading Comprehension (essential_skill: 3.88); Active Listening (essential_skill: 3.75); Critical Thinking (essential_skill: 3.75); Customer and Personal Service (knowledge: 3.70); Judgment and Decision Making (transferable_skill: 3.62); Active Learning (essential_skill: 3.50); English Language (knowledge: 3.48),"Computers and Electronics (knowledge: target 4.63, RN 2.59)",possible_downward_or_low_value_mobility:lower_salary; job_zone_diff 0,review,Bridge candidate,Target-domain candidate that needs further validation; skill reuse may be partial or require major reskilling.,no
8,15,29-1141.00,Registered Nurses,Technology / AI,15-1299.05,Information Security Engineers,"Develop and oversee the implementation of information security procedures and policies. Build, maintain and upgrade security technology, such as firewalls, for the safe use of computer networks and the transmission and retrieval of information. Design and implement appropriate security controls to identify vulnerabilities and protect digital files and electronic infrastructures. Monitor and respond to computer security breaches, viruses, and intrusions, and perform forensic investigation. May oversee the assessment of information security systems.",deterministic_onet_target_domain_keyword_retrieval_v1,core_technology_soc,75.0,cybersecurity; information systems; technical support,analysis; computer; data; digital; information; network; product; programming; security; software; support; systems; technology; web,,software_application; technology_support; core_technology,"title: strong=; tech=information,security; health= | description: strong=; tech=computer,digital,information,network,security,systems; health= | tasks: strong=cybersecurity,technical support; tech=analysis,computer,data,information,network,security; health= | skill_knowledge: strong=; tech=analysis,computer,programming,systems,technology; health= | software: strong=information systems; tech=analysis,data,information,network,security,software; health=",0.949037,0.864565,0.486762,0.665479,1.207143,Partial skill reuse,no,,,4,4,0,Bachelor's Degree,Bachelor's Degree,5.26,0.0,low,no major upward education signal,medium,related work experience +1.7 categories,medium,3.79,no,no,no,Distant category,MIS╱網管類人員; 資訊設備管制人員; MIS程式設計師; FAE工程師; 資訊助理員; 助理工程師,MIS工程師_台北; (9/16徵才)應用運維副工程_ IT; M023 系統工程師(資訊科技部); MIS程式設計師-台北市; 資訊處-程式設計師; 技術支援工程師; 資訊MIS工程師助理; MIS-ERP軟體工程師(A),deterministic_keyword_field_weight_v1,1.0,High,no,46,90,35000,42000,monthly_only_excludes_hourly_daily_piece_and_negotiated,專科:19; 大學:12; 高中:7; 高職:4; 不拘:3; 碩士:1,無:30; 1年以上:10; 2年以上:3; 3年以上:2; 5年以上:1,台北市內湖區:12; 台北市大安區:9; 台北市信義區:7; 台北市北投區:3; 台北市中正區:3; 台北市中山區:3; 台北市松山區:2; 台北市南港區:2,Strong,Critical Thinking (essential_skill: 4.00); Reading Comprehension (essential_skill: 3.88); Active Listening (essential_skill: 3.88); Writing (essential_skill: 3.62); Monitoring (essential_skill: 3.62); English Language (knowledge: 3.53); Speaking (essential_skill: 3.50); Judgment and Decision Making (transferable_skill: 3.25),"Engineering and Technology (knowledge: target 4.00, RN 1.51); Computers and Electronics (knowledge: target 4.63, RN 2.59)",possible_downward_or_low_value_mobility:lower_salary; job_zone_diff 0,review,Bridge candidate,Target-domain candidate that needs further validation; skill reuse may be partial or require major reskilling.,no
9,16,29-1141.00,Registered Nurses,Technology / AI,15-1252.00,Software Developers,"Research, design, and develop computer and network software or specialized utility programs. Analyze user needs and develop software solutions, applying principles and techniques of computer science, engineering, and mathematical analysis. Update software or enhance existing software capabilities. May work with computer hardware engineers to integrate hardware and software systems, and develop specifications and performance requirements. May maintain databases within an application area, working individually or coordinating database development as part of a team.",deterministic_onet_target_domain_keyword_retrieval_v1,core_technology_soc,73.5,database; software developer,algorithm; analysis; computer; data; database; information; network; programming; security; software; systems; technology; web,,software_application; ai_data; technology_support; core_technology,"title: strong=software developer; tech=software; health= | description: strong=database; tech=analysis,computer,data,database,network,software; health= | tasks: strong=; tech=analysis,data,information,programming,security,software; health= | skill_knowledge: strong=; tech=analysis,computer,programming,systems,technology; health= | software: strong=; tech=analysis,algorithm,data,information,network,programming; health=",0.946572,0.883991,0.414259,0.678281,1.187143,Partial skill reuse,no,,,4,4,0,Bachelor's Degree,Bachelor's Degree,4.52,0.0,low,no major upward education signal,medium,related work experience +2.9 categories,low,2.55,no,no,no,Distant category,MIS程式設計師; 軟體相關專案管理師; 通訊系統工程師; 助理工程師; 其他資訊專業人員; 軟(韌)體設計工程師,MIS-ERP軟體工程師(A); 業務部專案; 助理解決方案架構師 (SA); 資訊處-程式設計師; 【無塵室自動化事業部】軟體技術支援助理工程師(台北)■無經驗可(此為現場徵才活動職缺); 程式語言講師; 網頁工程師; MIS程式設計師-台北市,deterministic_keyword_field_weight_v1,1.0,High,no,55,105,35000,40000,monthly_only_excludes_hourly_daily_piece_and_negotiated,專科:23; 大學:17; 高職:7; 高中:6; 碩士:1; 不拘:1,無:30; 1年以上:12; 2年以上:8; 3年以上:2; 5年以上:2; 4年以上:1,台北市內湖區:12; 台北市大安區:11; 台北市信義區:9; 台北市中正區:4; 台北市不限:4; 台北市北投區:3; 台北市松山區:3; 台北市中山區:3,Strong,Critical Thinking (essential_skill: 3.88); Judgment and Decision Making (transferable_skill: 3.62); Customer and Personal Service (knowledge: 3.56); Reading Comprehension (essential_skill: 3.50); Active Learning (essential_skill: 3.50); Mathematics (knowledge: 3.43); Complex Problem Solving (transferable_skill: 3.38); Active Listening (essential_skill: 3.38),"Programming (transferable_skill: target 4.00, RN 1.62); Computers and Electronics (knowledge: target 4.75, RN 2.59)",possible_downward_or_low_value_mobility:lower_salary; job_zone_diff 0,review,Bridge candidate,Target-domain candidate that needs further validation; skill reuse may be partial or require major reskilling.,no
10,17,29-1141.00,Registered Nurses,Technology / AI,15-1299.08,Computer Systems Engineers/Architects,"Design and develop solutions to complex applications problems, system administration issues, or network concerns. Perform systems management and integration functions.",deterministic_onet_target_domain_keyword_retrieval_v1,core_technology_soc,70.0,computer systems; information systems; software developer,analysis; computer; data; information; network; programming; security; software; support; systems; technologies; technology; web,,software_application; technology_support; core_technology,"title: strong=computer systems; tech=computer,systems; health= | description: strong=; tech=network,systems; health= | tasks: strong=software developer,computer systems,information systems; tech=analysis,computer,data,information,network,security; health= | skill_knowledge: strong=; tech=analysis,computer,programming,systems,technology; health= | software: strong=; tech=analysis,computer,data,network,programming,software; health=",0.949864,0.86097,0.520492,0.66839,1.219,Partial skill reuse,no,,,4,3,-1,Bachelor's Degree,Post-Secondary Certificate,4.55,0.0,low,no major upward education signal,low,related work experience +1.3 categories,low,3.55,no,no,no,Distant category,MIS╱網管類人員; 資訊設備管制人員; MIS程式設計師; FAE工程師; 資訊助理員; 助理工程師,MIS工程師_台北; (9/16徵才)應用運維副工程_ IT; M023 系統工程師(資訊科技部); MIS程式設計師-台北市; 資訊處-程式設計師; 技術支援工程師; 資訊MIS工程師助理; MIS-ERP軟體工程師(A),deterministic_keyword_field_weight_v1,1.0,High,no,46,90,35000,42000,monthly_only_excludes_hourly_daily_piece_and_negotiated,專科:19; 大學:12; 高中:7; 高職:4; 不拘:3; 碩士:1,無:30; 1年以上:10; 2年以上:3; 3年以上:2; 5年以上:1,台北市內湖區:12; 台北市大安區:9; 台北市信義區:7; 台北市北投區:3; 台北市中正區:3; 台北市中山區:3; 台北市松山區:2; 台北市南港區:2,Strong,English Language (knowledge: 4.09); Critical Thinking (essential_skill: 4.00); Active Listening (essential_skill: 4.00); Reading Comprehension (essential_skill: 3.88); Speaking (essential_skill: 3.88); Customer and Personal Service (knowledge: 3.86); Writing (essential_skill: 3.75); Active Learning (essential_skill: 3.50),"Computers and Electronics (knowledge: target 4.91, RN 2.59); Engineering and Technology (knowledge: target 3.77, RN 1.51); Programming (transferable_skill: target 3.50, RN 1.62); Operations Analysis (transferable_skill: target 3.75, RN 2.00); Telecommunications (knowledge: target 3.95, RN 2.21)",possible_downward_or_low_value_mobility:lower_salary; job_zone_diff -1,review,Bridge candidate,Target-domain candidate that needs further validation; skill reuse may be partial or require major reskilling.,no
11,18,29-1141.00,Registered Nurses,Technology / AI,15-1241.00,Computer Network Architects,"Design and implement computer and information networks, such as local area networks (LAN), wide area networks (WAN), intranets, extranets, and other data communications networks. Perform network modeling, analysis, and planning, including analysis of capacity needs for network infrastructures. May also design network and computer security measures. May research and recommend network and data communications hardware and software.",deterministic_onet_target_domain_keyword_retrieval_v1,core_technology_soc,68.0,,analysis; computer; data; information; network; product; programming; security; software; systems; technologies; technology; web,,software_application; technology_support; core_technology,"title: strong=; tech=computer,network; health= | description: strong=; tech=analysis,computer,data,information,network,security; health= | tasks: strong=; tech=computer,data,information,network,security,software; health= | skill_knowledge: strong=; tech=analysis,computer,programming,systems,technology; health= | software: strong=; tech=analysis,computer,data,network,programming,security; health=",0.943629,0.854884,0.522222,0.642769,1.309091,Partial skill reuse,no,,,4,4,0,Bachelor's Degree,Bachelor's Degree,5.0,0.0,low,no major upward education signal,medium,related work experience +2.6 categories,low,3.55,no,no,no,Distant category,MIS╱網管類人員; 資訊設備管制人員; MIS程式設計師; FAE工程師; 資訊助理員; 助理工程師,MIS工程師_台北; (9/16徵才)應用運維副工程_ IT; M023 系統工程師(資訊科技部); MIS程式設計師-台北市; 資訊處-程式設計師; 技術支援工程師; 資訊MIS工程師助理; MIS-ERP軟體工程師(A),deterministic_keyword_field_weight_v1,1.0,High,no,46,90,35000,42000,monthly_only_excludes_hourly_daily_piece_and_negotiated,專科:19; 大學:12; 高中:7; 高職:4; 不拘:3; 碩士:1,無:30; 1年以上:10; 2年以上:3; 3年以上:2; 5年以上:1,台北市內湖區:12; 台北市大安區:9; 台北市信義區:7; 台北市北投區:3; 台北市中正區:3; 台北市中山區:3; 台北市松山區:2; 台北市南港區:2,Strong,Critical Thinking (essential_skill: 4.00); Reading Comprehension (essential_skill: 3.88); English Language (knowledge: 3.80); Active Listening (essential_skill: 3.75); Judgment and Decision Making (transferable_skill: 3.75); Writing (essential_skill: 3.62); Coordination (transferable_skill: 3.50); Complex Problem Solving (transferable_skill: 3.50),"Engineering and Technology (knowledge: target 4.25, RN 1.51); Programming (transferable_skill: target 3.88, RN 1.62); Computers and Electronics (knowledge: target 4.68, RN 2.59); Telecommunications (knowledge: target 4.25, RN 2.21)",possible_downward_or_low_value_mobility:lower_salary; job_zone_diff 0,review,Bridge candidate,Target-domain candidate that needs further validation; skill reuse may be partial or require major reskilling.,no
12,19,29-1141.00,Registered Nurses,Technology / AI,15-1253.00,Software Quality Assurance Analysts and Testers,"Develop and execute software tests to identify software problems and their causes. Test system modifications to prepare for implementation. Document software and application defects using a bug tracking system and report defects to software or web developers. Create and maintain databases of known defects. May participate in software design reviews to provide input on functional requirements, operational characteristics, product designs, and schedules.",deterministic_onet_target_domain_keyword_retrieval_v1,core_technology_soc,66.5,database; software developer; technical support,algorithm; analysis; computer; data; database; information; network; product; programming; security; software; support; systems; technology; web,,software_application; ai_data; technology_support; core_technology,"title: strong=; tech=software; health= | description: strong=database; tech=data,database,software,web,product; health= | tasks: strong=software developer,database,technical support; tech=data,database,network,software,systems,product; health= | skill_knowledge: strong=; tech=analysis,computer,programming,systems,technology; health= | software: strong=; tech=algorithm,data,information,network,programming,security; health=",0.950895,0.857607,0.491381,0.695338,1.031111,Partial skill reuse,no,,,4,4,0,Bachelor's Degree,Bachelor's Degree,2.94,0.0,low,no major upward education signal,low,no major upward training/experience signal,low,2.85,no,no,no,Distant category,MIS程式設計師; 軟體相關專案管理師; 通訊系統工程師; 助理工程師; 其他資訊專業人員; 軟(韌)體設計工程師,MIS-ERP軟體工程師(A); 業務部專案; 助理解決方案架構師 (SA); 資訊處-程式設計師; 【無塵室自動化事業部】軟體技術支援助理工程師(台北)■無經驗可(此為現場徵才活動職缺); 程式語言講師; 網頁工程師; MIS程式設計師-台北市,deterministic_keyword_field_weight_v1,1.0,High,no,55,105,35000,40000,monthly_only_excludes_hourly_daily_piece_and_negotiated,專科:23; 大學:17; 高職:7; 高中:6; 碩士:1; 不拘:1,無:30; 1年以上:12; 2年以上:8; 3年以上:2; 5年以上:2; 4年以上:1,台北市內湖區:12; 台北市大安區:11; 台北市信義區:9; 台北市中正區:4; 台北市不限:4; 台北市北投區:3; 台北市松山區:3; 台北市中山區:3,Strong,Reading Comprehension (essential_skill: 3.88); Critical Thinking (essential_skill: 3.88); Active Listening (essential_skill: 3.88); Speaking (essential_skill: 3.88); English Language (knowledge: 3.79); Writing (essential_skill: 3.75); Monitoring (essential_skill: 3.62); Complex Problem Solving (transferable_skill: 3.38),"Programming (transferable_skill: target 3.62, RN 1.62); Computers and Electronics (knowledge: target 4.41, RN 2.59)",possible_downward_or_low_value_mobility:lower_salary; job_zone_diff 0,review,Bridge candidate,Target-domain candidate that needs further validation; skill reuse may be partial or require major reskilling.,no
13,20,29-1141.00,Registered Nurses,Technology / AI,15-1254.00,Web Developers,"Develop and implement websites, web applications, application databases, and interactive web interfaces. Evaluate code to ensure that it is properly structured, meets industry standards, and is compatible with browsers and devices. Optimize website performance, scalability, and server-side code and processes. May develop website infrastructure and integrate websites with other computer applications.",deterministic_onet_target_domain_keyword_retrieval_v1,core_technology_soc,64.6,database,analysis; computer; data; database; digital; network; product; programming; security; software; support; systems; technologies; web,device,software_application; technology_support; core_technology,"title: strong=; tech=web; health= | description: strong=database; tech=computer,data,database,web; health=device | tasks: strong=database; tech=data,database,digital,network,programming,security; health=device | skill_knowledge: strong=; tech=analysis,computer,programming,systems; health= | software: strong=; tech=data,network,programming,software,web; health=",0.948723,0.883968,0.405833,0.720704,1.005,Partial skill reuse,no,,,4,3,-1,Bachelor's Degree,Bachelor's Degree,0.0,0.0,low,no major upward education signal,low,no major upward training/experience signal,low,2.38,no,no,no,Distant category,MIS程式設計師; 軟體相關專案管理師; 通訊系統工程師; 助理工程師; 其他資訊專業人員; 軟(韌)體設計工程師,MIS-ERP軟體工程師(A); 業務部專案; 助理解決方案架構師 (SA); 資訊處-程式設計師; 【無塵室自動化事業部】軟體技術支援助理工程師(台北)■無經驗可(此為現場徵才活動職缺); 程式語言講師; 網頁工程師; MIS程式設計師-台北市,deterministic_keyword_field_weight_v1,1.0,High,no,55,105,35000,40000,monthly_only_excludes_hourly_daily_piece_and_negotiated,專科:23; 大學:17; 高職:7; 高中:6; 碩士:1; 不拘:1,無:30; 1年以上:12; 2年以上:8; 3年以上:2; 5年以上:2; 4年以上:1,台北市內湖區:12; 台北市大安區:11; 台北市信義區:9; 台北市中正區:4; 台北市不限:4; 台北市北投區:3; 台北市松山區:3; 台北市中山區:3,Strong,Critical Thinking (essential_skill: 3.75); Reading Comprehension (essential_skill: 3.62); English Language (knowledge: 3.54); Complex Problem Solving (transferable_skill: 3.50); Active Listening (essential_skill: 3.50); Active Learning (essential_skill: 3.50); Judgment and Decision Making (transferable_skill: 3.38); Mathematics (knowledge: 3.35),"Programming (transferable_skill: target 4.12, RN 1.62); Computers and Electronics (knowledge: target 4.38, RN 2.59)",possible_downward_or_low_value_mobility:lower_salary; job_zone_diff -1,review,Bridge candidate,Target-domain candidate that needs further validation; skill reuse may be partial or require major reskilling.,no
14,23,29-1141.00,Registered Nurses,Technology / AI,15-1231.00,Computer Network Support Specialists,"Analyze, test, troubleshoot, and evaluate existing network systems, such as local area networks (LAN), wide area networks (WAN), cloud networks, servers, and other data communications networks. Perform network maintenance to ensure networks operate correctly with minimal interruption.",deterministic_onet_target_domain_keyword_retrieval_v1,core_technology_soc,62.0,database,analysis; computer; data; database; information; network; product; security; software; support; systems; technologies; technology; web,,software_application; technology_support; core_technology,"title: strong=; tech=computer,network,support; health= | description: strong=; tech=data,network,systems; health= | tasks: strong=; tech=computer,data,information,network,security,software; health= | skill_knowledge: strong=; tech=analysis,computer,systems,technology; health= | software: strong=database; tech=data,database,information,network,security,software; health=",0.940121,0.890907,0.389206,0.663394,1.2,Partial skill reuse,no,,,4,4,0,Bachelor's Degree,Bachelor's Degree,1.53,0.0,low,no major upward education signal,medium,related work experience +1.8 categories,low,,no,no,no,Distant category,MIS╱網管類人員; 資訊設備管制人員; MIS程式設計師; FAE工程師; 資訊助理員; 助理工程師,MIS工程師_台北; (9/16徵才)應用運維副工程_ IT; M023 系統工程師(資訊科技部); MIS程式設計師-台北市; 資訊處-程式設計師; 技術支援工程師; 資訊MIS工程師助理; MIS-ERP軟體工程師(A),deterministic_keyword_field_weight_v1,1.0,High,no,46,90,35000,42000,monthly_only_excludes_hourly_daily_piece_and_negotiated,專科:19; 大學:12; 高中:7; 高職:4; 不拘:3; 碩士:1,無:30; 1年以上:10; 2年以上:3; 3年以上:2; 5年以上:1,台北市內湖區:12; 台北市大安區:9; 台北市信義區:7; 台北市北投區:3; 台北市中正區:3; 台北市中山區:3; 台北市松山區:2; 台北市南港區:2,Strong,Critical Thinking (essential_skill: 3.75); Active Listening (essential_skill: 3.50); Customer and Personal Service (knowledge: 3.45); Reading Comprehension (essential_skill: 3.38); Judgment and Decision Making (transferable_skill: 3.38); English Language (knowledge: 3.31); Active Learning (essential_skill: 3.25); Complex Problem Solving (transferable_skill: 3.25),"Computers and Electronics (knowledge: target 4.96, RN 2.59)",possible_downward_or_low_value_mobility:lower_salary; job_zone_diff 0,review,Bridge candidate,Target-domain candidate that needs further validation; skill reuse may be partial or require major reskilling.,no
15,25,29-1141.00,Registered Nurses,Technology / AI,15-1212.00,Information Security Analysts,"Plan, implement, upgrade, or monitor security measures for the protection of computer networks and information. Assess system vulnerabilities for security risks and propose and implement risk mitigation strategies. May ensure appropriate security controls are in place that will safeguard digital files and vital electronic infrastructure. May respond to computer security breaches and viruses.",deterministic_onet_target_domain_keyword_retrieval_v1,core_technology_soc,58.5,,analysis; computer; data; digital; information; network; programming; security; software; systems; technology; web,,software_application; technology_support; core_technology,"title: strong=; tech=information,security; health= | description: strong=; tech=computer,digital,information,network,security; health= | tasks: strong=; tech=computer,data,digital,information,network,programming; health= | skill_knowledge: strong=; tech=analysis,computer,security,systems,technology; health= | software: strong=; tech=analysis,data,network,programming,security,software; health=",0.957355,0.921324,0.284881,0.722989,0.97,Partial skill reuse,no,,,4,4,0,Bachelor's Degree,Bachelor's Degree,2.8,0.0,low,no major upward education signal,medium,related work experience +2.8 categories,low,,no,no,no,Distant category,MIS╱網管類人員; 資訊設備管制人員; MIS程式設計師; FAE工程師; 資訊助理員; 助理工程師,MIS工程師_台北; (9/16徵才)應用運維副工程_ IT; M023 系統工程師(資訊科技部); MIS程式設計師-台北市; 資訊處-程式設計師; 技術支援工程師; 資訊MIS工程師助理; MIS-ERP軟體工程師(A),deterministic_keyword_field_weight_v1,1.0,High,no,46,90,35000,42000,monthly_only_excludes_hourly_daily_piece_and_negotiated,專科:19; 大學:12; 高中:7; 高職:4; 不拘:3; 碩士:1,無:30; 1年以上:10; 2年以上:3; 3年以上:2; 5年以上:1,台北市內湖區:12; 台北市大安區:9; 台北市信義區:7; 台北市北投區:3; 台北市中正區:3; 台北市中山區:3; 台北市松山區:2; 台北市南港區:2,Strong,English Language (knowledge: 4.18); Critical Thinking (essential_skill: 3.88); Reading Comprehension (essential_skill: 3.88); Active Listening (essential_skill: 3.75); Speaking (essential_skill: 3.62); Complex Problem Solving (transferable_skill: 3.50); Writing (essential_skill: 3.50); Customer and Personal Service (knowledge: 3.42),"Engineering and Technology (knowledge: target 3.64, RN 1.51); Computers and Electronics (knowledge: target 4.35, RN 2.59); Telecommunications (knowledge: target 3.64, RN 2.21)",possible_downward_or_low_value_mobility:lower_salary; job_zone_diff 0,review,Bridge candidate,Target-domain candidate that needs further validation; skill reuse may be partial or require major reskilling.,no
16,26,29-1141.00,Registered Nurses,Technology / AI,31-9092.00,Medical Assistants,"Perform administrative and certain clinical duties under the direction of a physician. Administrative duties may include scheduling appointments, maintaining medical records, billing, and coding information for insurance purposes. Clinical duties may include taking and recording vital signs and medical histories, preparing patients for examination, drawing blood, and administering medications as directed by physician.",deterministic_onet_target_domain_keyword_retrieval_v1,explicit_health_technology,58.0,database; electronic medical; medical records,computer; data; database; information; security; software; statistics; systems; web,clinical; health; healthcare; medical; medicine; patient; records,clinical_health_informatics; health_data; software_application,"title: strong=; tech=; health=medical | description: strong=medical records; tech=information; health=clinical,medical,patient,records | tasks: strong=medical records; tech=information,statistics; health=medical,patient,records | skill_knowledge: strong=; tech=computer,security; health=medicine | software: strong=electronic medical,database; tech=data,database,software,systems,web; health=clinical,health,healthcare,medical,patient",0.991193,0.969213,0.120417,0.683377,1.2,Partial skill reuse,no,,,4,3,-1,Bachelor's Degree,Post-Secondary Certificate,0.0,0.0,low,no major upward education signal,low,no major upward training/experience signal,low,2.95,no,no,no,Cross-category,診所助理; 其他醫院從業人員; 醫院診所掛號員; 櫃檯服務人員; 總機接待人員,醫療助理; 醫院傳送人員(內湖三總); 醫院病房衛材管理人員(內湖三總); 診所行政櫃檯助理(五五就業促進獎勵); 診所行政櫃檯助理; 診所護理及行政人員; (9/16徵才)醫院 早班/小夜班傳送員; 醫事人員 ■無經驗可(此為現場徵才活動職缺),deterministic_keyword_field_weight_v1,1.0,High,no,20,56,33000,38000,monthly_only_excludes_hourly_daily_piece_and_negotiated,專科:6; 高中:5; 不拘:3; 高職:3; 大學:2; 國中:1,無:16; 1年內:2; 1年以上:1; 3年以上:1,台北市中山區:6; 台北市不限:5; 台北市大安區:3; 台北市內湖區:2; 台北市大同區:1; 台北市中正區:1; 台北市萬華區:1; 台北市北投區:1,Strong,Customer and Personal Service (knowledge: 4.40); Medicine and Dentistry (knowledge: 4.33); English Language (knowledge: 4.18); Social Perceptiveness (transferable_skill: 4.00); Speaking (essential_skill: 3.88); Active Listening (essential_skill: 3.88); Reading Comprehension (essential_skill: 3.75); Critical Thinking (essential_skill: 3.62),"Computers and Electronics (knowledge: target 3.79, RN 2.59)",possible_downward_or_low_value_mobility:lower_salary; job_zone_diff -1,review,Bridge candidate,Target-domain candidate that needs further validation; skill reuse may be partial or require major reskilling.,no
17,28,29-1141.00,Registered Nurses,Technology / AI,15-1299.04,Penetration Testers,Evaluate network system security by conducting simulated internal and external cyberattacks using adversary tools and techniques. Attempt to breach and exploit critical systems and gain access to sensitive information to assess system security.,deterministic_onet_target_domain_keyword_retrieval_v1,core_technology_soc,56.7,database; information systems,analysis; computer; data; database; information; network; programming; security; software; systems; technology; web,device,software_application; technology_support; core_technology,"description: strong=; tech=information,network,security,systems; health= | tasks: strong=information systems; tech=analysis,computer,data,information,network,security; health=device | skill_knowledge: strong=; tech=analysis,computer,programming,security,systems,technology; health= | software: strong=information systems,database; tech=computer,data,database,information,network,security; health=",0.948236,0.86809,0.468849,0.657181,1.295,Partial skill reuse,no,,,4,4,0,Bachelor's Degree,unknown,,,unknown,no O*NET required-level-of-education distribution available,low,related work experience +0.9 categories,medium,4.35,no,no,no,Distant category,MIS╱網管類人員; 資訊設備管制人員; MIS程式設計師; FAE工程師; 資訊助理員; 助理工程師,MIS工程師_台北; (9/16徵才)應用運維副工程_ IT; M023 系統工程師(資訊科技部); MIS程式設計師-台北市; 資訊處-程式設計師; 技術支援工程師; 資訊MIS工程師助理; MIS-ERP軟體工程師(A),deterministic_keyword_field_weight_v1,1.0,High,no,46,90,35000,42000,monthly_only_excludes_hourly_daily_piece_and_negotiated,專科:19; 大學:12; 高中:7; 高職:4; 不拘:3; 碩士:1,無:30; 1年以上:10; 2年以上:3; 3年以上:2; 5年以上:1,台北市內湖區:12; 台北市大安區:9; 台北市信義區:7; 台北市北投區:3; 台北市中正區:3; 台北市中山區:3; 台北市松山區:2; 台北市南港區:2,Strong,Critical Thinking (essential_skill: 4.00); Reading Comprehension (essential_skill: 3.88); Active Listening (essential_skill: 3.88); English Language (knowledge: 3.80); Customer and Personal Service (knowledge: 3.75); Writing (essential_skill: 3.75); Judgment and Decision Making (transferable_skill: 3.50); Active Learning (essential_skill: 3.50),"Engineering and Technology (knowledge: target 3.95, RN 1.51); Computers and Electronics (knowledge: target 4.95, RN 2.59); Programming (transferable_skill: target 3.88, RN 1.62); Telecommunications (knowledge: target 4.15, RN 2.21)",possible_downward_or_low_value_mobility:lower_salary; job_zone_diff 0,review,Bridge candidate,Target-domain candidate that needs further validation; skill reuse may be partial or require major reskilling.,no
18,29,29-1141.00,Registered Nurses,Technology / AI,15-1255.00,Web and Digital Interface Designers,"Design digital user interfaces or websites. Develop and test layouts, interfaces, functionality, and navigation menus to ensure compatibility and usability across browsers or devices. May use web framework applications as well as client-side code and processes. May evaluate web design following web and accessibility standards, and may analyze web use metrics and optimize websites for marketability and search engine ranking. May design and test interfaces that facilitate the human-computer interaction and maximize the usability of digital devices, websites, and software with a focus on aesthetics and design. May create graphics used in websites and manage website content and links.",deterministic_onet_target_domain_keyword_retrieval_v1,core_technology_soc,56.6,,analysis; computer; data; digital; network; product; programming; software; support; systems; technologies; web,device,software_application; technology_support; core_technology,"title: strong=; tech=digital,web; health= | description: strong=; tech=computer,digital,software,web; health=device | tasks: strong=; tech=data,digital,network,programming,software,systems; health=device | skill_knowledge: strong=; tech=analysis,computer,programming; health= | software: strong=; tech=data,network,programming,software,web; health=",0.948358,0.914112,0.2895,0.608227,1.333333,Partial skill reuse,no,,,4,4,0,Bachelor's Degree,unknown,,,unknown,no O*NET required-level-of-education distribution available,medium,related work experience +2.4 categories,low,1.93,no,no,no,Distant category,MIS程式設計師; 軟體相關專案管理師; 通訊系統工程師; 助理工程師; 其他資訊專業人員; 軟(韌)體設計工程師,MIS-ERP軟體工程師(A); 業務部專案; 助理解決方案架構師 (SA); 資訊處-程式設計師; 【無塵室自動化事業部】軟體技術支援助理工程師(台北)■無經驗可(此為現場徵才活動職缺); 程式語言講師; 網頁工程師; MIS程式設計師-台北市,deterministic_keyword_field_weight_v1,1.0,High,no,55,105,35000,40000,monthly_only_excludes_hourly_daily_piece_and_negotiated,專科:23; 大學:17; 高職:7; 高中:6; 碩士:1; 不拘:1,無:30; 1年以上:12; 2年以上:8; 3年以上:2; 5年以上:2; 4年以上:1,台北市內湖區:12; 台北市大安區:11; 台北市信義區:9; 台北市中正區:4; 台北市不限:4; 台北市北投區:3; 台北市松山區:3; 台北市中山區:3,Strong,English Language (knowledge: 3.84); Reading Comprehension (essential_skill: 3.75); Customer and Personal Service (knowledge: 3.57); Judgment and Decision Making (transferable_skill: 3.50); Critical Thinking (essential_skill: 3.50); Complex Problem Solving (transferable_skill: 3.38); Active Listening (essential_skill: 3.38); Active Learning (essential_skill: 3.38),,possible_downward_or_low_value_mobility:lower_salary; job_zone_diff 0,review,Bridge candidate,Target-domain candidate that needs further validation; skill reuse may be partial or require major reskilling.,no
19,2,29-1141.00,Registered Nurses,Technology / AI,15-2051.02,Clinical Data Managers,"Apply knowledge of health care and database management to analyze clinical data, and to identify and report trends.",deterministic_onet_target_domain_keyword_retrieval_v1,core_technology_soc,103.8,clinical data; database; electronic medical; medical records,analysis; computer; data; database; information; product; programming; software; statistical; statistics; support; systems; technologies; technology,clinical; health; healthcare; medical; medicine; patient; records,clinical_health_informatics; health_data; software_application; core_technology,"title: strong=clinical data; tech=data; health=clinical | description: strong=clinical data,database; tech=data,database; health=clinical,health | tasks: strong=clinical data,database; tech=analysis,data,database,information,programming,software; health=clinical,medical | skill_knowledge: strong=; tech=analysis,computer,programming,systems; health=medicine | software: strong=medical records,electronic medical,database; tech=data,database,software,statistics,systems,technologies; health=clinical,health,healthcare,medical,patient,records",0.97776,0.939341,0.2095,0.803651,0.663333,Partial skill reuse,no,,,4,4,0,Bachelor's Degree,Bachelor's Degree,5.0,0.0,low,no major upward education signal,low,related work experience +1.5 categories,low,,no,no,no,Distant category,系統分析師; 檔案資料管理人員; 市場調查/市調分析; 統計精算人員; 業務助理; 診所助理,校務研究辦公室 誠徵資料分析專員(碩士級); 檔案管理人員【115 年度公文書發文寄送暨檔案管理業務勞務採購案】; 行政助理＋文編助理; 市場研究分析員; 約聘研究員; 企劃暨精算部-辦事員; 台灣區(台北)業務部助理; 醫療助理,deterministic_keyword_field_weight_v1,0.77,Medium,yes,8,14,35000,45500,monthly_only_excludes_hourly_daily_piece_and_negotiated,大學:3; 碩士:2; 高中:2; 專科:1,無:7; 1年以上:1,台北市中山區:3; 台北市大安區:1; 台北市不限:1; 台北市信義區:1; 台北市松山區:1; 台北市中正區:1,Moderate,English Language (knowledge: 4.10); Critical Thinking (essential_skill: 4.00); Active Listening (essential_skill: 3.88); Reading Comprehension (essential_skill: 3.88); Speaking (essential_skill: 3.88); Writing (essential_skill: 3.75); Customer and Personal Service (knowledge: 3.70); Monitoring (essential_skill: 3.62),,possible_downward_or_low_value_mobility:lower_salary; job_zone_diff 0,review,Bridge candidate,Target-domain candidate that needs further validation; skill reuse may be partial or require major reskilling.,yes
20,5,29-1141.00,Registered Nurses,Technology / AI,17-2031.00,Bioengineers and Biomedical Engineers,"Apply knowledge of engineering, biology, chemistry, computer science, and biomechanical principles to the design, development, and evaluation of biological, agricultural, and health systems and products, such as artificial organs, prostheses, instrumentation, medical information systems, and health management and care delivery systems.",deterministic_onet_target_domain_keyword_retrieval_v1,explicit_health_technology,90.9,biomedical engineer; database; information systems; medical equipment,analysis; computer; data; database; information; product; programming; software; statistical; systems; technologies; technology; web,biomedical; clinical; device; health; hospital; medical; medicine,software_application; medical_device_technology,"title: strong=biomedical engineer; tech=; health=biomedical,medical | description: strong=information systems; tech=computer,information,systems,product; health=health,medical | tasks: strong=database,medical equipment; tech=computer,data,database,software,statistical,systems; health=biomedical,clinical,device,hospital,medical | skill_knowledge: strong=; tech=analysis,computer,programming,systems,technology; health=medicine | software: strong=database; tech=analysis,computer,data,database,software,systems; health=medical",0.953428,0.824759,0.65076,0.633975,1.393333,Partial skill reuse,no,,,4,4,0,Bachelor's Degree,Bachelor's Degree,52.17,26.08,high,weighted education category +2.8; master's-or-higher share 52.2%,low,no major upward training/experience signal,low,2.39,no,no,no,Distant category,其他產品維修人員; 電機技術人員; FAE工程師; 空調冷凍技術人員; 機構工程師; 電子工程師,連鎖超商餐飲設備維修工程師(無經驗可) (台北總公司); 電機技術人員; 技術維修工程師; 商用餐飲設備專案工程師 (台北總公司); 【台北大同】維護人員; 技術支援工程師; 技術支援工程師 Supporting Engineer(五五就業促進); 空調機電維護工程師,deterministic_keyword_field_weight_v1,0.854,Medium,yes,61,133,35000,45000,monthly_only_excludes_hourly_daily_piece_and_negotiated,專科:17; 高中:16; 大學:12; 高職:9; 不拘:6; 國中:1,無:42; 1年以上:9; 2年以上:6; 5年以上:2; 4年以上:1; 3年以上:1,台北市內湖區:16; 台北市信義區:7; 台北市大安區:7; 台北市中山區:6; 台北市不限:6; 台北市大同區:4; 台北市松山區:4; 台北市南港區:4,Moderate,Speaking (essential_skill: 4.00); Active Listening (essential_skill: 4.00); Reading Comprehension (essential_skill: 3.88); Critical Thinking (essential_skill: 3.88); Judgment and Decision Making (transferable_skill: 3.88); English Language (knowledge: 3.78); Writing (essential_skill: 3.75); Monitoring (essential_skill: 3.75),"Engineering and Technology (knowledge: target 4.57, RN 1.51); Design (knowledge: target 3.95, RN 1.29); Physics (knowledge: target 3.95, RN 1.60); Computers and Electronics (knowledge: target 4.48, RN 2.59); Operations Analysis (transferable_skill: target 3.75, RN 2.00)",possible_downward_or_low_value_mobility:lower_salary; job_zone_diff 0,review,Bridge candidate,Target-domain candidate that needs further validation; skill reuse may be partial or require major reskilling.,yes
21,6,29-1141.00,Registered Nurses,Technology / AI,29-2072.00,Medical Records Specialists,"Compile, process, and maintain medical records of hospital and clinic patients in a manner consistent with medical, administrative, ethical, legal, and regulatory requirements of the healthcare system. Classify medical and healthcare concepts, including diagnosis, procedures, medical services, and equipment, into the healthcare industry's numerical coding system. Includes medical coders.",deterministic_onet_target_domain_keyword_retrieval_v1,explicit_health_technology,87.8,database; electronic medical; medical records,analysis; computer; data; database; digital; information; product; security; software; statistics; systems; technologies,clinical; health; healthcare; hospital; medical; medicine; patient; records,clinical_health_informatics; health_data; software_application,"title: strong=medical records; tech=; health=medical,records | description: strong=medical records; tech=; health=health,healthcare,hospital,medical,patient,records | tasks: strong=medical records; tech=computer,data,information,security,software,systems; health=health,medical,patient,records | skill_knowledge: strong=; tech=computer; health= | software: strong=electronic medical,database; tech=analysis,computer,data,database,digital,information; health=clinical,health,healthcare,medical,medicine,patient",0.974376,0.970946,0.111333,0.735795,0.93,Partial skill reuse,no,,,4,3,-1,Bachelor's Degree,unknown,,,unknown,no O*NET required-level-of-education distribution available,low,no major upward training/experience signal,low,2.45,yes,no,no,Adjacent category,診所助理; 系統分析師; 其他醫院從業人員; 資訊助理員; 軟(韌)體設計工程師; 行政助理,醫療助理; 校務研究辦公室 誠徵資料分析專員(碩士級); 醫院傳送人員(內湖三總); 醫院病房衛材管理人員(內湖三總); 資訊系統人員; (9/16徵才)醫院 早班/小夜班傳送員; AI系統設計師（AI System Designer）; 醫美櫃台行政人員,deterministic_keyword_field_weight_v1,0.606,Medium,yes,10,24,33725,38280,monthly_only_excludes_hourly_daily_piece_and_negotiated,專科:5; 不拘:3; 碩士:1; 高中:1,無:8; 3年以上:1; 2年以上:1,台北市大安區:4; 台北市內湖區:4; 台北市中山區:1; 台北市松山區:1,Moderate,English Language (knowledge: 4.06); Customer and Personal Service (knowledge: 4.00); Reading Comprehension (essential_skill: 3.62); Administrative (knowledge: 3.55); Critical Thinking (essential_skill: 3.38); Administration and Management (knowledge: 3.29); Active Listening (essential_skill: 3.25); Speaking (essential_skill: 3.12),"Computers and Electronics (knowledge: target 3.52, RN 2.59)",possible_downward_or_low_value_mobility:lower_salary; job_zone_diff -1,review,Bridge candidate,Target-domain candidate that needs further validation; skill reuse may be partial or require major reskilling.,no
22,7,29-1141.00,Registered Nurses,Technology / AI,15-2099.01,Bioinformatics Technicians,"Apply principles and methods of bioinformatics to assist scientists in areas such as pharmaceuticals, medical technology, biotechnology, computational biology, proteomics, computer information science, biology and medical informatics. Apply bioinformatics tools to visualize, analyze, manipulate or interpret molecular data. May build and maintain databases for processing and analyzing genomic or other biological information.",deterministic_onet_target_domain_keyword_retrieval_v1,core_technology_soc,87.4,bioinformatics; database; machine learning,algorithm; analysis; computer; data; database; information; programming; software; statistical; statistics; systems; technologies; technology; web,medical,health_data; software_application; ai_data; core_technology,"title: strong=bioinformatics; tech=; health= | description: strong=bioinformatics,database; tech=computer,data,database,information,technology; health=medical | tasks: strong=bioinformatics,machine learning,database; tech=analysis,algorithm,computer,data,database,information; health= | skill_knowledge: strong=; tech=analysis,computer,programming,systems; health= | software: strong=database; tech=analysis,data,database,information,software,statistics; health=",0.962227,0.883155,0.460463,0.771679,0.82,Partial skill reuse,no,,,4,4,0,Bachelor's Degree,Bachelor's Degree,46.66,6.0,medium,weighted education category +2.0,low,related work experience +1.2 categories,low,,no,no,no,Distant category,統計精算人員; 系統分析師; 行銷企劃人員; 軟(韌)體設計工程師; 市場調查/市調分析; 專櫃／門市（人員／儲備幹部）,約聘研究員; 企劃暨精算部-辦事員; 校務研究辦公室 誠徵資料分析專員(碩士級); AI行銷專員; AI系統設計師（AI System Designer）; 市場研究分析員; 婚鞋顧問｜平均薪資40K｜預約制高成交｜完整培訓; (9/16徵才)【總公司】行銷企劃資深高專,deterministic_keyword_field_weight_v1,0.846,Medium,yes,12,19,32455,47500,monthly_only_excludes_hourly_daily_piece_and_negotiated,大學:4; 專科:4; 碩士:2; 不拘:1; 高中:1,無:11; 1年以上:1,台北市大安區:3; 台北市中山區:2; 台北市松山區:2; 台北市中正區:1; 台北市大同區:1; 台北市內湖區:1; 台北市北投區:1; 台北市不限:1,Moderate,English Language (knowledge: 3.99); Reading Comprehension (essential_skill: 3.75); Writing (essential_skill: 3.50); Active Listening (essential_skill: 3.50); Critical Thinking (essential_skill: 3.50); Active Learning (essential_skill: 3.50); Complex Problem Solving (transferable_skill: 3.50); Judgment and Decision Making (transferable_skill: 3.50),"Computers and Electronics (knowledge: target 4.77, RN 2.59)",possible_downward_or_low_value_mobility:lower_salary; job_zone_diff 0,review,Bridge candidate,Target-domain candidate that needs further validation; skill reuse may be partial or require major reskilling.,yes
23,9,29-1141.00,Registered Nurses,Technology / AI,15-1211.01,Health Informatics Specialists,"Apply knowledge of nursing and informatics to assist in the design, development, and ongoing modification of computerized health care systems. May educate staff and assist in problem solving to promote the implementation of the health care system.",deterministic_onet_target_domain_keyword_retrieval_v1,core_technology_soc,87.1,electronic medical; health informatics; health information; information systems,analysis; computer; data; information; security; software; statistics; support; systems; technologies; technology; web,clinical; health; healthcare; medical; medicine; nursing; patient,clinical_health_informatics; health_data; software_application; core_technology,"title: strong=health informatics; tech=; health=health | description: strong=; tech=computer,systems; health=health,nursing | tasks: strong=health informatics,health information,information systems; tech=computer,data,information,security,software,systems; health=clinical,health,nursing,patient | skill_knowledge: strong=; tech=analysis,computer,systems,technology; health=medicine | software: strong=electronic medical,information systems; tech=analysis,computer,data,information,software,statistics; health=clinical,health,healthcare,medical",0.978606,0.910283,0.315,0.722658,0.96,Partial skill reuse,no,,,4,5,1,Bachelor's Degree,Master's Degree,61.9,4.76,high,weighted education category +2.2; master's-or-higher share 61.9%,low,related work experience +1.2 categories,low,3.14,no,no,no,Distant category,診所助理; 系統分析師; 其他醫院從業人員; 資訊助理員; 軟(韌)體設計工程師; 行政助理,醫療助理; 校務研究辦公室 誠徵資料分析專員(碩士級); 醫院傳送人員(內湖三總); 醫院病房衛材管理人員(內湖三總); 資訊系統人員; (9/16徵才)醫院 早班/小夜班傳送員; AI系統設計師（AI System Designer）; 醫美櫃台行政人員,deterministic_keyword_field_weight_v1,0.606,Medium,yes,10,24,33725,38280,monthly_only_excludes_hourly_daily_piece_and_negotiated,專科:5; 不拘:3; 碩士:1; 高中:1,無:8; 3年以上:1; 2年以上:1,台北市大安區:4; 台北市內湖區:4; 台北市中山區:1; 台北市松山區:1,Moderate,English Language (knowledge: 4.05); Critical Thinking (essential_skill: 4.00); Speaking (essential_skill: 4.00); Active Listening (essential_skill: 4.00); Judgment and Decision Making (transferable_skill: 3.88); Reading Comprehension (essential_skill: 3.88); Writing (essential_skill: 3.75); Medicine and Dentistry (knowledge: 3.70),,possible_downward_or_low_value_mobility:lower_salary; job_zone_diff 1,review,Bridge candidate,Target-domain candidate that needs further validation; skill reuse may be partial or require major reskilling.,yes
24,21,29-1141.00,Registered Nurses,Technology / AI,15-1243.01,Data Warehousing Specialists,"Design, model, or implement corporate data warehousing activities. Program and configure warehouses of database information and provide support to warehouse users.",deterministic_onet_target_domain_keyword_retrieval_v1,core_technology_soc,64.0,database,analysis; computer; data; database; information; network; product; programming; software; support; systems; technologies; web,,software_application; technology_support; core_technology,"title: strong=; tech=data; health= | description: strong=database; tech=data,database,information,support; health= | tasks: strong=database; tech=analysis,computer,data,database,programming,software; health= | skill_knowledge: strong=; tech=analysis,computer,programming,systems; health= | software: strong=database; tech=analysis,data,database,information,network,programming; health=",0.945155,0.872838,0.433571,0.732834,0.917143,Partial skill reuse,no,,,4,4,0,Bachelor's Degree,Bachelor's Degree,4.35,0.0,low,no major upward education signal,medium,related work experience +2.4 categories,low,1.74,no,no,no,Distant category,照顧服務員; 居家服務督導員; 餐飲服務及接待員; 客戶服務人員; 櫃檯服務人員; 家事服務員/家庭清潔人員,家庭照顧服務員; 居家服務員; 居家服務照顧服務人員; 照顧服務員(中興院區吸呼照護病房); 照顧服務員; 居家照顧服務員(內湖、松山、南港); (9/10景美站小徵)照顧服務員; 瑞光小規機-照顧服務員,deterministic_keyword_field_weight_v1,0.72,Medium,yes,206,1241,32000,35000,monthly_only_excludes_hourly_daily_piece_and_negotiated,不拘:142; 高中:21; 專科:13; 高職:11; 國中:8; 國小:6; 大學:5,無:195; 1年以上:6; 2年以上:3; 3年以上:1; 1年內:1,台北市大安區:27; 台北市不限:27; 台北市中山區:23; 台北市松山區:21; 台北市北投區:20; 台北市大同區:17; 台北市士林區:15; 台北市內湖區:14,Moderate,Reading Comprehension (essential_skill: 3.88); Critical Thinking (essential_skill: 3.88); Complex Problem Solving (transferable_skill: 3.50); Active Listening (essential_skill: 3.50); Speaking (essential_skill: 3.38); Judgment and Decision Making (transferable_skill: 3.38); Writing (essential_skill: 3.25); Mathematics (knowledge: 3.23),"Programming (transferable_skill: target 3.75, RN 1.62)",possible_downward_or_low_value_mobility:lower_salary; job_zone_diff 0,review,Bridge candidate,Target-domain candidate that needs further validation; skill reuse may be partial or require major reskilling.,no
25,22,29-1141.00,Registered Nurses,Technology / AI,15-1299.06,Digital Forensics Analysts,"Conduct investigations on computer-based crimes establishing documentary or physical evidence, such as digital media and logs associated with cyber intrusion incidents. Analyze digital evidence and investigate computer security incidents to derive information in support of system and network vulnerability mitigation. Preserve and present computer-related evidence in support of criminal, fraud, counterintelligence, or law enforcement investigations.",deterministic_onet_target_domain_keyword_retrieval_v1,core_technology_soc,63.0,information systems,analysis; computer; data; digital; information; network; security; software; support; systems; technology; web,,software_application; technology_support; core_technology,"title: strong=; tech=digital; health= | description: strong=; tech=computer,digital,information,network,security,support; health= | tasks: strong=; tech=analysis,computer,data,digital,information,network; health= | skill_knowledge: strong=; tech=analysis,computer,systems,technology; health= | software: strong=information systems; tech=computer,data,information,network,security,software; health=",0.958829,0.886349,0.434167,0.719886,0.9825,Partial skill reuse,no,,,4,4,0,Bachelor's Degree,unknown,,,unknown,no O*NET required-level-of-education distribution available,low,no major upward training/experience signal,low,3.59,no,no,no,Distant category,照顧服務員; 居家服務督導員; 餐飲服務及接待員; 客戶服務人員; 櫃檯服務人員; 家事服務員/家庭清潔人員,家庭照顧服務員; 居家服務員; 居家服務照顧服務人員; 照顧服務員(中興院區吸呼照護病房); 照顧服務員; 居家照顧服務員(內湖、松山、南港); (9/10景美站小徵)照顧服務員; 瑞光小規機-照顧服務員,deterministic_keyword_field_weight_v1,0.72,Medium,yes,206,1241,32000,35000,monthly_only_excludes_hourly_daily_piece_and_negotiated,不拘:142; 高中:21; 專科:13; 高職:11; 國中:8; 國小:6; 大學:5,無:195; 1年以上:6; 2年以上:3; 3年以上:1; 1年內:1,台北市大安區:27; 台北市不限:27; 台北市中山區:23; 台北市松山區:21; 台北市北投區:20; 台北市大同區:17; 台北市士林區:15; 台北市內湖區:14,Moderate,Reading Comprehension (essential_skill: 3.75); English Language (knowledge: 3.70); Writing (essential_skill: 3.50); Judgment and Decision Making (transferable_skill: 3.50); Speaking (essential_skill: 3.50); Active Listening (essential_skill: 3.50); Complex Problem Solving (transferable_skill: 3.38); Active Learning (essential_skill: 3.38),"Computers and Electronics (knowledge: target 4.68, RN 2.59)",possible_downward_or_low_value_mobility:lower_salary; job_zone_diff 0,review,Bridge candidate,Target-domain candidate that needs further validation; skill reuse may be partial or require major reskilling.,no
26,27,29-1141.00,Registered Nurses,Technology / AI,15-2041.01,Biostatisticians,Develop and apply biostatistical theory and methods to the study of life sciences.,deterministic_onet_target_domain_keyword_retrieval_v1,core_technology_soc,57.5,biostatistics; clinical data; database,algorithm; analysis; computer; data; database; programming; software; statistical; statistics; systems; web,clinical; health; medical; medicine; patient; records,health_data; software_application; ai_data; core_technology,"description: strong=; tech=statistical; health= | tasks: strong=clinical data,biostatistics,database; tech=analysis,algorithm,data,database,software,statistical; health=clinical,health,medical,records | skill_knowledge: strong=; tech=analysis,computer,programming,systems; health=medicine | software: strong=database; tech=data,database,software,statistical,statistics,systems; health=clinical,medical,patient",0.965804,0.876031,0.454574,0.722729,1.02625,Partial skill reuse,no,,,4,5,1,Bachelor's Degree,Master's Degree,87.5,29.17,high,weighted education category +3.5; master's-or-higher share 87.5%,low,no major upward training/experience signal,low,2.25,no,no,no,Distant category,統計精算人員; 系統分析師; 行銷企劃人員; 軟(韌)體設計工程師; 市場調查/市調分析; 專櫃／門市（人員／儲備幹部）,約聘研究員; 企劃暨精算部-辦事員; 校務研究辦公室 誠徵資料分析專員(碩士級); AI行銷專員; AI系統設計師（AI System Designer）; 市場研究分析員; 婚鞋顧問｜平均薪資40K｜預約制高成交｜完整培訓; (9/16徵才)【總公司】行銷企劃資深高專,deterministic_keyword_field_weight_v1,0.846,Medium,yes,12,19,32455,47500,monthly_only_excludes_hourly_daily_piece_and_negotiated,大學:4; 專科:4; 碩士:2; 不拘:1; 高中:1,無:11; 1年以上:1,台北市大安區:3; 台北市中山區:2; 台北市松山區:2; 台北市中正區:1; 台北市大同區:1; 台北市內湖區:1; 台北市北投區:1; 台北市不限:1,Moderate,Critical Thinking (essential_skill: 4.00); Speaking (essential_skill: 4.00); Reading Comprehension (essential_skill: 3.88); Judgment and Decision Making (transferable_skill: 3.88); Active Listening (essential_skill: 3.88); English Language (knowledge: 3.88); Writing (essential_skill: 3.75); Active Learning (essential_skill: 3.50),,possible_downward_or_low_value_mobility:lower_salary; job_zone_diff 1,review,Bridge candidate,Target-domain candidate that needs further validation; skill reuse may be partial or require major reskilling.,yes
27,30,29-1141.00,Registered Nurses,Technology / AI,49-9062.00,Medical Equipment Repairers,"Test, adjust, or repair biomedical or electromedical equipment.",deterministic_onet_target_domain_keyword_retrieval_v1,explicit_health_technology,52.6,medical equipment,analysis; computer; software; systems; technology; web,biomedical; device; hospital; medical; patient; records,software_application; medical_device_technology,"title: strong=medical equipment; tech=; health=medical | description: strong=medical equipment; tech=; health=biomedical,medical | tasks: strong=medical equipment; tech=analysis,systems; health=device,hospital,medical,patient,records | skill_knowledge: strong=; tech=analysis,computer,systems,technology; health= | software: strong=medical equipment; tech=computer,software,web; health=medical",0.933697,0.807789,0.677778,0.64541,1.247143,Partial skill reuse,no,,,4,3,-1,Bachelor's Degree,Associate's Degree or other 2-year degree,0.0,0.0,low,no major upward education signal,low,no major upward training/experience signal,low,2.13,no,no,no,Distant category,其他產品維修人員; 電機技術人員; FAE工程師; 空調冷凍技術人員; 機構工程師; 電子工程師,連鎖超商餐飲設備維修工程師(無經驗可) (台北總公司); 電機技術人員; 技術維修工程師; 商用餐飲設備專案工程師 (台北總公司); 【台北大同】維護人員; 技術支援工程師; 技術支援工程師 Supporting Engineer(五五就業促進); 空調機電維護工程師,deterministic_keyword_field_weight_v1,0.854,Medium,yes,61,133,35000,45000,monthly_only_excludes_hourly_daily_piece_and_negotiated,專科:17; 高中:16; 大學:12; 高職:9; 不拘:6; 國中:1,無:42; 1年以上:9; 2年以上:6; 5年以上:2; 4年以上:1; 3年以上:1,台北市內湖區:16; 台北市信義區:7; 台北市大安區:7; 台北市中山區:6; 台北市不限:6; 台北市大同區:4; 台北市松山區:4; 台北市南港區:4,Moderate,Customer and Personal Service (knowledge: 3.87); English Language (knowledge: 3.58); Critical Thinking (essential_skill: 3.12); Reading Comprehension (essential_skill: 3.12); Mathematics (knowledge: 3.03); Active Listening (essential_skill: 3.00); Systems Analysis (transferable_skill: 3.00); Active Learning (essential_skill: 3.00),"Repairing (transferable_skill: target 4.25, RN 1.12); Equipment Maintenance (transferable_skill: target 4.00, RN 1.00); Mechanical (knowledge: target 4.17, RN 1.35); Troubleshooting (transferable_skill: target 3.88, RN 1.88)",possible_downward_or_low_value_mobility:lower_salary; job_zone_diff -1,review,Bridge candidate,Target-domain candidate that needs further validation; skill reuse may be partial or require major reskilling.,yes
28,31,29-1141.00,Registered Nurses,Technology / AI,31-9093.00,Medical Equipment Preparers,"Prepare, sterilize, install, or clean laboratory or healthcare equipment. May perform routine laboratory tasks and operate or inspect equipment.",deterministic_onet_target_domain_keyword_retrieval_v1,explicit_health_technology,47.7,database; medical equipment,analysis; data; database; product; security; software; systems,clinical; health; healthcare; hospital; medical; patient; records,software_application; medical_device_technology,"title: strong=medical equipment; tech=; health=medical | description: strong=; tech=; health=health,healthcare | tasks: strong=medical equipment; tech=systems; health=hospital,medical,patient,records | skill_knowledge: strong=; tech=analysis,security,product; health= | software: strong=database; tech=data,database,software; health=clinical,medical",0.964278,0.926522,0.248556,0.732308,0.87,Partial skill reuse,no,,,4,2,-2,Bachelor's Degree,High School Diploma or the equivalent (such as a GED),1.78,0.0,low,no major upward education signal,low,no major upward training/experience signal,low,,no,no,no,Cross-category,其他產品維修人員; 電機技術人員; FAE工程師; 空調冷凍技術人員; 機構工程師; 電子工程師,連鎖超商餐飲設備維修工程師(無經驗可) (台北總公司); 電機技術人員; 技術維修工程師; 商用餐飲設備專案工程師 (台北總公司); 【台北大同】維護人員; 技術支援工程師; 技術支援工程師 Supporting Engineer(五五就業促進); 空調機電維護工程師,deterministic_keyword_field_weight_v1,0.854,Medium,yes,61,133,35000,45000,monthly_only_excludes_hourly_daily_piece_and_negotiated,專科:17; 高中:16; 大學:12; 高職:9; 不拘:6; 國中:1,無:42; 1年以上:9; 2年以上:6; 5年以上:2; 4年以上:1; 3年以上:1,台北市內湖區:16; 台北市信義區:7; 台北市大安區:7; 台北市中山區:6; 台北市不限:6; 台北市大同區:4; 台北市松山區:4; 台北市南港區:4,Moderate,Customer and Personal Service (knowledge: 4.40); English Language (knowledge: 3.87); Critical Thinking (essential_skill: 3.50); Monitoring (essential_skill: 3.38); Active Listening (essential_skill: 3.25); Reading Comprehension (essential_skill: 3.12); Speaking (essential_skill: 3.12); Public Safety and Security (knowledge: 3.11),,possible_downward_or_low_value_mobility:lower_salary; job_zone_diff -2,review,Bridge candidate,Target-domain candidate that needs further validation; skill reuse may be partial or require major reskilling.,no
29,32,29-1141.00,Registered Nurses,Technology / AI,17-2112.01,Human Factors Engineers and Ergonomists,"Design objects, facilities, and environments to optimize human well-being and overall system performance, applying theory, principles, and data regarding the relationship between humans and respective technology. Investigate and analyze characteristics of human behavior and performance as it relates to the use of technology.",deterministic_onet_target_domain_keyword_retrieval_v1,technical_science_engineering,47.4,technical support,analysis; computer; data; information; network; product; software; statistical; statistics; support; systems; technology; web,health; records,health_data; software_application; technology_support,"description: strong=; tech=data,technology; health= | tasks: strong=technical support; tech=analysis,computer,data,information,network,statistical; health=health,records | skill_knowledge: strong=; tech=analysis,computer,systems,technology,product; health= | software: strong=; tech=computer,data,information,software,statistics,technology; health=",0.972624,0.887308,0.391242,0.715414,0.973,Partial skill reuse,no,,,4,5,1,Bachelor's Degree,Master's Degree,50.0,0.0,medium,weighted education category +2.0; master's-or-higher share 50.0%,low,no major upward training/experience signal,low,3.4,no,no,no,Distant category,照顧服務員; 居家服務督導員; 餐飲服務及接待員; 客戶服務人員; 櫃檯服務人員; 家事服務員/家庭清潔人員,家庭照顧服務員; 居家服務員; 居家服務照顧服務人員; 照顧服務員(中興院區吸呼照護病房); 照顧服務員; 居家照顧服務員(內湖、松山、南港); (9/10景美站小徵)照顧服務員; 瑞光小規機-照顧服務員,deterministic_keyword_field_weight_v1,0.72,Medium,yes,206,1241,32000,35000,monthly_only_excludes_hourly_daily_piece_and_negotiated,不拘:142; 高中:21; 專科:13; 高職:11; 國中:8; 國小:6; 大學:5,無:195; 1年以上:6; 2年以上:3; 3年以上:1; 1年內:1,台北市大安區:27; 台北市不限:27; 台北市中山區:23; 台北市松山區:21; 台北市北投區:20; 台北市大同區:17; 台北市士林區:15; 台北市內湖區:14,Moderate,Psychology (knowledge: 4.16); English Language (knowledge: 4.00); Critical Thinking (essential_skill: 4.00); Active Listening (essential_skill: 4.00); Speaking (essential_skill: 4.00); Reading Comprehension (essential_skill: 3.88); Writing (essential_skill: 3.75); Judgment and Decision Making (transferable_skill: 3.62),"Design (knowledge: target 3.85, RN 1.29); Engineering and Technology (knowledge: target 3.80, RN 1.51)",possible_downward_or_low_value_mobility:lower_salary; job_zone_diff 1,review,Bridge candidate,Target-domain candidate that needs further validation; skill reuse may be partial or require major reskilling.,yes
30,34,29-1141.00,Registered Nurses,Technology / AI,31-9091.00,Dental Assistants,"Perform limited clinical duties under the direction of a dentist. Clinical duties may include equipment preparation and sterilization, preparing patients for treatment, assisting the dentist during treatment, and providing patients with instructions for oral healthcare procedures. May perform administrative duties such as scheduling appointments, maintaining medical records, billing, and coding information for insurance purposes.",deterministic_onet_target_domain_keyword_retrieval_v1,explicit_health_technology,46.6,medical records,computer; information; product; software; systems; web,clinical; health; healthcare; medical; medicine; patient; records,clinical_health_informatics; software_application,"description: strong=medical records; tech=information; health=clinical,health,healthcare,medical,patient,records | tasks: strong=; tech=computer,information; health=medical,patient,records | skill_knowledge: strong=; tech=computer,product; health=medicine | software: strong=; tech=software,systems,web; health=medical",0.98191,0.955207,0.164167,0.78012,0.73,Partial skill reuse,no,,,4,3,-1,Bachelor's Degree,Post-Secondary Certificate,0.0,0.0,low,no major upward education signal,low,no major upward training/experience signal,low,3.29,no,no,no,Cross-category,照顧服務員; 居家服務督導員; 餐飲服務及接待員; 客戶服務人員; 櫃檯服務人員; 家事服務員/家庭清潔人員,家庭照顧服務員; 居家服務員; 居家服務照顧服務人員; 照顧服務員(中興院區吸呼照護病房); 照顧服務員; 居家照顧服務員(內湖、松山、南港); (9/10景美站小徵)照顧服務員; 瑞光小規機-照顧服務員,deterministic_keyword_field_weight_v1,0.72,Medium,yes,206,1241,32000,35000,monthly_only_excludes_hourly_daily_piece_and_negotiated,不拘:142; 高中:21; 專科:13; 高職:11; 國中:8; 國小:6; 大學:5,無:195; 1年以上:6; 2年以上:3; 3年以上:1; 1年內:1,台北市大安區:27; 台北市不限:27; 台北市中山區:23; 台北市松山區:21; 台北市北投區:20; 台北市大同區:17; 台北市士林區:15; 台北市內湖區:14,Moderate,Customer and Personal Service (knowledge: 4.40); Medicine and Dentistry (knowledge: 4.36); Active Listening (essential_skill: 3.88); English Language (knowledge: 3.76); Administrative (knowledge: 3.45); Speaking (essential_skill: 3.38); Administration and Management (knowledge: 3.29); Reading Comprehension (essential_skill: 3.25),,possible_downward_or_low_value_mobility:lower_salary; job_zone_diff -1,review,Bridge candidate,Target-domain candidate that needs further validation; skill reuse may be partial or require major reskilling.,no
31,37,29-1141.00,Registered Nurses,Technology / AI,17-3024.01,Robotics Technicians,"Build, install, test, or maintain robotic equipment or related automated production systems.",deterministic_onet_target_domain_keyword_retrieval_v1,technical_science_engineering,42.4,artificial intelligence; database,analysis; computer; data; database; product; programming; software; systems; technology; web,device; records,software_application; ai_data,"description: strong=; tech=systems,product; health= | tasks: strong=artificial intelligence; tech=analysis,computer,programming,software,systems,product; health=device,records | skill_knowledge: strong=; tech=analysis,computer,systems,technology,product; health= | software: strong=database; tech=computer,data,database,software,systems,web; health=",0.920041,0.756391,0.874444,0.642564,1.305,Partial skill reuse,no,,,4,3,-1,Bachelor's Degree,Associate's Degree or other 2-year degree,0.0,0.0,low,no major upward education signal,medium,related work experience +1.7 categories,low,2.86,no,no,no,Distant category,照顧服務員; 居家服務督導員; 餐飲服務及接待員; 客戶服務人員; 櫃檯服務人員; 家事服務員/家庭清潔人員,家庭照顧服務員; 居家服務員; 居家服務照顧服務人員; 照顧服務員(中興院區吸呼照護病房); 照顧服務員; 居家照顧服務員(內湖、松山、南港); (9/10景美站小徵)照顧服務員; 瑞光小規機-照顧服務員,deterministic_keyword_field_weight_v1,0.72,Medium,yes,206,1241,32000,35000,monthly_only_excludes_hourly_daily_piece_and_negotiated,不拘:142; 高中:21; 專科:13; 高職:11; 國中:8; 國小:6; 大學:5,無:195; 1年以上:6; 2年以上:3; 3年以上:1; 1年內:1,台北市大安區:27; 台北市不限:27; 台北市中山區:23; 台北市松山區:21; 台北市北投區:20; 台北市大同區:17; 台北市士林區:15; 台北市內湖區:14,Moderate,Reading Comprehension (essential_skill: 3.88); Critical Thinking (essential_skill: 3.88); Active Listening (essential_skill: 3.75); Complex Problem Solving (transferable_skill: 3.50); English Language (knowledge: 3.50); Mathematics (knowledge: 3.43); Speaking (essential_skill: 3.25); Writing (essential_skill: 3.25),"Repairing (transferable_skill: target 4.00, RN 1.12); Equipment Maintenance (transferable_skill: target 3.88, RN 1.00); Engineering and Technology (knowledge: target 4.36, RN 1.51); Mechanical (knowledge: target 3.73, RN 1.35); Design (knowledge: target 3.55, RN 1.29)",possible_downward_or_low_value_mobility:lower_salary; job_zone_diff -1,review,Bridge candidate,Target-domain candidate that needs further validation; skill reuse may be partial or require major reskilling.,no
32,24,29-1141.00,Registered Nurses,Technology / AI,15-1232.00,Computer User Support Specialists,"Provide technical assistance to computer users. Answer questions or resolve computer problems for clients in person, via telephone, or electronically. May provide assistance concerning the use of computer hardware and software, including printing, installation, word processing, electronic mail, and operating systems.",deterministic_onet_target_domain_keyword_retrieval_v1,core_technology_soc,60.7,computer systems; user support,analysis; computer; data; product; programming; software; support; systems; technology; web,records,software_application; technology_support; core_technology,"title: strong=user support; tech=computer,support; health= | description: strong=; tech=computer,software,systems; health= | tasks: strong=computer systems; tech=analysis,computer,data,software,systems,product; health=records | skill_knowledge: strong=; tech=analysis,computer,systems,technology; health= | software: strong=; tech=computer,data,programming,software,web; health=",0.943935,0.887289,0.410926,0.580735,1.501667,Major reskilling,no,,,4,3,-1,Bachelor's Degree,Bachelor's Degree,4.37,4.05,low,no major upward education signal,low,related work experience +1.0 categories,low,2.47,no,no,no,Distant category,MIS╱網管類人員; 資訊設備管制人員; MIS程式設計師; FAE工程師; 資訊助理員; 助理工程師,MIS工程師_台北; (9/16徵才)應用運維副工程_ IT; M023 系統工程師(資訊科技部); MIS程式設計師-台北市; 資訊處-程式設計師; 技術支援工程師; 資訊MIS工程師助理; MIS-ERP軟體工程師(A),deterministic_keyword_field_weight_v1,1.0,High,no,46,90,35000,42000,monthly_only_excludes_hourly_daily_piece_and_negotiated,專科:19; 大學:12; 高中:7; 高職:4; 不拘:3; 碩士:1,無:30; 1年以上:10; 2年以上:3; 3年以上:2; 5年以上:1,台北市內湖區:12; 台北市大安區:9; 台北市信義區:7; 台北市北投區:3; 台北市中正區:3; 台北市中山區:3; 台北市松山區:2; 台北市南港區:2,Strong,Customer and Personal Service (knowledge: 4.12); Active Listening (essential_skill: 4.00); Speaking (essential_skill: 4.00); Reading Comprehension (essential_skill: 3.88); English Language (knowledge: 3.79); Critical Thinking (essential_skill: 3.75); Complex Problem Solving (transferable_skill: 3.50); Writing (essential_skill: 3.50),"Computers and Electronics (knowledge: target 4.93, RN 2.59); Mechanical (knowledge: target 3.66, RN 1.35); Engineering and Technology (knowledge: target 3.62, RN 1.51)",possible_downward_or_low_value_mobility:lower_salary; job_zone_diff -1,review,Bridge candidate,Target-domain candidate that needs further validation; skill reuse may be partial or require major reskilling.,no
33,13,29-1141.00,Registered Nurses,Technology / AI,15-2051.00,Data Scientists,"Develop and implement a set of techniques or analytics applications to transform raw data into meaningful information using data-oriented programming languages and visualization software. Apply data mining, data modeling, natural language processing, and machine learning to extract and analyze information from large structured and unstructured datasets. Visualize, interpret, and report data findings. May create dynamic data reports.",deterministic_onet_target_domain_keyword_retrieval_v1,core_technology_soc,75.9,data scientist; information systems; machine learning,algorithm; analysis; analytics; computer; data; information; network; programming; software; statistical; statistics; systems; technologies; web,health; healthcare,health_data; software_application; ai_data; technology_support; core_technology,"title: strong=data scientist; tech=data; health= | description: strong=machine learning; tech=analytics,data,information,programming,software; health= | tasks: strong=; tech=analysis,algorithm,data,programming,software,statistical; health=health,healthcare | skill_knowledge: strong=; tech=computer,programming; health= | software: strong=information systems; tech=analytics,analysis,data,information,network,software; health=",0.948126,0.844401,0.580694,0.622854,1.5925,Major reskilling,no,,,4,4,0,Bachelor's Degree,unknown,,,unknown,no O*NET required-level-of-education distribution available,low,no major upward training/experience signal,low,1.88,no,no,no,Distant category,統計精算人員; 系統分析師; 行銷企劃人員; 軟(韌)體設計工程師; 市場調查/市調分析; 專櫃／門市（人員／儲備幹部）,約聘研究員; 企劃暨精算部-辦事員; 校務研究辦公室 誠徵資料分析專員(碩士級); AI行銷專員; AI系統設計師（AI System Designer）; 市場研究分析員; 婚鞋顧問｜平均薪資40K｜預約制高成交｜完整培訓; (9/16徵才)【總公司】行銷企劃資深高專,deterministic_keyword_field_weight_v1,0.846,Medium,yes,12,19,32455,47500,monthly_only_excludes_hourly_daily_piece_and_negotiated,大學:4; 專科:4; 碩士:2; 不拘:1; 高中:1,無:11; 1年以上:1,台北市大安區:3; 台北市中山區:2; 台北市松山區:2; 台北市中正區:1; 台北市大同區:1; 台北市內湖區:1; 台北市北投區:1; 台北市不限:1,Moderate,Critical Thinking (essential_skill: 4.00); Reading Comprehension (essential_skill: 3.88); Speaking (essential_skill: 3.62); Writing (essential_skill: 3.50); Active Learning (essential_skill: 3.50); Complex Problem Solving (transferable_skill: 3.50); Active Listening (essential_skill: 3.50); Mathematics (knowledge: 3.43),"Programming (transferable_skill: target 3.75, RN 1.62); Computers and Electronics (knowledge: target 4.24, RN 2.59); Mathematics (essential_skill: target 4.38, RN 2.88)",possible_downward_or_low_value_mobility:lower_salary; job_zone_diff 0,review,Bridge candidate,Target-domain candidate that needs further validation; skill reuse may be partial or require major reskilling.,no
34,35,29-1141.00,Registered Nurses,Technology / AI,17-2072.01,Radio Frequency Identification Device Specialists,Design and implement radio frequency identification device (RFID) systems used to track shipments or goods.,deterministic_onet_target_domain_keyword_retrieval_v1,technical_science_engineering,43.4,technical support,analysis; computer; data; information; network; product; programming; software; support; systems; technologies; technology,device,software_application; technology_support,"title: strong=; tech=; health=device | description: strong=; tech=systems; health=device | tasks: strong=technical support; tech=analysis,data,information,network,programming,software; health=device | skill_knowledge: strong=; tech=analysis,computer,systems,technology,product; health= | software: strong=; tech=analysis,computer,data,information,network,software; health=device",0.951571,0.898474,0.374329,0.60422,1.531667,Major reskilling,no,,,4,4,0,Bachelor's Degree,Bachelor's Degree,7.66,0.0,low,no major upward education signal,medium,related work experience +2.6 categories,low,,no,no,no,Distant category,照顧服務員; 居家服務督導員; 餐飲服務及接待員; 客戶服務人員; 櫃檯服務人員; 家事服務員/家庭清潔人員,家庭照顧服務員; 居家服務員; 居家服務照顧服務人員; 照顧服務員(中興院區吸呼照護病房); 照顧服務員; 居家照顧服務員(內湖、松山、南港); (9/10景美站小徵)照顧服務員; 瑞光小規機-照顧服務員,deterministic_keyword_field_weight_v1,0.72,Medium,yes,206,1241,32000,35000,monthly_only_excludes_hourly_daily_piece_and_negotiated,不拘:142; 高中:21; 專科:13; 高職:11; 國中:8; 國小:6; 大學:5,無:195; 1年以上:6; 2年以上:3; 3年以上:1; 1年內:1,台北市大安區:27; 台北市不限:27; 台北市中山區:23; 台北市松山區:21; 台北市北投區:20; 台北市大同區:17; 台北市士林區:15; 台北市內湖區:14,Moderate,English Language (knowledge: 4.18); Critical Thinking (essential_skill: 3.88); Active Listening (essential_skill: 3.75); Speaking (essential_skill: 3.75); Reading Comprehension (essential_skill: 3.62); Customer and Personal Service (knowledge: 3.59); Mathematics (knowledge: 3.43); Complex Problem Solving (transferable_skill: 3.38),"Engineering and Technology (knowledge: target 4.56, RN 1.51); Design (knowledge: target 3.70, RN 1.29); Computers and Electronics (knowledge: target 4.80, RN 2.59)",possible_downward_or_low_value_mobility:lower_salary; job_zone_diff 0,review,Bridge candidate,Target-domain candidate that needs further validation; skill reuse may be partial or require major reskilling.,no
35,38,29-1141.00,Registered Nurses,Technology / AI,17-2199.08,Robotics Engineers,"Research, design, develop, or test robotic applications.",deterministic_onet_target_domain_keyword_retrieval_v1,technical_science_engineering,38.2,database; technical support,algorithm; analysis; computer; data; database; information; product; programming; software; support; systems; technology; web,device,software_application; ai_data; technology_support,"tasks: strong=technical support; tech=analysis,algorithm,computer,data,programming,software; health=device | skill_knowledge: strong=; tech=analysis,computer,programming,systems,technology,product; health= | software: strong=database; tech=analysis,computer,data,database,information,software; health=",0.929129,0.761835,0.923074,0.605669,1.480714,Major reskilling,no,,,4,4,0,Bachelor's Degree,Bachelor's Degree,23.34,6.67,low,weighted education category +1.4,low,related work experience +1.2 categories,low,2.27,no,no,no,Distant category,照顧服務員; 居家服務督導員; 餐飲服務及接待員; 客戶服務人員; 櫃檯服務人員; 家事服務員/家庭清潔人員,家庭照顧服務員; 居家服務員; 居家服務照顧服務人員; 照顧服務員(中興院區吸呼照護病房); 照顧服務員; 居家照顧服務員(內湖、松山、南港); (9/10景美站小徵)照顧服務員; 瑞光小規機-照顧服務員,deterministic_keyword_field_weight_v1,0.72,Medium,yes,206,1241,32000,35000,monthly_only_excludes_hourly_daily_piece_and_negotiated,不拘:142; 高中:21; 專科:13; 高職:11; 國中:8; 國小:6; 大學:5,無:195; 1年以上:6; 2年以上:3; 3年以上:1; 1年內:1,台北市大安區:27; 台北市不限:27; 台北市中山區:23; 台北市松山區:21; 台北市北投區:20; 台北市大同區:17; 台北市士林區:15; 台北市內湖區:14,Moderate,English Language (knowledge: 4.00); Critical Thinking (essential_skill: 4.00); Judgment and Decision Making (transferable_skill: 3.88); Active Listening (essential_skill: 3.88); Reading Comprehension (essential_skill: 3.88); Monitoring (essential_skill: 3.75); Writing (essential_skill: 3.75); Active Learning (essential_skill: 3.50),"Design (knowledge: target 4.63, RN 1.29); Engineering and Technology (knowledge: target 4.79, RN 1.51); Mechanical (knowledge: target 4.21, RN 1.35)",possible_downward_or_low_value_mobility:lower_salary; job_zone_diff 0,review,Bridge candidate,Target-domain candidate that needs further validation; skill reuse may be partial or require major reskilling.,no
36,3,29-1141.00,Registered Nurses,Technology / AI,19-1029.01,Bioinformatics Scientists,"Conduct research using bioinformatics theory and methods in areas such as pharmaceuticals, medical technology, biotechnology, computational biology, proteomics, computer information science, biology and medical informatics. May design databases and develop algorithms for processing and analyzing genomic information, or other biological information.",deterministic_onet_target_domain_keyword_retrieval_v1,technology_title,96.1,bioinformatics; database; machine learning; software developer,algorithm; analysis; computer; data; database; information; product; programming; software; statistical; statistics; systems; technologies; technology; web,clinical; medical,health_data; software_application; ai_data,"title: strong=bioinformatics; tech=; health= | description: strong=bioinformatics,database; tech=algorithm,computer,data,database,information,technology; health=medical | tasks: strong=bioinformatics,machine learning,software developer,database; tech=analysis,algorithm,data,database,information,programming; health=clinical | skill_knowledge: strong=; tech=analysis,computer,programming,systems,technology; health= | software: strong=; tech=analysis,data,information,software,statistics,technologies; health=",0.938668,0.835099,0.657857,0.678235,1.24,Partial skill reuse,no,,,4,5,1,Bachelor's Degree,Master's Degree,93.5,51.4,high,weighted education category +4.5; master's-or-higher share 93.5%; doctoral/professional/postdoctoral share 51.4%,medium,related work experience +1.7 categories,low,3.14,no,no,no,Distant category,統計精算人員; 系統分析師; 行銷企劃人員; 軟(韌)體設計工程師; 市場調查/市調分析; 專櫃／門市（人員／儲備幹部）,約聘研究員; 企劃暨精算部-辦事員; 校務研究辦公室 誠徵資料分析專員(碩士級); AI行銷專員; AI系統設計師（AI System Designer）; 市場研究分析員; 婚鞋顧問｜平均薪資40K｜預約制高成交｜完整培訓; (9/16徵才)【總公司】行銷企劃資深高專,deterministic_keyword_field_weight_v1,0.846,Medium,yes,12,19,32455,47500,monthly_only_excludes_hourly_daily_piece_and_negotiated,大學:4; 專科:4; 碩士:2; 不拘:1; 高中:1,無:11; 1年以上:1,台北市大安區:3; 台北市中山區:2; 台北市松山區:2; 台北市中正區:1; 台北市大同區:1; 台北市內湖區:1; 台北市北投區:1; 台北市不限:1,Moderate,English Language (knowledge: 4.18); Critical Thinking (essential_skill: 4.00); Active Listening (essential_skill: 4.00); Speaking (essential_skill: 4.00); Reading Comprehension (essential_skill: 3.88); Judgment and Decision Making (transferable_skill: 3.75); Writing (essential_skill: 3.75); Complex Problem Solving (transferable_skill: 3.50),"Engineering and Technology (knowledge: target 4.35, RN 1.51); Computers and Electronics (knowledge: target 4.70, RN 2.59); Biology (knowledge: target 4.93, RN 3.02)",possible_downward_or_low_value_mobility:lower_salary; job_zone_diff 1,exclude,Infeasible / high-barrier,"Target-domain candidate, but education/credential/preparation barrier is too high for this exploratory screen.",no
37,36,29-1141.00,Registered Nurses,Technology / AI,17-3026.01,Nanotechnology Engineering Technologists and Technicians,"Implement production processes and operate commercial-scale production equipment to produce, test, or modify materials, devices, or systems of unique molecular or macromolecular composition. Operate advanced microscopy equipment to manipulate nanoscale objects. Work under the supervision of nanoengineering staff.",deterministic_onet_target_domain_keyword_retrieval_v1,technical_science_engineering,42.8,,analysis; computer; data; product; software; systems; technologies; technology,device; health,software_application,"title: strong=; tech=technology; health= | description: strong=; tech=systems,product; health=device | tasks: strong=; tech=analysis,data,systems,technology,technologies,product; health=device,health | skill_knowledge: strong=; tech=analysis,computer,systems,technology,product; health= | software: strong=; tech=analysis,data,software,systems; health=",0.940242,0.791741,0.740545,0.677121,1.141818,Partial skill reuse,no,,,4,4,0,Bachelor's Degree,Doctoral Degree,60.0,50.0,high,weighted education category +3.5; master's-or-higher share 60.0%; doctoral/professional/postdoctoral share 50.0%; doctoral/professional occupation pattern,low,related work experience +1.3 categories,low,2.25,no,no,no,Distant category,照顧服務員; 居家服務督導員; 餐飲服務及接待員; 客戶服務人員; 櫃檯服務人員; 家事服務員/家庭清潔人員,家庭照顧服務員; 居家服務員; 居家服務照顧服務人員; 照顧服務員(中興院區吸呼照護病房); 照顧服務員; 居家照顧服務員(內湖、松山、南港); (9/10景美站小徵)照顧服務員; 瑞光小規機-照顧服務員,deterministic_keyword_field_weight_v1,0.72,Medium,yes,206,1241,32000,35000,monthly_only_excludes_hourly_daily_piece_and_negotiated,不拘:142; 高中:21; 專科:13; 高職:11; 國中:8; 國小:6; 大學:5,無:195; 1年以上:6; 2年以上:3; 3年以上:1; 1年內:1,台北市大安區:27; 台北市不限:27; 台北市中山區:23; 台北市松山區:21; 台北市北投區:20; 台北市大同區:17; 台北市士林區:15; 台北市內湖區:14,Moderate,English Language (knowledge: 4.15); Critical Thinking (essential_skill: 4.00); Reading Comprehension (essential_skill: 3.88); Writing (essential_skill: 3.75); Active Listening (essential_skill: 3.62); Complex Problem Solving (transferable_skill: 3.50); Mathematics (knowledge: 3.43); Monitoring (essential_skill: 3.38),"Engineering and Technology (knowledge: target 4.35, RN 1.51)",possible_downward_or_low_value_mobility:lower_salary; job_zone_diff 0,exclude,Infeasible / high-barrier,"Target-domain candidate, but education/credential/preparation barrier is too high for this exploratory screen.",no
