workplace_id,workplace_name,workplace_district,workplace_lat,workplace_lon,preference_mode,rank,candidate_name,district,lat,lon,rent,official_median_rent,commute_minutes,transfer_count,rent_saving_vs_neihu,preference_cost,preference_score,normalized_rent,normalized_commute,rent_weight,commute_weight,is_pareto_efficient,dominated_by,route_summary,livability_index,food_count,shopping_count,recreation_count,culture_count,medical_count,total_poi_count,normalized_livability,livability_cost,livability_weight
gangqian_neihu,港墘站,內湖,25.08007,121.57516,省租型,1,淡水站,淡水區,25.167745,121.445805,10000,10000,67.8,1,9500,0.3,0.7,0.0,1.0,0.7,0.3,True,,MRT 淡水信義線 (淡水->圓山) | Bus 內科快線1 (捷運圓山站->瑞光港墘路口),,,,,,,,,,
gangqian_neihu,港墘站,內湖,25.08007,121.57516,省租型,2,汐止車站,汐止區,25.0679,121.66113,14000,14000,47.2,1,5500,0.5154471544715447,0.48455284552845534,0.6666666666666666,0.1626016260162602,0.7,0.3,True,,Bus 藍22 (汐止公園->捷運南港展覽館站(南港路)) | MRT 文湖線 (南港展覽館->港墘),,,,,,,,,,
gangqian_neihu,港墘站,內湖,25.08007,121.57516,省租型,3,樹林車站,樹林區,24.99123,121.42442,13000,13000,64.7,1,6500,0.6121951219512195,0.3878048780487805,0.5,0.8739837398373985,0.7,0.3,True,,TRA 鶯歌-蘇澳新 (樹林->松山) | Bus 藍7 (玉成里->捷運港墘站(內湖高工)),,,,,,,,,,
gangqian_neihu,港墘站,內湖,25.08007,121.57516,省租型,4,板橋站,板橋區,25.014098,121.462671,16000,16000,43.2,1,3500,0.7,0.30000000000000004,1.0,0.0,0.7,0.3,True,,MRT 板南線 (板橋->忠孝復興) | MRT 文湖線 (忠孝復興->港墘),,,,,,,,,,
gangqian_neihu,港墘站,內湖,25.08007,121.57516,平衡型,1,汐止車站,汐止區,25.0679,121.66113,14000,14000,47.2,1,5500,0.4146341463414634,0.5853658536585367,0.6666666666666666,0.1626016260162602,0.5,0.5,True,,Bus 藍22 (汐止公園->捷運南港展覽館站(南港路)) | MRT 文湖線 (南港展覽館->港墘),,,,,,,,,,
gangqian_neihu,港墘站,內湖,25.08007,121.57516,平衡型,2,板橋站,板橋區,25.014098,121.462671,16000,16000,43.2,1,3500,0.5,0.5,1.0,0.0,0.5,0.5,True,,MRT 板南線 (板橋->忠孝復興) | MRT 文湖線 (忠孝復興->港墘),,,,,,,,,,
gangqian_neihu,港墘站,內湖,25.08007,121.57516,平衡型,3,淡水站,淡水區,25.167745,121.445805,10000,10000,67.8,1,9500,0.5,0.5,0.0,1.0,0.5,0.5,True,,MRT 淡水信義線 (淡水->圓山) | Bus 內科快線1 (捷運圓山站->瑞光港墘路口),,,,,,,,,,
gangqian_neihu,港墘站,內湖,25.08007,121.57516,平衡型,4,樹林車站,樹林區,24.99123,121.42442,13000,13000,64.7,1,6500,0.6869918699186992,0.3130081300813008,0.5,0.8739837398373985,0.5,0.5,True,,TRA 鶯歌-蘇澳新 (樹林->松山) | Bus 藍7 (玉成里->捷運港墘站(內湖高工)),,,,,,,,,,
gangqian_neihu,港墘站,內湖,25.08007,121.57516,通勤型,1,板橋站,板橋區,25.014098,121.462671,16000,16000,43.2,1,3500,0.3,0.7,1.0,0.0,0.3,0.7,True,,MRT 板南線 (板橋->忠孝復興) | MRT 文湖線 (忠孝復興->港墘),,,,,,,,,,
gangqian_neihu,港墘站,內湖,25.08007,121.57516,通勤型,2,汐止車站,汐止區,25.0679,121.66113,14000,14000,47.2,1,5500,0.31382113821138213,0.6861788617886179,0.6666666666666666,0.1626016260162602,0.3,0.7,True,,Bus 藍22 (汐止公園->捷運南港展覽館站(南港路)) | MRT 文湖線 (南港展覽館->港墘),,,,,,,,,,
gangqian_neihu,港墘站,內湖,25.08007,121.57516,通勤型,3,淡水站,淡水區,25.167745,121.445805,10000,10000,67.8,1,9500,0.7,0.30000000000000004,0.0,1.0,0.3,0.7,True,,MRT 淡水信義線 (淡水->圓山) | Bus 內科快線1 (捷運圓山站->瑞光港墘路口),,,,,,,,,,
gangqian_neihu,港墘站,內湖,25.08007,121.57516,通勤型,4,樹林車站,樹林區,24.99123,121.42442,13000,13000,64.7,1,6500,0.7617886178861789,0.2382113821138211,0.5,0.8739837398373985,0.3,0.7,True,,TRA 鶯歌-蘇澳新 (樹林->松山) | Bus 藍7 (玉成里->捷運港墘站(內湖高工)),,,,,,,,,,
gangqian_neihu,港墘站,內湖,25.08007,121.57516,生活品質型,1,板橋站,板橋區,25.014098,121.462671,16000,16000,43.2,1,3500,0.14117647058823532,0.8588235294117647,0.7058823529411765,0.0,0.2,0.2,True,,MRT 板南線 (板橋->忠孝復興) | MRT 文湖線 (忠孝復興->港墘),0.8019162575013639,193.0,57.0,59.0,10.0,19.0,338.0,1.0,0.0,0.6
gangqian_neihu,港墘站,內湖,25.08007,121.57516,生活品質型,2,大坪林站,新店區,24.98272,121.54134,15500,15500,50.8,1,4000,0.22701624709490997,0.77298375290509,0.6470588235294118,0.15866388308977025,0.2,0.2,False,汐止車站,MRT 松山新店線 (大坪林->南京復興) | MRT 文湖線 (南京復興->港墘),0.7171376811594202,256.0,49.0,34.0,4.0,48.0,391.0,0.8902138237148775,0.10978617628512255,0.6
gangqian_neihu,港墘站,內湖,25.08007,121.57516,生活品質型,3,樹林車站,樹林區,24.99123,121.42442,13000,13000,64.7,1,6500,0.29646602820506585,0.7035339717949342,0.35294117647058826,0.4488517745302715,0.2,0.2,True,,TRA 鶯歌-蘇澳新 (樹林->松山) | Bus 藍7 (玉成里->捷運港墘站(內湖高工)),0.6267424907295398,198.0,42.0,23.0,9.0,33.0,305.0,0.7731542699918436,0.22684573000815644,0.6
gangqian_neihu,港墘站,內湖,25.08007,121.57516,生活品質型,4,三峽北大特區,三峽區,24.94489,121.37368,10000,10000,91.1,1,9500,0.3944378982821689,0.6055621017178311,0.0,1.0,0.2,0.2,False,淡水站; 泰山站,Bus 939 (臺北大學正門->敦化和平路口) | MRT 文湖線 (六張犁->港墘),0.5516696909319481,157.0,39.0,52.0,6.0,11.0,265.0,0.6759368361963852,0.3240631638036148,0.6
gangqian_neihu,港墘站,內湖,25.08007,121.57516,生活品質型,5,景安站,中和區,24.99392,121.505114,15000,15000,63.8,1,4500,0.3988470110320652,0.6011529889679348,0.5882352941176471,0.43006263048016696,0.2,0.2,False,汐止車站; 三重站; 頂溪站; 土城站,MRT 中和新蘆線 (景安->中山國小) | Bus 內湖幹線 (台泥大樓(馬偕醫院)->捷運港墘站(內湖高工)),0.5507050293729294,137.0,62.0,23.0,3.0,36.0,261.0,0.6746876231458293,0.3253123768541707,0.6
gangqian_neihu,港墘站,內湖,25.08007,121.57516,生活品質型,6,頂溪站,永和區,25.01308,121.515398,15000,15000,51.7,1,4500,0.41461896323546776,0.5853810367645322,0.5882352941176471,0.17745302713987476,0.2,0.2,False,汐止車站,Bus 內科通勤專車2 (捷運頂溪站->基湖站) | MRT 文湖線 (西湖->港墘),0.4653831131351945,132.0,54.0,27.0,4.0,16.0,233.0,0.5641978350267277,0.4358021649732723,0.6
gangqian_neihu,港墘站,內湖,25.08007,121.57516,生活品質型,7,淡水站,淡水區,25.167745,121.445805,10000,10000,67.8,1,9500,0.42037233821216785,0.5796276617878322,0.0,0.5135699373695198,0.2,0.2,True,,MRT 淡水信義線 (淡水->圓山) | Bus 內科快線1 (捷運圓山站->瑞光港墘路口),0.3930818053875408,218.0,31.0,25.0,3.0,11.0,288.0,0.4705694154362269,0.5294305845637731,0.6
gangqian_neihu,港墘站,內湖,25.08007,121.57516,生活品質型,8,三重站,三重區,25.05571,121.48422,15000,15000,51.7,1,4500,0.45479907946913245,0.5452009205308675,0.5882352941176471,0.17745302713987476,0.2,0.2,False,汐止車站,MRT 中和新蘆線 (三重->民權西路) | Bus 內湖幹線 (大同公司(晴光市場)->捷運港墘站(內湖高工)),0.4136702720652767,82.0,48.0,30.0,5.0,12.0,177.0,0.49723097463728655,0.5027690253627135,0.6
gangqian_neihu,港墘站,內湖,25.08007,121.57516,生活品質型,9,汐止車站,汐止區,25.0679,121.66113,14000,14000,47.2,1,5500,0.4721295189251383,0.5278704810748617,0.47058823529411764,0.08350730688935283,0.2,0.2,True,,Bus 藍22 (汐止公園->捷運南港展覽館站(南港路)) | MRT 文湖線 (南港展覽館->港墘),0.336900483882445,67.0,41.0,22.0,5.0,12.0,147.0,0.3978159825192595,0.6021840174807405,0.6
gangqian_neihu,港墘站,內湖,25.08007,121.57516,生活品質型,10,泰山站,泰山區,25.05321,121.43943,10000,10000,68.6,1,9500,0.5640410330178061,0.43595896698219394,0.0,0.5302713987473903,0.2,0.2,False,淡水站,Bus 786 (捷運泰山站->泰山國中) | Bus 946副 (高公局->瑞光港墘路口),0.2124755489140318,60.0,18.0,26.0,3.0,12.0,119.0,0.23668874455278682,0.7633112554472132,0.6
gangqian_neihu,港墘站,內湖,25.08007,121.57516,生活品質型,11,新莊站,新莊區,25.03608,121.45218,15700,15700,61.3,1,3800,0.5965859450260047,0.4034140549739953,0.6705882352941176,0.3778705636743214,0.2,0.2,False,汐止車站; 大坪林站; 三重站; 頂溪站; 土城站,MRT 中和新蘆線 (新莊->民權西路) | Bus 內湖幹線 (大同公司(晴光市場)->捷運港墘站(內湖高工)),0.3039735090174498,63.0,27.0,30.0,3.0,20.0,143.0,0.3551763579461384,0.6448236420538616,0.6
gangqian_neihu,港墘站,內湖,25.08007,121.57516,生活品質型,12,蘆洲站,蘆洲區,25.09152,121.46471,18500,18500,53.8,1,1000,0.6297883406844116,0.3702116593155884,1.0,0.2212943632567849,0.2,0.2,False,板橋站; 汐止車站; 大坪林站; 三重站; 頂溪站; 土城站,MRT 中和新蘆線 (蘆洲->民權西路) | Bus 內湖幹線 (大同公司(晴光市場)->捷運港墘站(內湖高工)),0.3057299350870118,104.0,36.0,33.0,2.0,5.0,180.0,0.35745088661157576,0.6425491133884242,0.6
gangqian_neihu,港墘站,內湖,25.08007,121.57516,生活品質型,13,土城站,土城區,24.97313,121.44432,14500,14500,53.6,1,5000,0.6327764373510243,0.3672235626489757,0.5294117647058824,0.21711899791231734,0.2,0.2,False,汐止車站,MRT 板南線 (土城->忠孝復興) | MRT 文湖線 (忠孝復興->港墘),0.1796775896012713,37.0,17.0,21.0,3.0,15.0,93.0,0.19421619195435935,0.8057838080456406,0.6
gangqian_neihu,港墘站,內湖,25.08007,121.57516,生活品質型,14,鶯歌車站,鶯歌區,24.95455,121.35517,14500,14500,71.7,1,5000,0.7437364250424856,0.2562635749575144,0.5294117647058824,0.594989561586639,0.2,0.2,False,汐止車站; 土城站; 樹林車站; 淡水站; 泰山站,TRA 新竹-基隆 (鶯歌->松山) | Bus 藍7 (玉成里->捷運港墘站(內湖高工)),0.1341350601295097,22.0,14.0,14.0,5.0,8.0,63.0,0.13523973369336442,0.8647602663066356,0.6
gangqian_neihu,港墘站,內湖,25.08007,121.57516,生活品質型,15,林口站,林口區,25.0658,121.36134,18000,18000,74.5,1,1500,0.813442412843079,0.18655758715692095,0.9411764705882353,0.6534446764091859,0.2,0.2,False,板橋站; 汐止車站; 大坪林站; 三重站; 頂溪站; 土城站; 新莊站; 景安站; 樹林車站; 五股區公所; 淡水站; 泰山站; 鶯歌車站,Bus 967副 (林口轉運站->松山機場) | MRT 文湖線 (松山機場->港墘),0.1654586604679111,93.0,24.0,19.0,1.0,5.0,142.0,0.17580302759400862,0.8241969724059914,0.6
gangqian_neihu,港墘站,內湖,25.08007,121.57516,生活品質型,16,五股區公所,五股區,25.082744,121.4383484,16000,16000,66.8,2,3500,0.8397150927176716,0.16028490728232836,0.7058823529411765,0.4926931106471816,0.2,0.2,False,板橋站; 汐止車站; 大坪林站; 三重站; 頂溪站; 土城站; 新莊站; 景安站; 樹林車站,Bus 963 (五股區公所(五股公有市場)->捷運新埔站) | MRT 板南線 (新埔->忠孝復興) | MRT 文湖線 (忠孝復興->港墘),0.0297008547008547,47.0,16.0,13.0,0.0,1.0,77.0,0.0,1.0,0.6
taipei_city_hall_xinyi,市政府站,信義,25.041135,121.565685,省租型,1,泰山站,泰山區,25.05321,121.43943,10000,10000,39.6,1,9500,0.3,0.7,0.0,1.0,0.7,0.3,True,,MRT 桃園機場捷運線 (泰山站->台北車站) | MRT 板南線 (台北車站->市政府),,,,,,,,,,
taipei_city_hall_xinyi,市政府站,信義,25.041135,121.565685,省租型,2,汐止車站,汐止區,25.0679,121.66113,14000,14000,32.1,1,5500,0.5974937343358395,0.4025062656641605,0.6666666666666666,0.4360902255639098,0.7,0.3,True,,TRA 七堵-屏東 (汐止->松山) | Bus 299 (永吉松山路口->松山高中(松隆)),,,,,,,,,,
taipei_city_hall_xinyi,市政府站,信義,25.041135,121.565685,省租型,3,頂溪站,永和區,25.01308,121.515398,15000,15000,27.9,1,4500,0.6194235588972431,0.3805764411027569,0.8333333333333334,0.12030075187969907,0.7,0.3,True,,MRT 中和新蘆線 (頂溪->忠孝新生) | MRT 板南線 (忠孝新生->市政府),,,,,,,,,,
taipei_city_hall_xinyi,市政府站,信義,25.041135,121.565685,省租型,4,樹林車站,樹林區,24.99123,121.42442,13000,13000,38.4,1,6500,0.6229323308270676,0.37706766917293244,0.5,0.9097744360902253,0.7,0.3,True,,TRA 樹林-基隆 (樹林->萬華) | MRT 板南線 (龍山寺->市政府),,,,,,,,,,
taipei_city_hall_xinyi,市政府站,信義,25.041135,121.565685,省租型,5,板橋站,板橋區,25.014098,121.462671,16000,16000,26.3,0,3500,0.7,0.30000000000000004,1.0,0.0,0.7,0.3,True,,MRT 板南線 (板橋->市政府),,,,,,,,,,
taipei_city_hall_xinyi,市政府站,信義,25.041135,121.565685,平衡型,1,頂溪站,永和區,25.01308,121.515398,15000,15000,27.9,1,4500,0.47681704260651625,0.5231829573934837,0.8333333333333334,0.12030075187969907,0.5,0.5,True,,MRT 中和新蘆線 (頂溪->忠孝新生) | MRT 板南線 (忠孝新生->市政府),,,,,,,,,,
taipei_city_hall_xinyi,市政府站,信義,25.041135,121.565685,平衡型,2,板橋站,板橋區,25.014098,121.462671,16000,16000,26.3,0,3500,0.5,0.5,1.0,0.0,0.5,0.5,True,,MRT 板南線 (板橋->市政府),,,,,,,,,,
taipei_city_hall_xinyi,市政府站,信義,25.041135,121.565685,平衡型,3,泰山站,泰山區,25.05321,121.43943,10000,10000,39.6,1,9500,0.5,0.5,0.0,1.0,0.5,0.5,True,,MRT 桃園機場捷運線 (泰山站->台北車站) | MRT 板南線 (台北車站->市政府),,,,,,,,,,
taipei_city_hall_xinyi,市政府站,信義,25.041135,121.565685,平衡型,4,汐止車站,汐止區,25.0679,121.66113,14000,14000,32.1,1,5500,0.5513784461152882,0.4486215538847118,0.6666666666666666,0.4360902255639098,0.5,0.5,True,,TRA 七堵-屏東 (汐止->松山) | Bus 299 (永吉松山路口->松山高中(松隆)),,,,,,,,,,
taipei_city_hall_xinyi,市政府站,信義,25.041135,121.565685,平衡型,5,樹林車站,樹林區,24.99123,121.42442,13000,13000,38.4,1,6500,0.7048872180451127,0.2951127819548873,0.5,0.9097744360902253,0.5,0.5,True,,TRA 樹林-基隆 (樹林->萬華) | MRT 板南線 (龍山寺->市政府),,,,,,,,,,
taipei_city_hall_xinyi,市政府站,信義,25.041135,121.565685,通勤型,1,板橋站,板橋區,25.014098,121.462671,16000,16000,26.3,0,3500,0.3,0.7,1.0,0.0,0.3,0.7,True,,MRT 板南線 (板橋->市政府),,,,,,,,,,
taipei_city_hall_xinyi,市政府站,信義,25.041135,121.565685,通勤型,2,頂溪站,永和區,25.01308,121.515398,15000,15000,27.9,1,4500,0.33421052631578935,0.6657894736842107,0.8333333333333334,0.12030075187969907,0.3,0.7,True,,MRT 中和新蘆線 (頂溪->忠孝新生) | MRT 板南線 (忠孝新生->市政府),,,,,,,,,,
taipei_city_hall_xinyi,市政府站,信義,25.041135,121.565685,通勤型,3,汐止車站,汐止區,25.0679,121.66113,14000,14000,32.1,1,5500,0.5052631578947369,0.49473684210526314,0.6666666666666666,0.4360902255639098,0.3,0.7,True,,TRA 七堵-屏東 (汐止->松山) | Bus 299 (永吉松山路口->松山高中(松隆)),,,,,,,,,,
taipei_city_hall_xinyi,市政府站,信義,25.041135,121.565685,通勤型,4,泰山站,泰山區,25.05321,121.43943,10000,10000,39.6,1,9500,0.7,0.30000000000000004,0.0,1.0,0.3,0.7,True,,MRT 桃園機場捷運線 (泰山站->台北車站) | MRT 板南線 (台北車站->市政府),,,,,,,,,,
taipei_city_hall_xinyi,市政府站,信義,25.041135,121.565685,通勤型,5,樹林車站,樹林區,24.99123,121.42442,13000,13000,38.4,1,6500,0.7868421052631577,0.21315789473684232,0.5,0.9097744360902253,0.3,0.7,True,,TRA 樹林-基隆 (樹林->萬華) | MRT 板南線 (龍山寺->市政府),,,,,,,,,,
taipei_city_hall_xinyi,市政府站,信義,25.041135,121.565685,生活品質型,1,板橋站,板橋區,25.014098,121.462671,16000,16000,26.3,0,3500,0.14117647058823532,0.8588235294117647,0.7058823529411765,0.0,0.2,0.2,True,,MRT 板南線 (板橋->市政府),0.8019162575013639,193.0,57.0,59.0,10.0,19.0,338.0,1.0,0.0,0.6
taipei_city_hall_xinyi,市政府站,信義,25.041135,121.565685,生活品質型,2,大坪林站,新店區,24.98272,121.54134,15500,15500,37.9,1,4000,0.2586714486190324,0.7413285513809675,0.6470588235294118,0.3169398907103825,0.2,0.2,False,頂溪站; 景安站; 汐止車站; 三重站; 土城站,MRT 松山新店線 (大坪林->西門) | MRT 板南線 (西門->市政府),0.7171376811594202,256.0,49.0,34.0,4.0,48.0,391.0,0.8902138237148775,0.10978617628512255,0.6
taipei_city_hall_xinyi,市政府站,信義,25.041135,121.565685,生活品質型,3,樹林車站,樹林區,24.99123,121.42442,13000,13000,38.4,1,6500,0.2728158918782465,0.7271841081217535,0.35294117647058826,0.33060109289617484,0.2,0.2,True,,TRA 樹林-基隆 (樹林->萬華) | MRT 板南線 (龍山寺->市政府),0.6267424907295398,198.0,42.0,23.0,9.0,33.0,305.0,0.7731542699918436,0.22684573000815644,0.6
taipei_city_hall_xinyi,市政府站,信義,25.041135,121.565685,生活品質型,4,景安站,中和區,24.99392,121.505114,15000,15000,29.7,1,4500,0.33141371990870944,0.6685862800912905,0.5882352941176471,0.09289617486338796,0.2,0.2,False,頂溪站,MRT 中和新蘆線 (景安->忠孝新生) | MRT 板南線 (忠孝新生->市政府),0.5507050293729294,137.0,62.0,23.0,3.0,36.0,261.0,0.6746876231458293,0.3253123768541707,0.6
taipei_city_hall_xinyi,市政府站,信義,25.041135,121.565685,生活品質型,5,頂溪站,永和區,25.01308,121.515398,15000,15000,27.9,1,4500,0.3878715272063999,0.6121284727936,0.5882352941176471,0.04371584699453547,0.2,0.2,True,,MRT 中和新蘆線 (頂溪->忠孝新生) | MRT 板南線 (忠孝新生->市政府),0.4653831131351945,132.0,54.0,27.0,4.0,16.0,233.0,0.5641978350267277,0.4358021649732723,0.6
taipei_city_hall_xinyi,市政府站,信義,25.041135,121.565685,生活品質型,6,三峽北大特區,三峽區,24.94489,121.37368,10000,10000,62.9,1,9500,0.3944378982821689,0.6055621017178311,0.0,1.0,0.2,0.2,False,泰山站; 淡水站,Bus 916 (臺北大學正門->捷運永寧站) | MRT 板南線 (永寧->市政府),0.5516696909319481,157.0,39.0,52.0,6.0,11.0,265.0,0.6759368361963852,0.3240631638036148,0.6
taipei_city_hall_xinyi,市政府站,信義,25.041135,121.565685,生活品質型,7,三重站,三重區,25.05571,121.48422,15000,15000,32.1,1,4500,0.4510024631121957,0.5489975368878043,0.5882352941176471,0.1584699453551913,0.2,0.2,False,頂溪站; 景安站; 汐止車站,MRT 中和新蘆線 (三重->忠孝新生) | MRT 板南線 (忠孝新生->市政府),0.4136702720652767,82.0,48.0,30.0,5.0,12.0,177.0,0.49723097463728655,0.5027690253627135,0.6
taipei_city_hall_xinyi,市政府站,信義,25.041135,121.565685,生活品質型,8,汐止車站,汐止區,25.0679,121.66113,14000,14000,32.1,1,5500,0.48712204661830605,0.512877953381694,0.47058823529411764,0.1584699453551913,0.2,0.2,True,,TRA 七堵-屏東 (汐止->松山) | Bus 299 (永吉松山路口->松山高中(松隆)),0.336900483882445,67.0,41.0,22.0,5.0,12.0,147.0,0.3978159825192595,0.6021840174807405,0.6
taipei_city_hall_xinyi,市政府站,信義,25.041135,121.565685,生活品質型,9,淡水站,淡水區,25.167745,121.445805,10000,10000,57.9,1,9500,0.4903359463666792,0.5096640536333208,0.0,0.8633879781420766,0.2,0.2,False,泰山站,MRT 淡水信義線 (淡水->台北車站) | MRT 板南線 (台北車站->市政府),0.3930818053875408,218.0,31.0,25.0,3.0,11.0,288.0,0.4705694154362269,0.5294305845637731,0.6
taipei_city_hall_xinyi,市政府站,信義,25.041135,121.565685,生活品質型,10,泰山站,泰山區,25.05321,121.43943,10000,10000,39.6,1,9500,0.5306643488967433,0.4693356511032567,0.0,0.3633879781420766,0.2,0.2,True,,MRT 桃園機場捷運線 (泰山站->台北車站) | MRT 板南線 (台北車站->市政府),0.2124755489140318,60.0,18.0,26.0,3.0,12.0,119.0,0.23668874455278682,0.7633112554472132,0.6
taipei_city_hall_xinyi,市政府站,信義,25.041135,121.565685,生活品質型,11,新莊站,新莊區,25.03608,121.45218,15700,15700,42.2,1,3800,0.6078970781927798,0.3921029218072202,0.6705882352941176,0.43442622950819687,0.2,0.2,False,頂溪站; 景安站; 汐止車站; 三重站; 土城站; 大坪林站; 樹林車站; 泰山站,MRT 中和新蘆線 (新莊->忠孝新生) | MRT 板南線 (忠孝新生->市政府),0.3039735090174498,63.0,27.0,30.0,3.0,20.0,143.0,0.3551763579461384,0.6448236420538616,0.6
taipei_city_hall_xinyi,市政府站,信義,25.041135,121.565685,生活品質型,12,土城站,土城區,24.97313,121.44432,14500,14500,34.7,0,5000,0.6352542771128231,0.3647457228871769,0.5294117647058824,0.22950819672131156,0.2,0.2,False,汐止車站,MRT 板南線 (土城->市政府),0.1796775896012713,37.0,17.0,21.0,3.0,15.0,93.0,0.19421619195435935,0.8057838080456406,0.6
taipei_city_hall_xinyi,市政府站,信義,25.041135,121.565685,生活品質型,13,蘆洲站,蘆洲區,25.09152,121.46471,18500,18500,38.2,1,1000,0.6505567904374261,0.3494432095625739,1.0,0.325136612021858,0.2,0.2,False,板橋站; 頂溪站; 景安站; 汐止車站; 三重站; 土城站; 大坪林站,MRT 中和新蘆線 (蘆洲->忠孝新生) | MRT 板南線 (忠孝新生->市政府),0.3057299350870118,104.0,36.0,33.0,2.0,5.0,180.0,0.35745088661157576,0.6425491133884242,0.6
taipei_city_hall_xinyi,市政府站,信義,25.041135,121.565685,生活品質型,14,鶯歌車站,鶯歌區,24.95455,121.35517,14500,14500,49.4,1,5000,0.7509680209218792,0.2490319790781208,0.5294117647058824,0.6311475409836066,0.2,0.2,False,汐止車站; 土城站; 樹林車站; 泰山站,TRA 新竹-基隆 (鶯歌->萬華) | MRT 板南線 (龍山寺->市政府),0.1341350601295097,22.0,14.0,14.0,5.0,8.0,63.0,0.13523973369336442,0.8647602663066356,0.6
taipei_city_hall_xinyi,市政府站,信義,25.041135,121.565685,生活品質型,15,林口站,林口區,25.0658,121.36134,18000,18000,52.2,1,1500,0.8242835322060507,0.17571646779394934,0.9411764705882353,0.7076502732240438,0.2,0.2,False,板橋站; 頂溪站; 景安站; 汐止車站; 三重站; 土城站; 大坪林站; 樹林車站; 泰山站; 新莊站; 五股區公所; 鶯歌車站,MRT 桃園機場捷運線 (林口站->台北車站) | MRT 板南線 (台北車站->市政府),0.1654586604679111,93.0,24.0,19.0,1.0,5.0,142.0,0.17580302759400862,0.8241969724059914,0.6
taipei_city_hall_xinyi,市政府站,信義,25.041135,121.565685,生活品質型,16,五股區公所,五股區,25.082744,121.4383484,16000,16000,47.4,1,3500,0.8564770170363227,0.14352298296367727,0.7058823529411765,0.5765027322404372,0.2,0.2,False,板橋站; 頂溪站; 景安站; 汐止車站; 三重站; 土城站; 大坪林站; 樹林車站; 泰山站; 新莊站,Bus 963 (五股區公所(五股公有市場)->捷運新埔站) | MRT 板南線 (新埔->市政府),0.0297008547008547,47.0,16.0,13.0,0.0,1.0,77.0,0.0,1.0,0.6
taipei_main_zhongzheng,台北車站,中正,25.04631,121.517415,省租型,1,泰山站,泰山區,25.05321,121.43943,10000,10000,20.7,0,9500,0.3,0.7,0.0,1.0,0.7,0.3,True,,MRT 桃園機場捷運線 (泰山站->台北車站),,,,,,,,,,
taipei_main_zhongzheng,台北車站,中正,25.04631,121.517415,省租型,2,樹林車站,樹林區,24.99123,121.42442,13000,13000,17.8,0,6500,0.5425925925925926,0.4574074074074074,0.5,0.6419753086419755,0.7,0.3,True,,TRA 員林-臺東 (樹林->臺北),,,,,,,,,,
taipei_main_zhongzheng,台北車站,中正,25.04631,121.517415,省租型,3,三重站,三重區,25.05571,121.48422,15000,15000,15.0,0,4500,0.6722222222222223,0.3277777777777777,0.8333333333333334,0.29629629629629634,0.7,0.3,True,,MRT 桃園機場捷運線 (三重站->台北車站),,,,,,,,,,
taipei_main_zhongzheng,台北車站,中正,25.04631,121.517415,省租型,4,板橋站,板橋區,25.014098,121.462671,16000,16000,12.6,0,3500,0.7,0.30000000000000004,1.0,0.0,0.7,0.3,True,,HSR 台中-南港 (板橋->台北),,,,,,,,,,
taipei_main_zhongzheng,台北車站,中正,25.04631,121.517415,平衡型,1,板橋站,板橋區,25.014098,121.462671,16000,16000,12.6,0,3500,0.5,0.5,1.0,0.0,0.5,0.5,True,,HSR 台中-南港 (板橋->台北),,,,,,,,,,
taipei_main_zhongzheng,台北車站,中正,25.04631,121.517415,平衡型,2,泰山站,泰山區,25.05321,121.43943,10000,10000,20.7,0,9500,0.5,0.5,0.0,1.0,0.5,0.5,True,,MRT 桃園機場捷運線 (泰山站->台北車站),,,,,,,,,,
taipei_main_zhongzheng,台北車站,中正,25.04631,121.517415,平衡型,3,三重站,三重區,25.05571,121.48422,15000,15000,15.0,0,4500,0.5648148148148149,0.4351851851851851,0.8333333333333334,0.29629629629629634,0.5,0.5,True,,MRT 桃園機場捷運線 (三重站->台北車站),,,,,,,,,,
taipei_main_zhongzheng,台北車站,中正,25.04631,121.517415,平衡型,4,樹林車站,樹林區,24.99123,121.42442,13000,13000,17.8,0,6500,0.5709876543209877,0.42901234567901225,0.5,0.6419753086419755,0.5,0.5,True,,TRA 員林-臺東 (樹林->臺北),,,,,,,,,,
taipei_main_zhongzheng,台北車站,中正,25.04631,121.517415,通勤型,1,板橋站,板橋區,25.014098,121.462671,16000,16000,12.6,0,3500,0.3,0.7,1.0,0.0,0.3,0.7,True,,HSR 台中-南港 (板橋->台北),,,,,,,,,,
taipei_main_zhongzheng,台北車站,中正,25.04631,121.517415,通勤型,2,三重站,三重區,25.05571,121.48422,15000,15000,15.0,0,4500,0.45740740740740743,0.5425925925925925,0.8333333333333334,0.29629629629629634,0.3,0.7,True,,MRT 桃園機場捷運線 (三重站->台北車站),,,,,,,,,,
taipei_main_zhongzheng,台北車站,中正,25.04631,121.517415,通勤型,3,樹林車站,樹林區,24.99123,121.42442,13000,13000,17.8,0,6500,0.5993827160493828,0.40061728395061724,0.5,0.6419753086419755,0.3,0.7,True,,TRA 員林-臺東 (樹林->臺北),,,,,,,,,,
taipei_main_zhongzheng,台北車站,中正,25.04631,121.517415,通勤型,4,泰山站,泰山區,25.05321,121.43943,10000,10000,20.7,0,9500,0.7,0.30000000000000004,0.0,1.0,0.3,0.7,True,,MRT 桃園機場捷運線 (泰山站->台北車站),,,,,,,,,,
taipei_main_zhongzheng,台北車站,中正,25.04631,121.517415,生活品質型,1,板橋站,板橋區,25.014098,121.462671,16000,16000,12.6,0,3500,0.14117647058823532,0.8588235294117647,0.7058823529411765,0.0,0.2,0.2,True,,HSR 台中-南港 (板橋->台北),0.8019162575013639,193.0,57.0,59.0,10.0,19.0,338.0,1.0,0.0,0.6
taipei_main_zhongzheng,台北車站,中正,25.04631,121.517415,生活品質型,2,樹林車站,樹林區,24.99123,121.42442,13000,13000,17.8,0,6500,0.23329413877215732,0.7667058612278427,0.35294117647058826,0.1329923273657289,0.2,0.2,True,,TRA 員林-臺東 (樹林->臺北),0.6267424907295398,198.0,42.0,23.0,9.0,33.0,305.0,0.7731542699918436,0.22684573000815644,0.6
taipei_main_zhongzheng,台北車站,中正,25.04631,121.517415,生活品質型,3,大坪林站,新店區,24.98272,121.54134,15500,15500,25.4,1,4000,0.260756616257007,0.739243383742993,0.6470588235294118,0.3273657289002557,0.2,0.2,False,三重站; 樹林車站; 頂溪站; 泰山站; 汐止車站; 鶯歌車站; 土城站,MRT 松山新店線 (大坪林->中正紀念堂) | MRT 淡水信義線 (中正紀念堂->台北車站),0.7171376811594202,256.0,49.0,34.0,4.0,48.0,391.0,0.8902138237148775,0.10978617628512255,0.6
taipei_main_zhongzheng,台北車站,中正,25.04631,121.517415,生活品質型,4,三峽北大特區,三峽區,24.94489,121.37368,10000,10000,51.7,1,9500,0.3944378982821689,0.6055621017178311,0.0,1.0,0.2,0.2,False,泰山站; 淡水站,Bus 916 (臺北大學正門->捷運永寧站) | MRT 板南線 (永寧->台北車站),0.5516696909319481,157.0,39.0,52.0,6.0,11.0,265.0,0.6759368361963852,0.3240631638036148,0.6
taipei_main_zhongzheng,台北車站,中正,25.04631,121.517415,生活品質型,5,景安站,中和區,24.99392,121.505114,15000,15000,28.9,0,4500,0.3962104440153157,0.6037895559846843,0.5882352941176471,0.41687979539641934,0.2,0.2,False,三重站; 樹林車站; 頂溪站; 泰山站; 汐止車站; 鶯歌車站; 土城站,Bus 202區 (捷運景安站(景平路)->臺北車站(忠孝)),0.5507050293729294,137.0,62.0,23.0,3.0,36.0,261.0,0.6746876231458293,0.3253123768541707,0.6
taipei_main_zhongzheng,台北車站,中正,25.04631,121.517415,生活品質型,6,頂溪站,永和區,25.01308,121.515398,15000,15000,19.9,0,4500,0.41646851126017825,0.5835314887398217,0.5882352941176471,0.18670076726342708,0.2,0.2,False,三重站; 樹林車站,Bus 262 (捷運頂溪站->臺北車站(忠孝)),0.4653831131351945,132.0,54.0,27.0,4.0,16.0,233.0,0.5641978350267277,0.4358021649732723,0.6
taipei_main_zhongzheng,台北車站,中正,25.04631,121.517415,生活品質型,7,三重站,三重區,25.05571,121.48422,15000,15000,15.0,0,4500,0.4315846888749171,0.5684153111250829,0.5882352941176471,0.06138107416879796,0.2,0.2,True,,MRT 桃園機場捷運線 (三重站->台北車站),0.4136702720652767,82.0,48.0,30.0,5.0,12.0,177.0,0.49723097463728655,0.5027690253627135,0.6
taipei_main_zhongzheng,台北車站,中正,25.04631,121.517415,生活品質型,8,淡水站,淡水區,25.167745,121.445805,10000,10000,39.4,0,9500,0.454742749715246,0.545257250284754,0.0,0.6854219948849104,0.2,0.2,False,泰山站,MRT 淡水信義線 (淡水->台北車站),0.3930818053875408,218.0,31.0,25.0,3.0,11.0,288.0,0.4705694154362269,0.5294305845637731,0.6
taipei_main_zhongzheng,台北車站,中正,25.04631,121.517415,生活品質型,9,泰山站,泰山區,25.05321,121.43943,10000,10000,20.7,0,9500,0.49941897833226656,0.5005810216677334,0.0,0.20716112531969308,0.2,0.2,True,,MRT 桃園機場捷運線 (泰山站->台北車站),0.2124755489140318,60.0,18.0,26.0,3.0,12.0,119.0,0.23668874455278682,0.7633112554472132,0.6
taipei_main_zhongzheng,台北車站,中正,25.04631,121.517415,生活品質型,10,汐止車站,汐止區,25.0679,121.66113,14000,14000,22.0,0,5500,0.5035098989794928,0.49649010102050717,0.47058823529411764,0.24040920716112532,0.2,0.2,False,樹林車站; 泰山站,TRA 基隆-屏東 (汐止->臺北),0.336900483882445,67.0,41.0,22.0,5.0,12.0,147.0,0.3978159825192595,0.6021840174807405,0.6
taipei_main_zhongzheng,台北車站,中正,25.04631,121.517415,生活品質型,11,新莊站,新莊區,25.03608,121.45218,15700,15700,31.7,1,3800,0.6187100420098106,0.3812899579901894,0.6705882352941176,0.4884910485933504,0.2,0.2,False,三重站; 樹林車站; 頂溪站; 泰山站; 汐止車站; 鶯歌車站; 土城站; 大坪林站; 景安站,MRT 中和新蘆線 (新莊->民權西路) | MRT 淡水信義線 (民權西路->台北車站),0.3039735090174498,63.0,27.0,30.0,3.0,20.0,143.0,0.3551763579461384,0.6448236420538616,0.6
taipei_main_zhongzheng,台北車站,中正,25.04631,121.517415,生活品質型,12,土城站,土城區,24.97313,121.44432,14500,14500,23.5,0,5000,0.6451071134718857,0.35489288652811435,0.5294117647058824,0.27877237851662406,0.2,0.2,False,樹林車站; 泰山站; 汐止車站; 鶯歌車站,MRT 板南線 (土城->台北車站),0.1796775896012713,37.0,17.0,21.0,3.0,15.0,93.0,0.19421619195435935,0.8057838080456406,0.6
taipei_main_zhongzheng,台北車站,中正,25.04631,121.517415,生活品質型,13,蘆洲站,蘆洲區,25.09152,121.46471,18500,18500,27.8,1,1000,0.6632788286468654,0.3367211713531346,1.0,0.38874680306905374,0.2,0.2,False,板橋站; 三重站; 樹林車站; 頂溪站; 泰山站; 汐止車站; 鶯歌車站; 土城站; 大坪林站,MRT 中和新蘆線 (蘆洲->民權西路) | MRT 淡水信義線 (民權西路->台北車站),0.3057299350870118,104.0,36.0,33.0,2.0,5.0,180.0,0.35745088661157576,0.6425491133884242,0.6
taipei_main_zhongzheng,台北車站,中正,25.04631,121.517415,生活品質型,14,鶯歌車站,鶯歌區,24.95455,121.35517,14500,14500,22.8,0,5000,0.6769124257686361,0.3230875742313639,0.5294117647058824,0.2608695652173913,0.2,0.2,False,樹林車站; 泰山站; 汐止車站,TRA 彰化-花蓮 (鶯歌->臺北),0.1341350601295097,22.0,14.0,14.0,5.0,8.0,63.0,0.13523973369336442,0.8647602663066356,0.6
taipei_main_zhongzheng,台北車站,中正,25.04631,121.517415,生活品質型,15,林口站,林口區,25.0658,121.36134,18000,18000,33.3,0,1500,0.7886358305024184,0.21136416949758163,0.9411764705882353,0.5294117647058822,0.2,0.2,False,板橋站; 三重站; 樹林車站; 頂溪站; 泰山站; 汐止車站; 鶯歌車站; 土城站; 大坪林站; 景安站; 新莊站,MRT 桃園機場捷運線 (林口站->台北車站),0.1654586604679111,93.0,24.0,19.0,1.0,5.0,142.0,0.17580302759400862,0.8241969724059914,0.6
taipei_main_zhongzheng,台北車站,中正,25.04631,121.517415,生活品質型,16,五股區公所,五股區,25.082744,121.4383484,16000,16000,36.2,1,3500,0.8618925831202047,0.13810741687979533,0.7058823529411765,0.6035805626598466,0.2,0.2,False,板橋站; 三重站; 樹林車站; 頂溪站; 泰山站; 汐止車站; 鶯歌車站; 土城站; 大坪林站; 景安站; 新莊站,Bus 963 (五股區公所(五股公有市場)->捷運新埔站) | MRT 板南線 (新埔->台北車站),0.0297008547008547,47.0,16.0,13.0,0.0,1.0,77.0,0.0,1.0,0.6
nangang_nangang,南港站,南港,25.052035,121.60697,省租型,1,泰山站,泰山區,25.05321,121.43943,10000,10000,36.6,1,9500,0.3,0.7,0.0,1.0,0.7,0.3,True,,MRT 桃園機場捷運線 (泰山站->台北車站) | TRA 樹林-基隆 (臺北->南港),,,,,,,,,,
nangang_nangang,南港站,南港,25.052035,121.60697,省租型,2,汐止車站,汐止區,25.0679,121.66113,14000,14000,9.1,0,5500,0.7,0.30000000000000004,1.0,0.0,0.7,0.3,True,,TRA 基隆-北湖 (汐止->南港),,,,,,,,,,
nangang_nangang,南港站,南港,25.052035,121.60697,省租型,3,樹林車站,樹林區,24.99123,121.42442,13000,13000,32.9,0,6500,0.7846363636363636,0.21536363636363642,0.75,0.8654545454545454,0.7,0.3,True,,TRA 北湖-瑞芳 (樹林->南港),,,,,,,,,,
nangang_nangang,南港站,南港,25.052035,121.60697,平衡型,1,汐止車站,汐止區,25.0679,121.66113,14000,14000,9.1,0,5500,0.5,0.5,1.0,0.0,0.5,0.5,True,,TRA 基隆-北湖 (汐止->南港),,,,,,,,,,
nangang_nangang,南港站,南港,25.052035,121.60697,平衡型,2,泰山站,泰山區,25.05321,121.43943,10000,10000,36.6,1,9500,0.5,0.5,0.0,1.0,0.5,0.5,True,,MRT 桃園機場捷運線 (泰山站->台北車站) | TRA 樹林-基隆 (臺北->南港),,,,,,,,,,
nangang_nangang,南港站,南港,25.052035,121.60697,平衡型,3,樹林車站,樹林區,24.99123,121.42442,13000,13000,32.9,0,6500,0.8077272727272726,0.19227272727272737,0.75,0.8654545454545454,0.5,0.5,True,,TRA 北湖-瑞芳 (樹林->南港),,,,,,,,,,
nangang_nangang,南港站,南港,25.052035,121.60697,通勤型,1,汐止車站,汐止區,25.0679,121.66113,14000,14000,9.1,0,5500,0.3,0.7,1.0,0.0,0.3,0.7,True,,TRA 基隆-北湖 (汐止->南港),,,,,,,,,,
nangang_nangang,南港站,南港,25.052035,121.60697,通勤型,2,泰山站,泰山區,25.05321,121.43943,10000,10000,36.6,1,9500,0.7,0.30000000000000004,0.0,1.0,0.3,0.7,True,,MRT 桃園機場捷運線 (泰山站->台北車站) | TRA 樹林-基隆 (臺北->南港),,,,,,,,,,
nangang_nangang,南港站,南港,25.052035,121.60697,通勤型,3,樹林車站,樹林區,24.99123,121.42442,13000,13000,32.9,0,6500,0.8308181818181817,0.16918181818181832,0.75,0.8654545454545454,0.3,0.7,True,,TRA 北湖-瑞芳 (樹林->南港),,,,,,,,,,
nangang_nangang,南港站,南港,25.052035,121.60697,生活品質型,1,板橋站,板橋區,25.014098,121.462671,16000,16000,23.1,0,3500,0.19108734402852054,0.8089126559714794,0.7058823529411765,0.24955436720142604,0.2,0.2,False,汐止車站,HSR 左營-南港 (板橋->南港),0.8019162575013639,193.0,57.0,59.0,10.0,19.0,338.0,1.0,0.0,0.6
nangang_nangang,南港站,南港,25.052035,121.60697,生活品質型,2,樹林車站,樹林區,24.99123,121.42442,13000,13000,32.9,0,6500,0.29154415814749635,0.7084558418525037,0.35294117647058826,0.4242424242424242,0.2,0.2,True,,TRA 北湖-瑞芳 (樹林->南港),0.6267424907295398,198.0,42.0,23.0,9.0,33.0,305.0,0.7731542699918436,0.22684573000815644,0.6
nangang_nangang,南港站,南港,25.052035,121.60697,生活品質型,3,大坪林站,新店區,24.98272,121.54134,15500,15500,46.1,1,4000,0.32719077885485254,0.6728092211451475,0.6470588235294118,0.6595365418894831,0.2,0.2,False,汐止車站; 樹林車站; 頂溪站; 泰山站; 三重站; 景安站; 鶯歌車站; 土城站,MRT 松山新店線 (大坪林->西門) | MRT 板南線 (西門->南港),0.7171376811594202,256.0,49.0,34.0,4.0,48.0,391.0,0.8902138237148775,0.10978617628512255,0.6
nangang_nangang,南港站,南港,25.052035,121.60697,生活品質型,4,三峽北大特區,三峽區,24.94489,121.37368,10000,10000,65.2,1,9500,0.3944378982821689,0.6055621017178311,0.0,1.0,0.2,0.2,False,泰山站; 淡水站,Bus F611 (大學風呂(學勤路)->山佳) | TRA 彰化-基隆 (山佳->南港),0.5516696909319481,157.0,39.0,52.0,6.0,11.0,265.0,0.6759368361963852,0.3240631638036148,0.6
nangang_nangang,南港站,南港,25.052035,121.60697,生活品質型,5,景安站,中和區,24.99392,121.505114,15000,15000,37.9,1,4500,0.41550828172747567,0.5844917182725243,0.5882352941176471,0.5133689839572192,0.2,0.2,False,汐止車站; 樹林車站; 頂溪站; 泰山站; 三重站,MRT 中和新蘆線 (景安->忠孝新生) | MRT 板南線 (忠孝新生->南港),0.5507050293729294,137.0,62.0,23.0,3.0,36.0,261.0,0.6746876231458293,0.3253123768541707,0.6
nangang_nangang,南港站,南港,25.052035,121.60697,生活品質型,6,汐止車站,汐止區,25.0679,121.66113,14000,14000,9.1,0,5500,0.4554280575472678,0.5445719424527322,0.47058823529411764,0.0,0.2,0.2,True,,TRA 基隆-北湖 (汐止->南港),0.336900483882445,67.0,41.0,22.0,5.0,12.0,147.0,0.3978159825192595,0.6021840174807405,0.6
nangang_nangang,南港站,南港,25.052035,121.60697,生活品質型,7,頂溪站,永和區,25.01308,121.515398,15000,15000,36.2,1,4500,0.4757415485383306,0.5242584514616694,0.5882352941176471,0.483065953654189,0.2,0.2,False,汐止車站; 樹林車站,MRT 中和新蘆線 (頂溪->忠孝新生) | MRT 板南線 (忠孝新生->南港),0.4653831131351945,132.0,54.0,27.0,4.0,16.0,233.0,0.5641978350267277,0.4358021649732723,0.6
nangang_nangang,南港站,南港,25.052035,121.60697,生活品質型,8,淡水站,淡水區,25.167745,121.445805,10000,10000,59.0,1,9500,0.4955549639289947,0.5044450360710053,0.0,0.8894830659536541,0.2,0.2,False,泰山站,MRT 淡水信義線 (淡水->台北車站) | TRA 彰化-基隆 (臺北->南港),0.3930818053875408,218.0,31.0,25.0,3.0,11.0,288.0,0.4705694154362269,0.5294305845637731,0.6
nangang_nangang,南港站,南港,25.052035,121.60697,生活品質型,9,三重站,三重區,25.05571,121.48422,15000,15000,37.0,1,4500,0.5187737146828687,0.4812262853171313,0.5882352941176471,0.49732620320855614,0.2,0.2,False,汐止車站; 樹林車站; 頂溪站; 泰山站,MRT 桃園機場捷運線 (三重站->台北車站) | TRA 北湖-瑞芳 (臺北->南港),0.4136702720652767,82.0,48.0,30.0,5.0,12.0,177.0,0.49723097463728655,0.5027690253627135,0.6
nangang_nangang,南港站,南港,25.052035,121.60697,生活品質型,10,泰山站,泰山區,25.05321,121.43943,10000,10000,36.6,1,9500,0.5560259689546024,0.44397403104539757,0.0,0.49019607843137253,0.2,0.2,True,,MRT 桃園機場捷運線 (泰山站->台北車站) | TRA 樹林-基隆 (臺北->南港),0.2124755489140318,60.0,18.0,26.0,3.0,12.0,119.0,0.23668874455278682,0.7633112554472132,0.6
nangang_nangang,南港站,南港,25.052035,121.60697,生活品質型,11,新莊站,新莊區,25.03608,121.45218,15700,15700,50.4,1,3800,0.6682489089399819,0.3317510910600181,0.6705882352941176,0.7361853832442067,0.2,0.2,False,汐止車站; 樹林車站; 頂溪站; 泰山站; 三重站; 景安站; 鶯歌車站; 土城站; 大坪林站,MRT 中和新蘆線 (新莊->忠孝新生) | MRT 板南線 (忠孝新生->南港),0.3039735090174498,63.0,27.0,30.0,3.0,20.0,143.0,0.3551763579461384,0.6448236420538616,0.6
nangang_nangang,南港站,南港,25.052035,121.60697,生活品質型,12,土城站,土城區,24.97313,121.44432,14500,14500,42.9,0,5000,0.7098517465029637,0.2901482534970363,0.5294117647058824,0.6024955436720142,0.2,0.2,False,汐止車站; 樹林車站; 泰山站; 鶯歌車站,MRT 板南線 (土城->南港),0.1796775896012713,37.0,17.0,21.0,3.0,15.0,93.0,0.19421619195435935,0.8057838080456406,0.6
nangang_nangang,南港站,南港,25.052035,121.60697,生活品質型,13,蘆洲站,蘆洲區,25.09152,121.46471,18500,18500,46.5,1,1000,0.7188628013663879,0.2811371986336121,1.0,0.6666666666666666,0.2,0.2,False,汐止車站; 板橋站; 樹林車站; 頂溪站; 泰山站; 三重站; 景安站; 鶯歌車站; 土城站; 大坪林站,MRT 中和新蘆線 (蘆洲->忠孝新生) | MRT 板南線 (忠孝新生->南港),0.3057299350870118,104.0,36.0,33.0,2.0,5.0,180.0,0.35745088661157576,0.6425491133884242,0.6
nangang_nangang,南港站,南港,25.052035,121.60697,生活品質型,14,鶯歌車站,鶯歌區,24.95455,121.35517,14500,14500,40.9,0,5000,0.7381074966823771,0.2618925033176229,0.5294117647058824,0.5668449197860962,0.2,0.2,False,汐止車站; 樹林車站; 泰山站,TRA 彰化-基隆 (鶯歌->南港),0.1341350601295097,22.0,14.0,14.0,5.0,8.0,63.0,0.13523973369336442,0.8647602663066356,0.6
nangang_nangang,南港站,南港,25.052035,121.60697,生活品質型,15,林口站,林口區,25.0658,121.36134,18000,18000,51.5,1,1500,0.8339121228375341,0.16608787716246587,0.9411764705882353,0.7557932263814616,0.2,0.2,False,汐止車站; 板橋站; 樹林車站; 頂溪站; 泰山站; 三重站; 景安站; 鶯歌車站; 土城站; 大坪林站; 新莊站,MRT 桃園機場捷運線 (林口站->台北車站) | HSR 左營-南港 (台北->南港),0.1654586604679111,93.0,24.0,19.0,1.0,5.0,142.0,0.17580302759400862,0.8241969724059914,0.6
nangang_nangang,南港站,南港,25.052035,121.60697,生活品質型,16,五股區公所,五股區,25.082744,121.4383484,16000,16000,55.6,1,3500,0.906951871657754,0.09304812834224596,0.7058823529411765,0.8288770053475936,0.2,0.2,False,汐止車站; 板橋站; 樹林車站; 頂溪站; 泰山站; 三重站; 景安站; 鶯歌車站; 土城站; 大坪林站; 新莊站,Bus 963 (五股區公所(五股公有市場)->捷運新埔站) | MRT 板南線 (新埔->南港),0.0297008547008547,47.0,16.0,13.0,0.0,1.0,77.0,0.0,1.0,0.6
xinban_special_district,新板特區,板橋,25.0138307,121.4618983,省租型,1,泰山站,泰山區,25.05321,121.43943,10000,10000,37.0,0,9500,0.3,0.7,0.0,1.0,0.7,0.3,True,,Bus 805 (泰林路新北大道口->新北板橋公車站),,,,,,,,,,
xinban_special_district,新板特區,板橋,25.0138307,121.4618983,省租型,2,樹林車站,樹林區,24.99123,121.42442,13000,13000,9.2,0,6500,0.38937499999999997,0.610625,0.5,0.13124999999999998,0.7,0.3,True,,TRA 鶯歌-蘇澳新 (樹林->板橋),,,,,,,,,,
xinban_special_district,新板特區,板橋,25.0138307,121.4618983,省租型,3,板橋站,板橋區,25.014098,121.462671,16000,16000,5.0,0,3500,0.7,0.30000000000000004,1.0,0.0,0.7,0.3,True,,Near workplace fallback: 0.1 km walking connection used because TDX returned no usable public-transit route.,,,,,,,,,,
xinban_special_district,新板特區,板橋,25.0138307,121.4618983,平衡型,1,樹林車站,樹林區,24.99123,121.42442,13000,13000,9.2,0,6500,0.315625,0.684375,0.5,0.13124999999999998,0.5,0.5,True,,TRA 鶯歌-蘇澳新 (樹林->板橋),,,,,,,,,,
xinban_special_district,新板特區,板橋,25.0138307,121.4618983,平衡型,2,板橋站,板橋區,25.014098,121.462671,16000,16000,5.0,0,3500,0.5,0.5,1.0,0.0,0.5,0.5,True,,Near workplace fallback: 0.1 km walking connection used because TDX returned no usable public-transit route.,,,,,,,,,,
xinban_special_district,新板特區,板橋,25.0138307,121.4618983,平衡型,3,泰山站,泰山區,25.05321,121.43943,10000,10000,37.0,0,9500,0.5,0.5,0.0,1.0,0.5,0.5,True,,Bus 805 (泰林路新北大道口->新北板橋公車站),,,,,,,,,,
xinban_special_district,新板特區,板橋,25.0138307,121.4618983,通勤型,1,樹林車站,樹林區,24.99123,121.42442,13000,13000,9.2,0,6500,0.24187499999999998,0.758125,0.5,0.13124999999999998,0.3,0.7,True,,TRA 鶯歌-蘇澳新 (樹林->板橋),,,,,,,,,,
xinban_special_district,新板特區,板橋,25.0138307,121.4618983,通勤型,2,板橋站,板橋區,25.014098,121.462671,16000,16000,5.0,0,3500,0.3,0.7,1.0,0.0,0.3,0.7,True,,Near workplace fallback: 0.1 km walking connection used because TDX returned no usable public-transit route.,,,,,,,,,,
xinban_special_district,新板特區,板橋,25.0138307,121.4618983,通勤型,3,泰山站,泰山區,25.05321,121.43943,10000,10000,37.0,0,9500,0.7,0.30000000000000004,0.0,1.0,0.3,0.7,True,,Bus 805 (泰林路新北大道口->新北板橋公車站),,,,,,,,,,
xinban_special_district,新板特區,板橋,25.0138307,121.4618983,生活品質型,1,板橋站,板橋區,25.014098,121.462671,16000,16000,5.0,0,3500,0.14117647058823532,0.8588235294117647,0.7058823529411765,0.0,0.2,0.2,True,,Near workplace fallback: 0.1 km walking connection used because TDX returned no usable public-transit route.,0.8019162575013639,193.0,57.0,59.0,10.0,19.0,338.0,1.0,0.0,0.6
xinban_special_district,新板特區,板橋,25.0138307,121.4618983,生活品質型,2,樹林車站,樹林區,24.99123,121.42442,13000,13000,9.2,0,6500,0.22310192329901152,0.7768980767009885,0.35294117647058826,0.08203124999999999,0.2,0.2,True,,TRA 鶯歌-蘇澳新 (樹林->板橋),0.6267424907295398,198.0,42.0,23.0,9.0,33.0,305.0,0.7731542699918436,0.22684573000815644,0.6
xinban_special_district,新板特區,板橋,25.0138307,121.4618983,生活品質型,3,大坪林站,新店區,24.98272,121.54134,15500,15500,28.8,0,4000,0.2882522204769559,0.711747779523044,0.6470588235294118,0.46484375,0.2,0.2,False,樹林車站; 土城站; 鶯歌車站; 景安站; 三重站; 頂溪站,MRT 環狀線 (大坪林->板橋),0.7171376811594202,256.0,49.0,34.0,4.0,48.0,391.0,0.8902138237148775,0.10978617628512255,0.6
xinban_special_district,新板特區,板橋,25.0138307,121.4618983,生活品質型,4,三峽北大特區,三峽區,24.94489,121.37368,10000,10000,40.7,1,9500,0.3338910232821689,0.6661089767178311,0.0,0.697265625,0.2,0.2,False,泰山站,Bus 916 (臺北大學正門->捷運永寧站) | MRT 板南線 (永寧->板橋),0.5516696909319481,157.0,39.0,52.0,6.0,11.0,265.0,0.6759368361963852,0.3240631638036148,0.6
xinban_special_district,新板特區,板橋,25.0138307,121.4618983,生活品質型,5,景安站,中和區,24.99392,121.505114,15000,15000,20.3,0,4500,0.3726001099360319,0.6273998900639681,0.5882352941176471,0.298828125,0.2,0.2,False,樹林車站; 土城站; 鶯歌車站,MRT 環狀線 (景安->板橋),0.5507050293729294,137.0,62.0,23.0,3.0,36.0,261.0,0.6746876231458293,0.3253123768541707,0.6
xinban_special_district,新板特區,板橋,25.0138307,121.4618983,生活品質型,6,頂溪站,永和區,25.01308,121.515398,15000,15000,26.2,1,4500,0.46194085780749283,0.5380591421925072,0.5882352941176471,0.41406249999999994,0.2,0.2,False,樹林車站; 土城站; 鶯歌車站; 景安站; 三重站,MRT 中和新蘆線 (頂溪->景安) | MRT 環狀線 (景安->板橋),0.4653831131351945,132.0,54.0,27.0,4.0,16.0,233.0,0.5641978350267277,0.4358021649732723,0.6
xinban_special_district,新板特區,板橋,25.0138307,121.4618983,生活品質型,7,三重站,三重區,25.05571,121.48422,15000,15000,23.7,1,4500,0.4923553490411575,0.5076446509588425,0.5882352941176471,0.36523437499999994,0.2,0.2,False,樹林車站; 土城站; 鶯歌車站; 景安站,MRT 中和新蘆線 (三重->頭前庄) | MRT 環狀線 (頭前庄->板橋),0.4136702720652767,82.0,48.0,30.0,5.0,12.0,177.0,0.49723097463728655,0.5027690253627135,0.6
xinban_special_district,新板特區,板橋,25.0138307,121.4618983,生活品質型,8,淡水站,淡水區,25.167745,121.445805,10000,10000,56.2,1,9500,0.5176583507382639,0.48234164926173606,0.0,1.0,0.2,0.2,False,泰山站; 三峽北大特區,MRT 淡水信義線 (淡水->台北車站) | TRA 臺東-樹林 (臺北->板橋),0.3930818053875408,218.0,31.0,25.0,3.0,11.0,288.0,0.4705694154362269,0.5294305845637731,0.6
xinban_special_district,新板特區,板橋,25.0138307,121.4618983,生活品質型,9,汐止車站,汐止區,25.0679,121.66113,14000,14000,33.4,0,5500,0.5663655575472677,0.4336344424527323,0.47058823529411764,0.5546874999999999,0.2,0.2,False,樹林車站,TRA 基隆-屏東 (汐止->板橋),0.336900483882445,67.0,41.0,22.0,5.0,12.0,147.0,0.3978159825192595,0.6021840174807405,0.6
xinban_special_district,新板特區,板橋,25.0138307,121.4618983,生活品質型,10,新莊站,新莊區,25.03608,121.45218,15700,15700,20.3,1,3800,0.5807774572911405,0.4192225427088595,0.6705882352941176,0.298828125,0.2,0.2,False,樹林車站; 土城站; 鶯歌車站; 景安站,MRT 中和新蘆線 (新莊->頭前庄) | MRT 環狀線 (頭前庄->板橋),0.3039735090174498,63.0,27.0,30.0,3.0,20.0,143.0,0.3551763579461384,0.6448236420538616,0.6
xinban_special_district,新板特區,板橋,25.0138307,121.4618983,生活品質型,11,泰山站,泰山區,25.05321,121.43943,10000,10000,37.0,0,9500,0.5829867532683279,0.41701324673167206,0.0,0.625,0.2,0.2,True,,Bus 805 (泰林路新北大道口->新北板橋公車站),0.2124755489140318,60.0,18.0,26.0,3.0,12.0,119.0,0.23668874455278682,0.7633112554472132,0.6
xinban_special_district,新板特區,板橋,25.0138307,121.4618983,生活品質型,12,土城站,土城區,24.97313,121.44432,14500,14500,12.6,0,5000,0.6190401377685608,0.3809598622314392,0.5294117647058824,0.14843749999999997,0.2,0.2,False,樹林車站,MRT 板南線 (土城->板橋),0.1796775896012713,37.0,17.0,21.0,3.0,15.0,93.0,0.19421619195435935,0.8057838080456406,0.6
xinban_special_district,新板特區,板橋,25.0138307,121.4618983,生活品質型,13,鶯歌車站,鶯歌區,24.95455,121.35517,14500,14500,14.2,0,5000,0.6606760127251579,0.33932398727484214,0.5294117647058824,0.17968749999999997,0.2,0.2,False,樹林車站; 土城站,TRA 彰化-花蓮 (鶯歌->板橋),0.1341350601295097,22.0,14.0,14.0,5.0,8.0,63.0,0.13523973369336442,0.8647602663066356,0.6
xinban_special_district,新板特區,板橋,25.0138307,121.4618983,生活品質型,14,蘆洲站,蘆洲區,25.09152,121.46471,18500,18500,47.7,1,1000,0.7523263430330546,0.24767365696694543,1.0,0.833984375,0.2,0.2,False,板橋站; 樹林車站; 土城站; 鶯歌車站; 景安站; 新莊站; 三重站; 頂溪站; 五股區公所; 大坪林站; 汐止車站; 泰山站; 三峽北大特區; 林口站,MRT 中和新蘆線 (蘆洲->忠孝新生) | MRT 板南線 (忠孝新生->板橋),0.3057299350870118,104.0,36.0,33.0,2.0,5.0,180.0,0.35745088661157576,0.6425491133884242,0.6
xinban_special_district,新板特區,板橋,25.0138307,121.4618983,生活品質型,15,五股區公所,五股區,25.082744,121.4383484,16000,16000,28.3,1,3500,0.8321920955882354,0.16780790441176463,0.7058823529411765,0.455078125,0.2,0.2,False,板橋站; 樹林車站; 土城站; 鶯歌車站; 景安站; 新莊站; 三重站; 頂溪站,Bus 963 (五股區公所(五股公有市場)->捷運新埔站) | MRT 板南線 (新埔->板橋),0.0297008547008547,47.0,16.0,13.0,0.0,1.0,77.0,0.0,1.0,0.6
xinban_special_district,新板特區,板橋,25.0138307,121.4618983,生活品質型,16,林口站,林口區,25.0658,121.36134,18000,18000,44.1,0,1500,0.8354878525612419,0.16451214743875808,0.9411764705882353,0.763671875,0.2,0.2,False,板橋站; 樹林車站; 土城站; 鶯歌車站; 景安站; 新莊站; 三重站; 頂溪站; 五股區公所; 大坪林站; 汐止車站; 泰山站; 三峽北大特區,Bus 920副 (林口轉運站->萬坪公園),0.1654586604679111,93.0,24.0,19.0,1.0,5.0,142.0,0.17580302759400862,0.8241969724059914,0.6
xinzhuang_fuduxin,新莊副都心,新莊,25.05924,121.44561,省租型,1,泰山站,泰山區,25.05321,121.43943,10000,10000,4.4,0,9500,0.0,1.0,0.0,0.0,0.7,0.3,True,,MRT 桃園機場捷運線 (泰山站->新莊副都心站),,,,,,,,,,
xinzhuang_fuduxin,新莊副都心,新莊,25.05924,121.44561,省租型,2,淡水站,淡水區,25.167745,121.445805,10000,10000,66.7,1,9500,0.2592233009708738,0.7407766990291262,0.0,0.8640776699029128,0.7,0.3,False,泰山站,MRT 淡水信義線 (淡水->台北車站) | MRT 桃園機場捷運線 (台北車站->新莊副都心站),,,,,,,,,,
xinzhuang_fuduxin,新莊副都心,新莊,25.05924,121.44561,省租型,3,三峽北大特區,三峽區,24.94489,121.37368,10000,10000,76.5,1,9500,0.3,0.7,0.0,1.0,0.7,0.3,False,泰山站; 淡水站,Bus 885 (臺北大學正門->新泰路口) | Bus 783 (新泰中正路口->行政院新莊聯合辦公大樓(中平路)),,,,,,,,,,
xinzhuang_fuduxin,新莊副都心,新莊,25.05924,121.44561,省租型,4,樹林車站,樹林區,24.99123,121.42442,13000,13000,40.6,1,6500,0.39768295667781683,0.6023170433221832,0.35294117647058826,0.5020804438280168,0.7,0.3,False,泰山站,TRA 樹林-基隆 (樹林->臺北) | MRT 桃園機場捷運線 (台北車站->新莊副都心站),,,,,,,,,,
xinzhuang_fuduxin,新莊副都心,新莊,25.05924,121.44561,省租型,5,三重站,三重區,25.05571,121.48422,15000,15000,10.7,0,4500,0.43797829811536265,0.5620217018846374,0.5882352941176471,0.08737864077669902,0.7,0.3,False,泰山站,MRT 桃園機場捷運線 (三重站->新莊副都心站),,,,,,,,,,
xinzhuang_fuduxin,新莊副都心,新莊,25.05924,121.44561,省租型,6,汐止車站,汐止區,25.0679,121.66113,14000,14000,41.9,1,5500,0.4854450518071306,0.5145549481928694,0.47058823529411764,0.5201109570041609,0.7,0.3,False,泰山站; 樹林車站,TRA 基隆-苗栗 (汐止->臺北) | MRT 桃園機場捷運線 (台北車站->新莊副都心站),,,,,,,,,,
xinzhuang_fuduxin,新莊副都心,新莊,25.05924,121.44561,省租型,7,土城站,土城區,24.97313,121.44432,14500,14500,43.7,1,5000,0.5341111201762259,0.46588887982377414,0.5294117647058824,0.5450762829403607,0.7,0.3,False,泰山站; 樹林車站; 汐止車站,MRT 板南線 (土城->新埔) | Bus 982直達新埔線 (捷運新埔站->行政院新莊聯合辦公大樓(榮華)),,,,,,,,,,
xinzhuang_fuduxin,新莊副都心,新莊,25.05924,121.44561,省租型,8,新莊站,新莊區,25.03608,121.45218,15700,15700,20.3,0,3800,0.5355698784368116,0.4644301215631884,0.6705882352941176,0.22052704576976423,0.7,0.3,False,泰山站; 三重站,Bus 786 (捷運新莊站(新莊郵局)->行政院新莊聯合辦公大樓(中平路)),,,,,,,,,,
xinzhuang_fuduxin,新莊副都心,新莊,25.05924,121.44561,省租型,9,頂溪站,永和區,25.01308,121.515398,15000,15000,42.6,1,4500,0.5707106143428246,0.42928938565717545,0.5882352941176471,0.5298196948682387,0.7,0.3,False,泰山站; 三重站; 樹林車站; 汐止車站,Bus 262區 (捷運頂溪站->臺北郵局) | MRT 桃園機場捷運線 (台北車站->新莊副都心站),,,,,,,,,,
xinzhuang_fuduxin,新莊副都心,新莊,25.05924,121.44561,省租型,10,鶯歌車站,鶯歌區,24.95455,121.35517,14500,14500,53.6,1,5000,0.5753039079709554,0.42469609202904457,0.5294117647058824,0.6823855755894592,0.7,0.3,False,泰山站; 樹林車站; 汐止車站; 土城站,TRA 鶯歌-蘇澳新 (鶯歌->臺北) | MRT 桃園機場捷運線 (台北車站->新莊副都心站),,,,,,,,,,
xinzhuang_fuduxin,新莊副都心,新莊,25.05924,121.44561,省租型,11,景安站,中和區,24.99392,121.505114,15000,15000,49.5,1,4500,0.5994207391694542,0.40057926083054585,0.5882352941176471,0.6255201109570042,0.7,0.3,False,泰山站; 三重站; 樹林車站; 汐止車站; 頂溪站; 土城站,MRT 中和新蘆線 (景安->三重) | MRT 桃園機場捷運線 (三重站->新莊副都心站),,,,,,,,,,
xinzhuang_fuduxin,新莊副都心,新莊,25.05924,121.44561,省租型,12,板橋站,板橋區,25.014098,121.462671,16000,16000,31.6,0,3500,0.6072937913029289,0.39270620869707107,0.7058823529411765,0.3772538141470181,0.7,0.3,False,泰山站; 三重站; 新莊站,Bus 786 (新北板橋公車站->行政院新莊聯合辦公大樓(中平路)),,,,,,,,,,
xinzhuang_fuduxin,新莊副都心,新莊,25.05924,121.44561,省租型,13,大坪林站,新店區,24.98272,121.54134,15500,15500,45.7,1,4000,0.624785836664763,0.37521416333523705,0.6470588235294118,0.5728155339805826,0.7,0.3,False,泰山站; 三重站; 樹林車站; 汐止車站; 頂溪站; 土城站,MRT 松山新店線 (大坪林->北門) | MRT 桃園機場捷運線 (台北車站->新莊副都心站),,,,,,,,,,
xinzhuang_fuduxin,新莊副都心,新莊,25.05924,121.44561,省租型,14,五股區公所,五股區,25.082744,121.4383484,16000,16000,38.0,1,3500,0.633923472301542,0.366076527698458,0.7058823529411765,0.4660194174757282,0.7,0.3,False,泰山站; 三重站; 新莊站; 板橋站,Bus 582經工業區 (立體停車場(五股公有市場)->捷運新北產業園區站) | MRT 桃園機場捷運線 (新北產業園區站->新莊副都心站),,,,,,,,,,
xinzhuang_fuduxin,新莊副都心,新莊,25.05924,121.44561,省租型,15,林口站,林口區,25.0658,121.36134,18000,18000,16.9,0,1500,0.7108346251121808,0.28916537488781924,0.9411764705882353,0.17337031900138694,0.7,0.3,False,泰山站; 三重站,MRT 桃園機場捷運線 (林口站->新莊副都心站),,,,,,,,,,
xinzhuang_fuduxin,新莊副都心,新莊,25.05924,121.44561,省租型,16,蘆洲站,蘆洲區,25.09152,121.46471,18500,18500,46.0,1,1000,0.8730929264909847,0.1269070735090153,1.0,0.5769764216366159,0.7,0.3,False,泰山站; 三重站; 林口站; 新莊站; 板橋站; 五股區公所; 樹林車站; 汐止車站; 頂溪站; 土城站; 大坪林站,Bus 橘17 (捷運蘆洲站->工商展覽中心) | Bus 520 (工商展覽中心->勞工活動中心),,,,,,,,,,
xinzhuang_fuduxin,新莊副都心,新莊,25.05924,121.44561,平衡型,1,泰山站,泰山區,25.05321,121.43943,10000,10000,4.4,0,9500,0.0,1.0,0.0,0.0,0.5,0.5,True,,MRT 桃園機場捷運線 (泰山站->新莊副都心站),,,,,,,,,,
xinzhuang_fuduxin,新莊副都心,新莊,25.05924,121.44561,平衡型,2,三重站,三重區,25.05571,121.48422,15000,15000,10.7,0,4500,0.33780696744717303,0.6621930325528269,0.5882352941176471,0.08737864077669902,0.5,0.5,False,泰山站,MRT 桃園機場捷運線 (三重站->新莊副都心站),,,,,,,,,,
xinzhuang_fuduxin,新莊副都心,新莊,25.05924,121.44561,平衡型,3,樹林車站,樹林區,24.99123,121.42442,13000,13000,40.6,1,6500,0.4275108101493025,0.5724891898506975,0.35294117647058826,0.5020804438280168,0.5,0.5,False,泰山站,TRA 樹林-基隆 (樹林->臺北) | MRT 桃園機場捷運線 (台北車站->新莊副都心站),,,,,,,,,,
xinzhuang_fuduxin,新莊副都心,新莊,25.05924,121.44561,平衡型,4,淡水站,淡水區,25.167745,121.445805,10000,10000,66.7,1,9500,0.4320388349514564,0.5679611650485437,0.0,0.8640776699029128,0.5,0.5,False,泰山站,MRT 淡水信義線 (淡水->台北車站) | MRT 桃園機場捷運線 (台北車站->新莊副都心站),,,,,,,,,,
xinzhuang_fuduxin,新莊副都心,新莊,25.05924,121.44561,平衡型,5,新莊站,新莊區,25.03608,121.45218,15700,15700,20.3,0,3800,0.4455576405319409,0.5544423594680591,0.6705882352941176,0.22052704576976423,0.5,0.5,False,泰山站; 三重站,Bus 786 (捷運新莊站(新莊郵局)->行政院新莊聯合辦公大樓(中平路)),,,,,,,,,,
xinzhuang_fuduxin,新莊副都心,新莊,25.05924,121.44561,平衡型,6,汐止車站,汐止區,25.0679,121.66113,14000,14000,41.9,1,5500,0.49534959614913926,0.5046504038508608,0.47058823529411764,0.5201109570041609,0.5,0.5,False,泰山站; 樹林車站,TRA 基隆-苗栗 (汐止->臺北) | MRT 桃園機場捷運線 (台北車站->新莊副都心站),,,,,,,,,,
xinzhuang_fuduxin,新莊副都心,新莊,25.05924,121.44561,平衡型,7,三峽北大特區,三峽區,24.94489,121.37368,10000,10000,76.5,1,9500,0.5,0.5,0.0,1.0,0.5,0.5,False,泰山站; 淡水站,Bus 885 (臺北大學正門->新泰路口) | Bus 783 (新泰中正路口->行政院新莊聯合辦公大樓(中平路)),,,,,,,,,,
xinzhuang_fuduxin,新莊副都心,新莊,25.05924,121.44561,平衡型,8,土城站,土城區,24.97313,121.44432,14500,14500,43.7,1,5000,0.5372440238231215,0.46275597617687847,0.5294117647058824,0.5450762829403607,0.5,0.5,False,泰山站; 樹林車站; 汐止車站,MRT 板南線 (土城->新埔) | Bus 982直達新埔線 (捷運新埔站->行政院新莊聯合辦公大樓(榮華)),,,,,,,,,,
xinzhuang_fuduxin,新莊副都心,新莊,25.05924,121.44561,平衡型,9,板橋站,板橋區,25.014098,121.462671,16000,16000,31.6,0,3500,0.5415680835440972,0.45843191645590275,0.7058823529411765,0.3772538141470181,0.5,0.5,False,泰山站; 三重站; 新莊站,Bus 786 (新北板橋公車站->行政院新莊聯合辦公大樓(中平路)),,,,,,,,,,
xinzhuang_fuduxin,新莊副都心,新莊,25.05924,121.44561,平衡型,10,林口站,林口區,25.0658,121.36134,18000,18000,16.9,0,1500,0.5572733947948111,0.4427266052051889,0.9411764705882353,0.17337031900138694,0.5,0.5,False,泰山站; 三重站,MRT 桃園機場捷運線 (林口站->新莊副都心站),,,,,,,,,,
xinzhuang_fuduxin,新莊副都心,新莊,25.05924,121.44561,平衡型,11,頂溪站,永和區,25.01308,121.515398,15000,15000,42.6,1,4500,0.5590274944929429,0.44097250550705713,0.5882352941176471,0.5298196948682387,0.5,0.5,False,泰山站; 三重站; 樹林車站; 汐止車站,Bus 262區 (捷運頂溪站->臺北郵局) | MRT 桃園機場捷運線 (台北車站->新莊副都心站),,,,,,,,,,
xinzhuang_fuduxin,新莊副都心,新莊,25.05924,121.44561,平衡型,12,五股區公所,五股區,25.082744,121.4383484,16000,16000,38.0,1,3500,0.5859508852084524,0.4140491147915476,0.7058823529411765,0.4660194174757282,0.5,0.5,False,泰山站; 三重站; 新莊站; 板橋站,Bus 582經工業區 (立體停車場(五股公有市場)->捷運新北產業園區站) | MRT 桃園機場捷運線 (新北產業園區站->新莊副都心站),,,,,,,,,,
xinzhuang_fuduxin,新莊副都心,新莊,25.05924,121.44561,平衡型,13,鶯歌車站,鶯歌區,24.95455,121.35517,14500,14500,53.6,1,5000,0.6058986701476707,0.39410132985232926,0.5294117647058824,0.6823855755894592,0.5,0.5,False,泰山站; 樹林車站; 汐止車站; 土城站,TRA 鶯歌-蘇澳新 (鶯歌->臺北) | MRT 桃園機場捷運線 (台北車站->新莊副都心站),,,,,,,,,,
xinzhuang_fuduxin,新莊副都心,新莊,25.05924,121.44561,平衡型,14,景安站,中和區,24.99392,121.505114,15000,15000,49.5,1,4500,0.6068777025373256,0.39312229746267435,0.5882352941176471,0.6255201109570042,0.5,0.5,False,泰山站; 三重站; 樹林車站; 汐止車站; 頂溪站; 土城站,MRT 中和新蘆線 (景安->三重) | MRT 桃園機場捷運線 (三重站->新莊副都心站),,,,,,,,,,
xinzhuang_fuduxin,新莊副都心,新莊,25.05924,121.44561,平衡型,15,大坪林站,新店區,24.98272,121.54134,15500,15500,45.7,1,4000,0.6099371787549972,0.3900628212450028,0.6470588235294118,0.5728155339805826,0.5,0.5,False,泰山站; 三重站; 樹林車站; 汐止車站; 頂溪站; 土城站,MRT 松山新店線 (大坪林->北門) | MRT 桃園機場捷運線 (台北車站->新莊副都心站),,,,,,,,,,
xinzhuang_fuduxin,新莊副都心,新莊,25.05924,121.44561,平衡型,16,蘆洲站,蘆洲區,25.09152,121.46471,18500,18500,46.0,1,1000,0.788488210818308,0.211511789181692,1.0,0.5769764216366159,0.5,0.5,False,泰山站; 三重站; 林口站; 新莊站; 板橋站; 五股區公所; 樹林車站; 汐止車站; 頂溪站; 土城站; 大坪林站,Bus 橘17 (捷運蘆洲站->工商展覽中心) | Bus 520 (工商展覽中心->勞工活動中心),,,,,,,,,,
xinzhuang_fuduxin,新莊副都心,新莊,25.05924,121.44561,通勤型,1,泰山站,泰山區,25.05321,121.43943,10000,10000,4.4,0,9500,0.0,1.0,0.0,0.0,0.3,0.7,True,,MRT 桃園機場捷運線 (泰山站->新莊副都心站),,,,,,,,,,
xinzhuang_fuduxin,新莊副都心,新莊,25.05924,121.44561,通勤型,2,三重站,三重區,25.05571,121.48422,15000,15000,10.7,0,4500,0.23763563677898344,0.7623643632210165,0.5882352941176471,0.08737864077669902,0.3,0.7,False,泰山站,MRT 桃園機場捷運線 (三重站->新莊副都心站),,,,,,,,,,
xinzhuang_fuduxin,新莊副都心,新莊,25.05924,121.44561,通勤型,3,新莊站,新莊區,25.03608,121.45218,15700,15700,20.3,0,3800,0.35554540262707024,0.6444545973729298,0.6705882352941176,0.22052704576976423,0.3,0.7,False,泰山站; 三重站,Bus 786 (捷運新莊站(新莊郵局)->行政院新莊聯合辦公大樓(中平路)),,,,,,,,,,
xinzhuang_fuduxin,新莊副都心,新莊,25.05924,121.44561,通勤型,4,林口站,林口區,25.0658,121.36134,18000,18000,16.9,0,1500,0.4037121644774414,0.5962878355225586,0.9411764705882353,0.17337031900138694,0.3,0.7,False,泰山站; 三重站,MRT 桃園機場捷運線 (林口站->新莊副都心站),,,,,,,,,,
xinzhuang_fuduxin,新莊副都心,新莊,25.05924,121.44561,通勤型,5,樹林車站,樹林區,24.99123,121.42442,13000,13000,40.6,1,6500,0.4573386636207882,0.5426613363792119,0.35294117647058826,0.5020804438280168,0.3,0.7,False,泰山站,TRA 樹林-基隆 (樹林->臺北) | MRT 桃園機場捷運線 (台北車站->新莊副都心站),,,,,,,,,,
xinzhuang_fuduxin,新莊副都心,新莊,25.05924,121.44561,通勤型,6,板橋站,板橋區,25.014098,121.462671,16000,16000,31.6,0,3500,0.47584237578526556,0.5241576242147344,0.7058823529411765,0.3772538141470181,0.3,0.7,False,泰山站; 三重站; 新莊站,Bus 786 (新北板橋公車站->行政院新莊聯合辦公大樓(中平路)),,,,,,,,,,
xinzhuang_fuduxin,新莊副都心,新莊,25.05924,121.44561,通勤型,7,汐止車站,汐止區,25.0679,121.66113,14000,14000,41.9,1,5500,0.5052541404911479,0.4947458595088521,0.47058823529411764,0.5201109570041609,0.3,0.7,False,泰山站; 樹林車站,TRA 基隆-苗栗 (汐止->臺北) | MRT 桃園機場捷運線 (台北車站->新莊副都心站),,,,,,,,,,
xinzhuang_fuduxin,新莊副都心,新莊,25.05924,121.44561,通勤型,8,五股區公所,五股區,25.082744,121.4383484,16000,16000,38.0,1,3500,0.5379782981153627,0.4620217018846373,0.7058823529411765,0.4660194174757282,0.3,0.7,False,泰山站; 三重站; 新莊站; 板橋站,Bus 582經工業區 (立體停車場(五股公有市場)->捷運新北產業園區站) | MRT 桃園機場捷運線 (新北產業園區站->新莊副都心站),,,,,,,,,,
xinzhuang_fuduxin,新莊副都心,新莊,25.05924,121.44561,通勤型,9,土城站,土城區,24.97313,121.44432,14500,14500,43.7,1,5000,0.5403769274700172,0.4596230725299828,0.5294117647058824,0.5450762829403607,0.3,0.7,False,泰山站; 樹林車站; 汐止車站,MRT 板南線 (土城->新埔) | Bus 982直達新埔線 (捷運新埔站->行政院新莊聯合辦公大樓(榮華)),,,,,,,,,,
xinzhuang_fuduxin,新莊副都心,新莊,25.05924,121.44561,通勤型,10,頂溪站,永和區,25.01308,121.515398,15000,15000,42.6,1,4500,0.5473443746430612,0.4526556253569388,0.5882352941176471,0.5298196948682387,0.3,0.7,False,泰山站; 三重站; 樹林車站; 汐止車站,Bus 262區 (捷運頂溪站->臺北郵局) | MRT 桃園機場捷運線 (台北車站->新莊副都心站),,,,,,,,,,
xinzhuang_fuduxin,新莊副都心,新莊,25.05924,121.44561,通勤型,11,大坪林站,新店區,24.98272,121.54134,15500,15500,45.7,1,4000,0.5950885208452313,0.40491147915476866,0.6470588235294118,0.5728155339805826,0.3,0.7,False,泰山站; 三重站; 樹林車站; 汐止車站; 頂溪站; 土城站,MRT 松山新店線 (大坪林->北門) | MRT 桃園機場捷運線 (台北車站->新莊副都心站),,,,,,,,,,
xinzhuang_fuduxin,新莊副都心,新莊,25.05924,121.44561,通勤型,12,淡水站,淡水區,25.167745,121.445805,10000,10000,66.7,1,9500,0.6048543689320389,0.3951456310679611,0.0,0.8640776699029128,0.3,0.7,False,泰山站,MRT 淡水信義線 (淡水->台北車站) | MRT 桃園機場捷運線 (台北車站->新莊副都心站),,,,,,,,,,
xinzhuang_fuduxin,新莊副都心,新莊,25.05924,121.44561,通勤型,13,景安站,中和區,24.99392,121.505114,15000,15000,49.5,1,4500,0.614334665905197,0.38566533409480297,0.5882352941176471,0.6255201109570042,0.3,0.7,False,泰山站; 三重站; 樹林車站; 汐止車站; 頂溪站; 土城站,MRT 中和新蘆線 (景安->三重) | MRT 桃園機場捷運線 (三重站->新莊副都心站),,,,,,,,,,
xinzhuang_fuduxin,新莊副都心,新莊,25.05924,121.44561,通勤型,14,鶯歌車站,鶯歌區,24.95455,121.35517,14500,14500,53.6,1,5000,0.636493432324386,0.36350656767561396,0.5294117647058824,0.6823855755894592,0.3,0.7,False,泰山站; 樹林車站; 汐止車站; 土城站,TRA 鶯歌-蘇澳新 (鶯歌->臺北) | MRT 桃園機場捷運線 (台北車站->新莊副都心站),,,,,,,,,,
xinzhuang_fuduxin,新莊副都心,新莊,25.05924,121.44561,通勤型,15,三峽北大特區,三峽區,24.94489,121.37368,10000,10000,76.5,1,9500,0.7,0.30000000000000004,0.0,1.0,0.3,0.7,False,泰山站; 淡水站,Bus 885 (臺北大學正門->新泰路口) | Bus 783 (新泰中正路口->行政院新莊聯合辦公大樓(中平路)),,,,,,,,,,
xinzhuang_fuduxin,新莊副都心,新莊,25.05924,121.44561,通勤型,16,蘆洲站,蘆洲區,25.09152,121.46471,18500,18500,46.0,1,1000,0.7038834951456311,0.2961165048543689,1.0,0.5769764216366159,0.3,0.7,False,泰山站; 三重站; 林口站; 新莊站; 板橋站; 五股區公所; 樹林車站; 汐止車站; 頂溪站; 土城站; 大坪林站,Bus 橘17 (捷運蘆洲站->工商展覽中心) | Bus 520 (工商展覽中心->勞工活動中心),,,,,,,,,,
xinzhuang_fuduxin,新莊副都心,新莊,25.05924,121.44561,生活品質型,1,板橋站,板橋區,25.014098,121.462671,16000,16000,31.6,0,3500,0.21662723341763895,0.7833727665823611,0.7058823529411765,0.3772538141470181,0.2,0.2,False,泰山站; 三重站; 新莊站,Bus 786 (新北板橋公車站->行政院新莊聯合辦公大樓(中平路)),0.8019162575013639,193.0,57.0,59.0,10.0,19.0,338.0,1.0,0.0,0.6
xinzhuang_fuduxin,新莊副都心,新莊,25.05924,121.44561,生活品質型,2,樹林車站,樹林區,24.99123,121.42442,13000,13000,40.6,1,6500,0.3071117620646149,0.6928882379353851,0.35294117647058826,0.5020804438280168,0.2,0.2,False,泰山站,TRA 樹林-基隆 (樹林->臺北) | MRT 桃園機場捷運線 (台北車站->新莊副都心站),0.6267424907295398,198.0,42.0,23.0,9.0,33.0,305.0,0.7731542699918436,0.22684573000815644,0.6
xinzhuang_fuduxin,新莊副都心,新莊,25.05924,121.44561,生活品質型,3,大坪林站,新店區,24.98272,121.54134,15500,15500,45.7,1,4000,0.3098465772730724,0.6901534227269276,0.6470588235294118,0.5728155339805826,0.2,0.2,False,泰山站; 三重站; 樹林車站; 汐止車站; 頂溪站; 土城站,MRT 松山新店線 (大坪林->北門) | MRT 桃園機場捷運線 (台北車站->新莊副都心站),0.7171376811594202,256.0,49.0,34.0,4.0,48.0,391.0,0.8902138237148775,0.10978617628512255,0.6
xinzhuang_fuduxin,新莊副都心,新莊,25.05924,121.44561,生活品質型,4,三峽北大特區,三峽區,24.94489,121.37368,10000,10000,76.5,1,9500,0.3944378982821689,0.6055621017178311,0.0,1.0,0.2,0.2,False,泰山站; 淡水站,Bus 885 (臺北大學正門->新泰路口) | Bus 783 (新泰中正路口->行政院新莊聯合辦公大樓(中平路)),0.5516696909319481,157.0,39.0,52.0,6.0,11.0,265.0,0.6759368361963852,0.3240631638036148,0.6
xinzhuang_fuduxin,新莊副都心,新莊,25.05924,121.44561,生活品質型,5,三重站,三重區,25.05571,121.48422,15000,15000,10.7,0,4500,0.4367842021964973,0.5632157978035027,0.5882352941176471,0.08737864077669902,0.2,0.2,False,泰山站,MRT 桃園機場捷運線 (三重站->新莊副都心站),0.4136702720652767,82.0,48.0,30.0,5.0,12.0,177.0,0.49723097463728655,0.5027690253627135,0.6
xinzhuang_fuduxin,新莊副都心,新莊,25.05924,121.44561,生活品質型,6,景安站,中和區,24.99392,121.505114,15000,15000,49.5,1,4500,0.43793850712743265,0.5620614928725673,0.5882352941176471,0.6255201109570042,0.2,0.2,False,泰山站; 三重站; 樹林車站; 汐止車站; 頂溪站; 土城站,MRT 中和新蘆線 (景安->三重) | MRT 桃園機場捷運線 (三重站->新莊副都心站),0.5507050293729294,137.0,62.0,23.0,3.0,36.0,261.0,0.6746876231458293,0.3253123768541707,0.6
xinzhuang_fuduxin,新莊副都心,新莊,25.05924,121.44561,生活品質型,7,泰山站,泰山區,25.05321,121.43943,10000,10000,4.4,0,9500,0.45798675326832794,0.5420132467316721,0.0,0.0,0.2,0.2,True,,MRT 桃園機場捷運線 (泰山站->新莊副都心站),0.2124755489140318,60.0,18.0,26.0,3.0,12.0,119.0,0.23668874455278682,0.7633112554472132,0.6
xinzhuang_fuduxin,新莊副都心,新莊,25.05924,121.44561,生活品質型,8,頂溪站,永和區,25.01308,121.515398,15000,15000,42.6,1,4500,0.4850922967811405,0.5149077032188595,0.5882352941176471,0.5298196948682387,0.2,0.2,False,泰山站; 三重站; 樹林車站; 汐止車站,Bus 262區 (捷運頂溪站->臺北郵局) | MRT 桃園機場捷運線 (台北車站->新莊副都心站),0.4653831131351945,132.0,54.0,27.0,4.0,16.0,233.0,0.5641978350267277,0.4358021649732723,0.6
xinzhuang_fuduxin,新莊副都心,新莊,25.05924,121.44561,生活品質型,9,淡水站,淡水區,25.167745,121.445805,10000,10000,66.7,1,9500,0.49047388471884645,0.5095261152811535,0.0,0.8640776699029128,0.2,0.2,False,泰山站,MRT 淡水信義線 (淡水->台北車站) | MRT 桃園機場捷運線 (台北車站->新莊副都心站),0.3930818053875408,218.0,31.0,25.0,3.0,11.0,288.0,0.4705694154362269,0.5294305845637731,0.6
xinzhuang_fuduxin,新莊副都心,新莊,25.05924,121.44561,生活品質型,10,汐止車站,汐止區,25.0679,121.66113,14000,14000,41.9,1,5500,0.5594502489480999,0.4405497510519001,0.47058823529411764,0.5201109570041609,0.2,0.2,False,泰山站; 樹林車站,TRA 基隆-苗栗 (汐止->臺北) | MRT 桃園機場捷運線 (台北車站->新莊副都心站),0.336900483882445,67.0,41.0,22.0,5.0,12.0,147.0,0.3978159825192595,0.6021840174807405,0.6
xinzhuang_fuduxin,新莊副都心,新莊,25.05924,121.44561,生活品質型,11,新莊站,新莊區,25.03608,121.45218,15700,15700,20.3,0,3800,0.5651172414450933,0.43488275855490666,0.6705882352941176,0.22052704576976423,0.2,0.2,False,泰山站; 三重站,Bus 786 (捷運新莊站(新莊郵局)->行政院新莊聯合辦公大樓(中平路)),0.3039735090174498,63.0,27.0,30.0,3.0,20.0,143.0,0.3551763579461384,0.6448236420538616,0.6
xinzhuang_fuduxin,新莊副都心,新莊,25.05924,121.44561,生活品質型,12,土城站,土城區,24.97313,121.44432,14500,14500,43.7,1,5000,0.6983678943566329,0.30163210564336707,0.5294117647058824,0.5450762829403607,0.2,0.2,False,泰山站; 樹林車站; 汐止車站,MRT 板南線 (土城->新埔) | Bus 982直達新埔線 (捷運新埔站->行政院新莊聯合辦公大樓(榮華)),0.1796775896012713,37.0,17.0,21.0,3.0,15.0,93.0,0.19421619195435935,0.8057838080456406,0.6
xinzhuang_fuduxin,新莊副都心,新莊,25.05924,121.44561,生活品質型,13,蘆洲站,蘆洲區,25.09152,121.46471,18500,18500,46.0,1,1000,0.7009247523603778,0.29907524763962223,1.0,0.5769764216366159,0.2,0.2,False,泰山站; 三重站; 林口站; 新莊站; 板橋站; 五股區公所; 樹林車站; 汐止車站; 頂溪站; 土城站; 大坪林站,Bus 橘17 (捷運蘆洲站->工商展覽中心) | Bus 520 (工商展覽中心->勞工活動中心),0.3057299350870118,104.0,36.0,33.0,2.0,5.0,180.0,0.35745088661157576,0.6425491133884242,0.6
xinzhuang_fuduxin,新莊副都心,新莊,25.05924,121.44561,生活品質型,14,林口站,林口區,25.0658,121.36134,18000,18000,16.9,0,1500,0.7174275413615192,0.2825724586384808,0.9411764705882353,0.17337031900138694,0.2,0.2,False,泰山站; 三重站,MRT 桃園機場捷運線 (林口站->新莊副都心站),0.1654586604679111,93.0,24.0,19.0,1.0,5.0,142.0,0.17580302759400862,0.8241969724059914,0.6
xinzhuang_fuduxin,新莊副都心,新莊,25.05924,121.44561,生活品質型,15,鶯歌車站,鶯歌區,24.95455,121.35517,14500,14500,53.6,1,5000,0.7612156278430497,0.23878437215695025,0.5294117647058824,0.6823855755894592,0.2,0.2,False,泰山站; 樹林車站; 汐止車站; 土城站,TRA 鶯歌-蘇澳新 (鶯歌->臺北) | MRT 桃園機場捷運線 (台北車站->新莊副都心站),0.1341350601295097,22.0,14.0,14.0,5.0,8.0,63.0,0.13523973369336442,0.8647602663066356,0.6
xinzhuang_fuduxin,新莊副都心,新莊,25.05924,121.44561,生活品質型,16,五股區公所,五股區,25.082744,121.4383484,16000,16000,38.0,1,3500,0.834380354083381,0.16561964591661904,0.7058823529411765,0.4660194174757282,0.2,0.2,False,泰山站; 三重站; 新莊站; 板橋站,Bus 582經工業區 (立體停車場(五股公有市場)->捷運新北產業園區站) | MRT 桃園機場捷運線 (新北產業園區站->新莊副都心站),0.0297008547008547,47.0,16.0,13.0,0.0,1.0,77.0,0.0,1.0,0.6
xizhi_science_park,汐止科學園區,汐止,25.06406,121.65233,省租型,1,泰山站,泰山區,25.05321,121.43943,10000,10000,45.6,1,9500,0.3,0.7,0.0,1.0,0.7,0.3,True,,MRT 桃園機場捷運線 (泰山站->台北車站) | TRA 樹林-基隆 (臺北->汐科),,,,,,,,,,
xizhi_science_park,汐止科學園區,汐止,25.06406,121.65233,省租型,2,汐止車站,汐止區,25.0679,121.66113,14000,14000,7.0,0,5500,0.7,0.30000000000000004,1.0,0.0,0.7,0.3,True,,TRA 基隆-新竹 (汐止->汐科),,,,,,,,,,
xizhi_science_park,汐止科學園區,汐止,25.06406,121.65233,省租型,3,樹林車站,樹林區,24.99123,121.42442,13000,13000,41.9,0,6500,0.7962435233160621,0.20375647668393793,0.75,0.9041450777202071,0.7,0.3,True,,TRA 鶯歌-蘇澳新 (樹林->汐科),,,,,,,,,,
xizhi_science_park,汐止科學園區,汐止,25.06406,121.65233,平衡型,1,汐止車站,汐止區,25.0679,121.66113,14000,14000,7.0,0,5500,0.5,0.5,1.0,0.0,0.5,0.5,True,,TRA 基隆-新竹 (汐止->汐科),,,,,,,,,,
xizhi_science_park,汐止科學園區,汐止,25.06406,121.65233,平衡型,2,泰山站,泰山區,25.05321,121.43943,10000,10000,45.6,1,9500,0.5,0.5,0.0,1.0,0.5,0.5,True,,MRT 桃園機場捷運線 (泰山站->台北車站) | TRA 樹林-基隆 (臺北->汐科),,,,,,,,,,
xizhi_science_park,汐止科學園區,汐止,25.06406,121.65233,平衡型,3,樹林車站,樹林區,24.99123,121.42442,13000,13000,41.9,0,6500,0.8270725388601036,0.17292746113989643,0.75,0.9041450777202071,0.5,0.5,True,,TRA 鶯歌-蘇澳新 (樹林->汐科),,,,,,,,,,
xizhi_science_park,汐止科學園區,汐止,25.06406,121.65233,通勤型,1,汐止車站,汐止區,25.0679,121.66113,14000,14000,7.0,0,5500,0.3,0.7,1.0,0.0,0.3,0.7,True,,TRA 基隆-新竹 (汐止->汐科),,,,,,,,,,
xizhi_science_park,汐止科學園區,汐止,25.06406,121.65233,通勤型,2,泰山站,泰山區,25.05321,121.43943,10000,10000,45.6,1,9500,0.7,0.30000000000000004,0.0,1.0,0.3,0.7,True,,MRT 桃園機場捷運線 (泰山站->台北車站) | TRA 樹林-基隆 (臺北->汐科),,,,,,,,,,
xizhi_science_park,汐止科學園區,汐止,25.06406,121.65233,通勤型,3,樹林車站,樹林區,24.99123,121.42442,13000,13000,41.9,0,6500,0.857901554404145,0.14209844559585505,0.75,0.9041450777202071,0.3,0.7,True,,TRA 鶯歌-蘇澳新 (樹林->汐科),,,,,,,,,,
xizhi_science_park,汐止科學園區,汐止,25.06406,121.65233,生活品質型,1,板橋站,板橋區,25.014098,121.462671,16000,16000,35.6,0,3500,0.2130357670706474,0.7869642329293526,0.7058823529411765,0.35929648241206036,0.2,0.2,False,汐止車站,TRA 新竹-基隆 (板橋->汐科),0.8019162575013639,193.0,57.0,59.0,10.0,19.0,338.0,1.0,0.0,0.6
xizhi_science_park,汐止科學園區,汐止,25.06406,121.65233,生活品質型,2,樹林車站,樹林區,24.99123,121.42442,13000,13000,41.9,0,6500,0.2943841155100668,0.7056158844899332,0.35294117647058826,0.4384422110552764,0.2,0.2,True,,TRA 鶯歌-蘇澳新 (樹林->汐科),0.6267424907295398,198.0,42.0,23.0,9.0,33.0,305.0,0.7731542699918436,0.22684573000815644,0.6
xizhi_science_park,汐止科學園區,汐止,25.06406,121.65233,生活品質型,3,大坪林站,新店區,24.98272,121.54134,15500,15500,57.9,1,4000,0.32317291771313683,0.6768270822868632,0.6470588235294118,0.6394472361809046,0.2,0.2,False,汐止車站; 樹林車站; 泰山站; 三重站; 鶯歌車站; 頂溪站; 土城站,MRT 松山新店線 (大坪林->松山) | TRA 新竹-基隆 (松山->汐科),0.7171376811594202,256.0,49.0,34.0,4.0,48.0,391.0,0.8902138237148775,0.10978617628512255,0.6
xizhi_science_park,汐止科學園區,汐止,25.06406,121.65233,生活品質型,4,三峽北大特區,三峽區,24.94489,121.37368,10000,10000,74.2,1,9500,0.3632821193876965,0.6367178806123035,0.0,0.8442211055276383,0.2,0.2,False,泰山站; 淡水站,Bus F611 (大學風呂(學勤路)->山佳) | TRA 彰化-基隆 (山佳->汐科),0.5516696909319481,157.0,39.0,52.0,6.0,11.0,265.0,0.6759368361963852,0.3240631638036148,0.6
xizhi_science_park,汐止科學園區,汐止,25.06406,121.65233,生活品質型,5,汐止車站,汐止區,25.0679,121.66113,14000,14000,7.0,0,5500,0.4554280575472678,0.5445719424527322,0.47058823529411764,0.0,0.2,0.2,True,,TRA 基隆-新竹 (汐止->汐科),0.336900483882445,67.0,41.0,22.0,5.0,12.0,147.0,0.3978159825192595,0.6021840174807405,0.6
xizhi_science_park,汐止科學園區,汐止,25.06406,121.65233,生活品質型,6,景安站,中和區,24.99392,121.505114,15000,15000,68.0,1,4500,0.46610081659432334,0.5338991834056767,0.5882352941176471,0.7663316582914573,0.2,0.2,False,汐止車站; 樹林車站; 泰山站; 三重站; 鶯歌車站; 頂溪站; 土城站; 淡水站,MRT 環狀線 (景安->板橋) | TRA 彰化-基隆 (板橋->汐科),0.5507050293729294,137.0,62.0,23.0,3.0,36.0,261.0,0.6746876231458293,0.3253123768541707,0.6
xizhi_science_park,汐止科學園區,汐止,25.06406,121.65233,生活品質型,7,淡水站,淡水區,25.167745,121.445805,10000,10000,67.9,1,9500,0.47067342611514834,0.5293265738848516,0.0,0.7650753768844223,0.2,0.2,False,泰山站,MRT 淡水信義線 (淡水->台北車站) | TRA 彰化-基隆 (臺北->汐科),0.3930818053875408,218.0,31.0,25.0,3.0,11.0,288.0,0.4705694154362269,0.5294305845637731,0.6
xizhi_science_park,汐止科學園區,汐止,25.06406,121.65233,生活品質型,8,頂溪站,永和區,25.01308,121.515398,15000,15000,49.8,1,4500,0.4866660462497039,0.5133339537502961,0.5882352941176471,0.5376884422110553,0.2,0.2,False,汐止車站; 樹林車站; 泰山站; 三重站; 鶯歌車站,Bus 262區 (捷運頂溪站->臺北車站(忠孝)) | TRA 鶯歌-蘇澳新 (臺北->汐科),0.4653831131351945,132.0,54.0,27.0,4.0,16.0,233.0,0.5641978350267277,0.4358021649732723,0.6
xizhi_science_park,汐止科學園區,汐止,25.06406,121.65233,生活品質型,9,三重站,三重區,25.05571,121.48422,15000,15000,46.9,1,4500,0.5195597303225645,0.48044026967743547,0.5882352941176471,0.5012562814070352,0.2,0.2,False,汐止車站; 樹林車站; 泰山站,MRT 桃園機場捷運線 (三重站->台北車站) | TRA 北湖-瑞芳 (臺北->汐科),0.4136702720652767,82.0,48.0,30.0,5.0,12.0,177.0,0.49723097463728655,0.5027690253627135,0.6
xizhi_science_park,汐止科學園區,汐止,25.06406,121.65233,生活品質型,10,泰山站,泰山區,25.05321,121.43943,10000,10000,45.6,1,9500,0.5549716778914435,0.4450283221085565,0.0,0.48492462311557794,0.2,0.2,True,,MRT 桃園機場捷運線 (泰山站->台北車站) | TRA 樹林-基隆 (臺北->汐科),0.2124755489140318,60.0,18.0,26.0,3.0,12.0,119.0,0.23668874455278682,0.7633112554472132,0.6
xizhi_science_park,汐止科學園區,汐止,25.06406,121.65233,生活品質型,11,土城站,土城區,24.97313,121.44432,14500,14500,54.7,1,5000,0.7092018839997166,0.2907981160002834,0.5294117647058824,0.599246231155779,0.2,0.2,False,汐止車站; 樹林車站; 泰山站; 鶯歌車站,MRT 板南線 (土城->龍山寺) | TRA 新竹-基隆 (萬華->汐科),0.1796775896012713,37.0,17.0,21.0,3.0,15.0,93.0,0.19421619195435935,0.8057838080456406,0.6
xizhi_science_park,汐止科學園區,汐止,25.06406,121.65233,生活品質型,12,新莊站,新莊區,25.03608,121.45218,15700,15700,86.5,1,3800,0.7207605760097335,0.27923942399026647,0.6705882352941176,0.9987437185929648,0.2,0.2,False,汐止車站; 樹林車站; 泰山站; 三重站; 鶯歌車站; 頂溪站; 土城站; 大坪林站; 淡水站; 景安站; 三峽北大特區,MRT 中和新蘆線 (新莊->松江南京) | Bus 668 (南京建國路口->汐科站北站),0.3039735090174498,63.0,27.0,30.0,3.0,20.0,143.0,0.3551763579461384,0.6448236420538616,0.6
xizhi_science_park,汐止科學園區,汐止,25.06406,121.65233,生活品質型,13,鶯歌車站,鶯歌區,24.95455,121.35517,14500,14500,49.8,0,5000,0.7322762011673689,0.2677237988326311,0.5294117647058824,0.5376884422110553,0.2,0.2,False,汐止車站; 樹林車站; 泰山站,TRA 彰化-基隆 (鶯歌->汐科),0.1341350601295097,22.0,14.0,14.0,5.0,8.0,63.0,0.13523973369336442,0.8647602663066356,0.6
xizhi_science_park,汐止科學園區,汐止,25.06406,121.65233,生活品質型,14,蘆洲站,蘆洲區,25.09152,121.46471,18500,18500,86.6,1,1000,0.7855294680330546,0.21447053196694543,1.0,1.0,0.2,0.2,False,汐止車站; 板橋站; 樹林車站; 泰山站; 三重站; 鶯歌車站; 頂溪站; 土城站; 大坪林站; 林口站; 淡水站; 景安站; 三峽北大特區; 五股區公所; 新莊站,MRT 中和新蘆線 (蘆洲->松江南京) | Bus 668 (南京建國路口->汐科站北站),0.3057299350870118,104.0,36.0,33.0,2.0,5.0,180.0,0.35745088661157576,0.6425491133884242,0.6
xizhi_science_park,汐止科學園區,汐止,25.06406,121.65233,生活品質型,15,林口站,林口區,25.0658,121.36134,18000,18000,65.2,1,1500,0.8289846333401364,0.1710153666598636,0.9411764705882353,0.7311557788944725,0.2,0.2,False,汐止車站; 板橋站; 樹林車站; 泰山站; 三重站; 鶯歌車站; 頂溪站; 土城站; 大坪林站,MRT 桃園機場捷運線 (林口站->台北車站) | TRA 彰化-基隆 (臺北->汐科),0.1654586604679111,93.0,24.0,19.0,1.0,5.0,142.0,0.17580302759400862,0.8241969724059914,0.6
xizhi_science_park,汐止科學園區,汐止,25.06406,121.65233,生活品質型,16,五股區公所,五股區,25.082744,121.4383484,16000,16000,78.2,1,3500,0.9200709429500444,0.07992905704995557,0.7058823529411765,0.8944723618090453,0.2,0.2,False,汐止車站; 板橋站; 樹林車站; 泰山站; 三重站; 鶯歌車站; 頂溪站; 土城站; 大坪林站; 淡水站; 景安站; 三峽北大特區,Bus 641 (立體停車場(五股公有市場)->臺北車站(鄭州)) | TRA 三義-基隆 (臺北->汐科),0.0297008547008547,47.0,16.0,13.0,0.0,1.0,77.0,0.0,1.0,0.6
zhonghe_tech_park,中和科技園區,中和,25.007043,121.496375,省租型,1,泰山站,泰山區,25.05321,121.43943,10000,10000,56.1,1,9500,0.3,0.7,0.0,1.0,0.7,0.3,True,,MRT 桃園機場捷運線 (泰山站->台北車站) | Bus 202 (臺北車站(忠孝)->華中橋),,,,,,,,,,
zhonghe_tech_park,中和科技園區,中和,25.007043,121.496375,省租型,2,樹林車站,樹林區,24.99123,121.42442,13000,13000,33.8,1,6500,0.5576213592233009,0.4423786407766991,0.6,0.4587378640776698,0.7,0.3,True,,TRA 鶯歌-蘇澳新 (樹林->板橋) | MRT 環狀線 (板橋->中和),,,,,,,,,,
zhonghe_tech_park,中和科技園區,中和,25.007043,121.496375,省租型,3,景安站,中和區,24.99392,121.505114,15000,15000,14.9,0,4500,0.7,0.30000000000000004,1.0,0.0,0.7,0.3,True,,MRT 環狀線 (景安->中和),,,,,,,,,,
zhonghe_tech_park,中和科技園區,中和,25.007043,121.496375,平衡型,1,景安站,中和區,24.99392,121.505114,15000,15000,14.9,0,4500,0.5,0.5,1.0,0.0,0.5,0.5,True,,MRT 環狀線 (景安->中和),,,,,,,,,,
zhonghe_tech_park,中和科技園區,中和,25.007043,121.496375,平衡型,2,泰山站,泰山區,25.05321,121.43943,10000,10000,56.1,1,9500,0.5,0.5,0.0,1.0,0.5,0.5,True,,MRT 桃園機場捷運線 (泰山站->台北車站) | Bus 202 (臺北車站(忠孝)->華中橋),,,,,,,,,,
zhonghe_tech_park,中和科技園區,中和,25.007043,121.496375,平衡型,3,樹林車站,樹林區,24.99123,121.42442,13000,13000,33.8,1,6500,0.5293689320388348,0.47063106796116516,0.6,0.4587378640776698,0.5,0.5,True,,TRA 鶯歌-蘇澳新 (樹林->板橋) | MRT 環狀線 (板橋->中和),,,,,,,,,,
zhonghe_tech_park,中和科技園區,中和,25.007043,121.496375,通勤型,1,景安站,中和區,24.99392,121.505114,15000,15000,14.9,0,4500,0.3,0.7,1.0,0.0,0.3,0.7,True,,MRT 環狀線 (景安->中和),,,,,,,,,,
zhonghe_tech_park,中和科技園區,中和,25.007043,121.496375,通勤型,2,樹林車站,樹林區,24.99123,121.42442,13000,13000,33.8,1,6500,0.5011165048543689,0.49888349514563113,0.6,0.4587378640776698,0.3,0.7,True,,TRA 鶯歌-蘇澳新 (樹林->板橋) | MRT 環狀線 (板橋->中和),,,,,,,,,,
zhonghe_tech_park,中和科技園區,中和,25.007043,121.496375,通勤型,3,泰山站,泰山區,25.05321,121.43943,10000,10000,56.1,1,9500,0.7,0.30000000000000004,0.0,1.0,0.3,0.7,True,,MRT 桃園機場捷運線 (泰山站->台北車站) | Bus 202 (臺北車站(忠孝)->華中橋),,,,,,,,,,
zhonghe_tech_park,中和科技園區,中和,25.007043,121.496375,生活品質型,1,板橋站,板橋區,25.014098,121.462671,16000,16000,23.2,0,3500,0.1677790346907994,0.8322209653092005,0.7058823529411765,0.1330128205128205,0.2,0.2,False,景安站; 頂溪站,MRT 環狀線 (板橋->中和),0.8019162575013639,193.0,57.0,59.0,10.0,19.0,338.0,1.0,0.0,0.6
zhonghe_tech_park,中和科技園區,中和,25.007043,121.496375,生活品質型,2,大坪林站,新店區,24.98272,121.54134,15500,15500,23.4,0,4000,0.22252706022054564,0.7774729397794544,0.6470588235294118,0.1362179487179487,0.2,0.2,False,景安站; 頂溪站,MRT 環狀線 (大坪林->中和),0.7171376811594202,256.0,49.0,34.0,4.0,48.0,391.0,0.8902138237148775,0.10978617628512255,0.6
zhonghe_tech_park,中和科技園區,中和,25.007043,121.496375,生活品質型,3,樹林車站,樹林區,24.99123,121.42442,13000,13000,33.8,1,6500,0.2672725963759346,0.7327274036240654,0.35294117647058826,0.30288461538461536,0.2,0.2,True,,TRA 鶯歌-蘇澳新 (樹林->板橋) | MRT 環狀線 (板橋->中和),0.6267424907295398,198.0,42.0,23.0,9.0,33.0,305.0,0.7731542699918436,0.22684573000815644,0.6
zhonghe_tech_park,中和科技園區,中和,25.007043,121.496375,生活品質型,4,景安站,中和區,24.99392,121.505114,15000,15000,14.9,0,4500,0.31283448493603183,0.6871655150639682,0.5882352941176471,0.0,0.2,0.2,True,,MRT 環狀線 (景安->中和),0.5507050293729294,137.0,62.0,23.0,3.0,36.0,261.0,0.6746876231458293,0.3253123768541707,0.6
zhonghe_tech_park,中和科技園區,中和,25.007043,121.496375,生活品質型,5,三峽北大特區,三峽區,24.94489,121.37368,10000,10000,64.3,1,9500,0.35277123161550217,0.6472287683844978,0.0,0.7916666666666666,0.2,0.2,False,泰山站,Bus 921 (臺北大學正門->中和國稅局) | Bus 982 (家美工業區->中和保養廠),0.5516696909319481,157.0,39.0,52.0,6.0,11.0,265.0,0.6759368361963852,0.3240631638036148,0.6
zhonghe_tech_park,中和科技園區,中和,25.007043,121.496375,生活品質型,6,頂溪站,永和區,25.01308,121.515398,15000,15000,18.0,0,4500,0.3890642552433903,0.6109357447566097,0.5882352941176471,0.049679487179487176,0.2,0.2,False,景安站,Bus 橘3 (仁愛路->橋和站),0.4653831131351945,132.0,54.0,27.0,4.0,16.0,233.0,0.5641978350267277,0.4358021649732723,0.6
zhonghe_tech_park,中和科技園區,中和,25.007043,121.496375,生活品質型,7,三重站,三重區,25.05571,121.48422,15000,15000,36.5,1,4500,0.48853924327192677,0.5114607567280732,0.5882352941176471,0.3461538461538462,0.2,0.2,False,景安站; 頂溪站; 樹林車站,MRT 中和新蘆線 (三重->頭前庄) | MRT 環狀線 (頭前庄->中和),0.4136702720652767,82.0,48.0,30.0,5.0,12.0,177.0,0.49723097463728655,0.5027690253627135,0.6
zhonghe_tech_park,中和科技園區,中和,25.007043,121.496375,生活品質型,8,淡水站,淡水區,25.167745,121.445805,10000,10000,77.3,1,9500,0.5176583507382639,0.48234164926173606,0.0,1.0,0.2,0.2,False,泰山站; 三峽北大特區,MRT 淡水信義線 (淡水->台北車站) | Bus 307 (臺北車站(忠孝)->華中橋),0.3930818053875408,218.0,31.0,25.0,3.0,11.0,288.0,0.4705694154362269,0.5294305845637731,0.6
zhonghe_tech_park,中和科技園區,中和,25.007043,121.496375,生活品質型,9,汐止車站,汐止區,25.0679,121.66113,14000,14000,49.5,1,5500,0.5663254934447037,0.43367450655529627,0.47058823529411764,0.5544871794871795,0.2,0.2,False,樹林車站,TRA 蘇澳-樹林 (汐止->萬華) | Bus 307西藏三民 (西藏路->華中橋),0.336900483882445,67.0,41.0,22.0,5.0,12.0,147.0,0.3978159825192595,0.6021840174807405,0.6
zhonghe_tech_park,中和科技園區,中和,25.007043,121.496375,生活品質型,10,新莊站,新莊區,25.03608,121.45218,15700,15700,33.1,1,3800,0.5793451656244738,0.4206548343755262,0.6705882352941176,0.29166666666666674,0.2,0.2,False,景安站; 頂溪站; 大坪林站,MRT 中和新蘆線 (新莊->頭前庄) | MRT 環狀線 (頭前庄->中和),0.3039735090174498,63.0,27.0,30.0,3.0,20.0,143.0,0.3551763579461384,0.6448236420538616,0.6
zhonghe_tech_park,中和科技園區,中和,25.007043,121.496375,生活品質型,11,泰山站,泰山區,25.05321,121.43943,10000,10000,56.1,1,9500,0.59003803531961,0.40996196468039003,0.0,0.6602564102564104,0.2,0.2,True,,MRT 桃園機場捷運線 (泰山站->台北車站) | Bus 202 (臺北車站(忠孝)->華中橋),0.2124755489140318,60.0,18.0,26.0,3.0,12.0,119.0,0.23668874455278682,0.7633112554472132,0.6
zhonghe_tech_park,中和科技園區,中和,25.007043,121.496375,生活品質型,12,土城站,土城區,24.97313,121.44432,14500,14500,41.6,1,5000,0.674929560845484,0.32507043915451606,0.5294117647058824,0.4278846153846154,0.2,0.2,False,樹林車站,MRT 板南線 (土城->板橋) | MRT 環狀線 (板橋->中和),0.1796775896012713,37.0,17.0,21.0,3.0,15.0,93.0,0.19421619195435935,0.8057838080456406,0.6
zhonghe_tech_park,中和科技園區,中和,25.007043,121.496375,生活品質型,13,蘆洲站,蘆洲區,25.09152,121.46471,18500,18500,57.1,1,1000,0.7207858782894648,0.27921412171053517,1.0,0.6762820512820513,0.2,0.2,False,景安站; 頂溪站; 板橋站; 大坪林站; 新莊站; 樹林車站; 三重站; 土城站; 鶯歌車站; 汐止車站; 泰山站,MRT 中和新蘆線 (蘆洲->景安) | MRT 環狀線 (景安->中和),0.3057299350870118,104.0,36.0,33.0,2.0,5.0,180.0,0.35745088661157576,0.6425491133884242,0.6
zhonghe_tech_park,中和科技園區,中和,25.007043,121.496375,生活品質型,14,鶯歌車站,鶯歌區,24.95455,121.35517,14500,14500,48.8,1,5000,0.733392358879004,0.266607641120996,0.5294117647058824,0.5432692307692307,0.2,0.2,False,樹林車站; 土城站,TRA 鶯歌-蘇澳新 (鶯歌->板橋) | MRT 環狀線 (板橋->中和),0.1341350601295097,22.0,14.0,14.0,5.0,8.0,63.0,0.13523973369336442,0.8647602663066356,0.6
zhonghe_tech_park,中和科技園區,中和,25.007043,121.496375,生活品質型,15,林口站,林口區,25.0658,121.36134,18000,18000,65.5,1,1500,0.8449329647407291,0.1550670352592709,0.9411764705882353,0.8108974358974359,0.2,0.2,False,景安站; 頂溪站; 板橋站; 大坪林站; 新莊站; 樹林車站; 三重站; 土城站; 鶯歌車站; 汐止車站; 泰山站; 五股區公所; 三峽北大特區,MRT 桃園機場捷運線 (林口站->台北車站) | Bus 307 (臺北車站(忠孝)->華中橋),0.1654586604679111,93.0,24.0,19.0,1.0,5.0,142.0,0.17580302759400862,0.8241969724059914,0.6
zhonghe_tech_park,中和科技園區,中和,25.007043,121.496375,生活品質型,16,五股區公所,五股區,25.082744,121.4383484,16000,16000,58.8,2,3500,0.8818815987933635,0.11811840120663653,0.7058823529411765,0.703525641025641,0.2,0.2,False,景安站; 頂溪站; 板橋站; 大坪林站; 新莊站; 樹林車站; 三重站; 土城站; 鶯歌車站; 汐止車站; 泰山站,Bus 963 (五股區公所(五股公有市場)->捷運新埔站) | MRT 板南線 (新埔->板橋) | MRT 環狀線 (板橋->中和),0.0297008547008547,47.0,16.0,13.0,0.0,1.0,77.0,0.0,1.0,0.6
tucheng_industrial_park,土城產業園區,土城,24.962537,121.425079,省租型,1,三峽北大特區,三峽區,24.94489,121.37368,10000,10000,30.6,0,9500,0.07862903225806452,0.9213709677419355,0.0,0.2620967741935484,0.7,0.3,True,,Bus 707 (學成路一->土城工業區),,,,,,,,,,
tucheng_industrial_park,土城產業園區,土城,24.962537,121.425079,省租型,2,土城站,土城區,24.97313,121.44432,14500,14500,11.1,0,5000,0.3705882352941176,0.6294117647058823,0.5294117647058824,0.0,0.7,0.3,True,,Bus 706 (捷運土城站->土城工業區),,,,,,,,,,
tucheng_industrial_park,土城產業園區,土城,24.962537,121.425079,省租型,3,泰山站,泰山區,25.05321,121.43943,10000,10000,79.2,1,9500,0.2745967741935484,0.7254032258064516,0.0,0.9153225806451614,0.7,0.3,False,三峽北大特區,Bus 805 (泰林路新北大道口->中華路口) | Bus 706 (捷運永寧站->土城工業區),,,,,,,,,,
tucheng_industrial_park,土城產業園區,土城,24.962537,121.425079,省租型,4,淡水站,淡水區,25.167745,121.445805,10000,10000,85.5,2,9500,0.3,0.7,0.0,1.0,0.7,0.3,False,三峽北大特區; 泰山站,MRT 淡水信義線 (淡水->台北車站) | MRT 板南線 (台北車站->永寧) | Bus 707 (中央路三段->土城工業區),,,,,,,,,,
tucheng_industrial_park,土城產業園區,土城,24.962537,121.425079,省租型,5,樹林車站,樹林區,24.99123,121.42442,13000,13000,33.3,1,6500,0.3365749525616698,0.6634250474383302,0.35294117647058826,0.29838709677419345,0.7,0.3,False,三峽北大特區,Bus 藍44延 (樹林火車站->捷運永寧站) | Bus 706 (捷運永寧站->土城工業區),,,,,,,,,,
tucheng_industrial_park,土城產業園區,土城,24.962537,121.425079,省租型,6,鶯歌車站,鶯歌區,24.95455,121.35517,14500,14500,50.5,1,5000,0.5294592030360531,0.4705407969639469,0.5294117647058824,0.5295698924731183,0.7,0.3,False,土城站; 三峽北大特區; 樹林車站,Bus 917 (鶯歌火車站->中央路三段) | Bus 706 (土城國中->土城工業區),,,,,,,,,,
tucheng_industrial_park,土城產業園區,土城,24.962537,121.425079,省租型,7,汐止車站,汐止區,25.0679,121.66113,14000,14000,62.7,2,5500,0.5374762808349146,0.4625237191650854,0.47058823529411764,0.6935483870967741,0.7,0.3,False,三峽北大特區; 樹林車站,TRA 基隆-苗栗 (汐止->板橋) | MRT 板南線 (板橋->永寧) | Bus 706 (捷運永寧站->土城工業區),,,,,,,,,,
tucheng_industrial_park,土城產業園區,土城,24.962537,121.425079,省租型,8,板橋站,板橋區,25.014098,121.462671,16000,16000,29.8,1,3500,0.5695208728652752,0.4304791271347248,0.7058823529411765,0.2513440860215054,0.7,0.3,False,土城站,MRT 板南線 (板橋->頂埔) | Bus 706 (大暖路口->土城工業區),,,,,,,,,,
tucheng_industrial_park,土城產業園區,土城,24.962537,121.425079,省租型,9,頂溪站,永和區,25.01308,121.515398,15000,15000,52.0,0,4500,0.5766840607210626,0.4233159392789374,0.5882352941176471,0.5497311827956989,0.7,0.3,False,土城站; 三峽北大特區; 樹林車站; 鶯歌車站,Bus 706 (捷運頂溪站->土城工業區),,,,,,,,,,
tucheng_industrial_park,土城產業園區,土城,24.962537,121.425079,省租型,10,三重站,三重區,25.05571,121.48422,15000,15000,59.5,2,4500,0.6069259962049336,0.3930740037950664,0.5882352941176471,0.6505376344086021,0.7,0.3,False,土城站; 三峽北大特區; 樹林車站; 鶯歌車站; 頂溪站,Bus 640 (捷運三重站->西門市場(漢中)) | MRT 板南線 (西門->頂埔) | Bus 707 (大暖路口->土城工業區),,,,,,,,,,
tucheng_industrial_park,土城產業園區,土城,24.962537,121.425079,省租型,11,景安站,中和區,24.99392,121.505114,15000,15000,61.4,2,4500,0.6145872865275142,0.38541271347248585,0.5882352941176471,0.6760752688172043,0.7,0.3,False,土城站; 三峽北大特區; 樹林車站; 鶯歌車站; 頂溪站; 三重站,MRT 環狀線 (景安->板橋) | MRT 板南線 (板橋->永寧) | Bus 藍45 (中央路三段->土城國中),,,,,,,,,,
tucheng_industrial_park,土城產業園區,土城,24.962537,121.425079,省租型,12,新莊站,新莊區,25.03608,121.45218,15700,15700,51.5,2,3800,0.6323149905123339,0.36768500948766614,0.6705882352941176,0.543010752688172,0.7,0.3,False,土城站; 三峽北大特區; 樹林車站; 鶯歌車站,Bus 786 (捷運新莊站->捷運府中站(府中路)) | MRT 板南線 (府中->頂埔) | Bus 707 (大暖路口->土城工業區),,,,,,,,,,
tucheng_industrial_park,土城產業園區,土城,24.962537,121.425079,省租型,13,五股區公所,五股區,25.082744,121.4383484,16000,16000,54.5,2,3500,0.6691176470588235,0.3308823529411765,0.7058823529411765,0.5833333333333333,0.7,0.3,False,土城站; 板橋站; 三峽北大特區; 樹林車站; 鶯歌車站; 新莊站; 頂溪站,Bus 963 (五股區公所(五股公有市場)->捷運新埔站) | MRT 板南線 (新埔->永寧) | Bus 706 (中央路三段->土城工業區),,,,,,,,,,
tucheng_industrial_park,土城產業園區,土城,24.962537,121.425079,省租型,14,大坪林站,新店區,24.98272,121.54134,15500,15500,73.7,1,4000,0.7053605313092979,0.2946394686907021,0.6470588235294118,0.8413978494623655,0.7,0.3,False,土城站; 三峽北大特區; 樹林車站; 鶯歌車站; 頂溪站; 三重站; 景安站; 汐止車站,Bus 793 (捷運大坪林站->中和國稅局) | Bus 706 (中和國稅局->土城工業區),,,,,,,,,,
tucheng_industrial_park,土城產業園區,土城,24.962537,121.425079,省租型,15,林口站,林口區,25.0658,121.36134,18000,18000,82.8,2,1500,0.9479364326375711,0.0520635673624289,0.9411764705882353,0.9637096774193548,0.7,0.3,False,土城站; 板橋站; 三峽北大特區; 樹林車站; 鶯歌車站; 新莊站; 頂溪站; 五股區公所; 三重站; 景安站; 汐止車站; 大坪林站; 泰山站,MRT 桃園機場捷運線 (林口站->台北車站) | MRT 板南線 (台北車站->永寧) | Bus 707 (中央路三段->土城工業區),,,,,,,,,,
tucheng_industrial_park,土城產業園區,土城,24.962537,121.425079,省租型,16,蘆洲站,蘆洲區,25.09152,121.46471,18500,18500,79.3,2,1000,0.9749999999999999,0.025000000000000133,1.0,0.9166666666666666,0.7,0.3,False,土城站; 板橋站; 三峽北大特區; 樹林車站; 鶯歌車站; 新莊站; 頂溪站; 五股區公所; 三重站; 景安站; 汐止車站; 大坪林站; 泰山站,MRT 中和新蘆線 (蘆洲->忠孝新生) | MRT 板南線 (忠孝新生->頂埔) | Bus 706 (大暖路口->土城工業區),,,,,,,,,,
tucheng_industrial_park,土城產業園區,土城,24.962537,121.425079,平衡型,1,三峽北大特區,三峽區,24.94489,121.37368,10000,10000,30.6,0,9500,0.1310483870967742,0.8689516129032258,0.0,0.2620967741935484,0.5,0.5,True,,Bus 707 (學成路一->土城工業區),,,,,,,,,,
tucheng_industrial_park,土城產業園區,土城,24.962537,121.425079,平衡型,2,土城站,土城區,24.97313,121.44432,14500,14500,11.1,0,5000,0.2647058823529412,0.7352941176470589,0.5294117647058824,0.0,0.5,0.5,True,,Bus 706 (捷運土城站->土城工業區),,,,,,,,,,
tucheng_industrial_park,土城產業園區,土城,24.962537,121.425079,平衡型,3,樹林車站,樹林區,24.99123,121.42442,13000,13000,33.3,1,6500,0.32566413662239085,0.6743358633776091,0.35294117647058826,0.29838709677419345,0.5,0.5,False,三峽北大特區,Bus 藍44延 (樹林火車站->捷運永寧站) | Bus 706 (捷運永寧站->土城工業區),,,,,,,,,,
tucheng_industrial_park,土城產業園區,土城,24.962537,121.425079,平衡型,4,泰山站,泰山區,25.05321,121.43943,10000,10000,79.2,1,9500,0.4576612903225807,0.5423387096774193,0.0,0.9153225806451614,0.5,0.5,False,三峽北大特區,Bus 805 (泰林路新北大道口->中華路口) | Bus 706 (捷運永寧站->土城工業區),,,,,,,,,,
tucheng_industrial_park,土城產業園區,土城,24.962537,121.425079,平衡型,5,板橋站,板橋區,25.014098,121.462671,16000,16000,29.8,1,3500,0.47861321948134095,0.521386780518659,0.7058823529411765,0.2513440860215054,0.5,0.5,False,土城站,MRT 板南線 (板橋->頂埔) | Bus 706 (大暖路口->土城工業區),,,,,,,,,,
tucheng_industrial_park,土城產業園區,土城,24.962537,121.425079,平衡型,6,淡水站,淡水區,25.167745,121.445805,10000,10000,85.5,2,9500,0.5,0.5,0.0,1.0,0.5,0.5,False,三峽北大特區; 泰山站,MRT 淡水信義線 (淡水->台北車站) | MRT 板南線 (台北車站->永寧) | Bus 707 (中央路三段->土城工業區),,,,,,,,,,
tucheng_industrial_park,土城產業園區,土城,24.962537,121.425079,平衡型,7,鶯歌車站,鶯歌區,24.95455,121.35517,14500,14500,50.5,1,5000,0.5294908285895004,0.47050917141049964,0.5294117647058824,0.5295698924731183,0.5,0.5,False,土城站; 三峽北大特區; 樹林車站,Bus 917 (鶯歌火車站->中央路三段) | Bus 706 (土城國中->土城工業區),,,,,,,,,,
tucheng_industrial_park,土城產業園區,土城,24.962537,121.425079,平衡型,8,頂溪站,永和區,25.01308,121.515398,15000,15000,52.0,0,4500,0.568983238456673,0.431016761543327,0.5882352941176471,0.5497311827956989,0.5,0.5,False,土城站; 三峽北大特區; 樹林車站; 鶯歌車站,Bus 706 (捷運頂溪站->土城工業區),,,,,,,,,,
tucheng_industrial_park,土城產業園區,土城,24.962537,121.425079,平衡型,9,汐止車站,汐止區,25.0679,121.66113,14000,14000,62.7,2,5500,0.5820683111954459,0.4179316888045541,0.47058823529411764,0.6935483870967741,0.5,0.5,False,三峽北大特區; 樹林車站,TRA 基隆-苗栗 (汐止->板橋) | MRT 板南線 (板橋->永寧) | Bus 706 (捷運永寧站->土城工業區),,,,,,,,,,
tucheng_industrial_park,土城產業園區,土城,24.962537,121.425079,平衡型,10,新莊站,新莊區,25.03608,121.45218,15700,15700,51.5,2,3800,0.6067994939911447,0.39320050600885526,0.6705882352941176,0.543010752688172,0.5,0.5,False,土城站; 三峽北大特區; 樹林車站; 鶯歌車站,Bus 786 (捷運新莊站->捷運府中站(府中路)) | MRT 板南線 (府中->頂埔) | Bus 707 (大暖路口->土城工業區),,,,,,,,,,
tucheng_industrial_park,土城產業園區,土城,24.962537,121.425079,平衡型,11,三重站,三重區,25.05571,121.48422,15000,15000,59.5,2,4500,0.6193864642631246,0.3806135357368754,0.5882352941176471,0.6505376344086021,0.5,0.5,False,土城站; 三峽北大特區; 樹林車站; 鶯歌車站; 頂溪站,Bus 640 (捷運三重站->西門市場(漢中)) | MRT 板南線 (西門->頂埔) | Bus 707 (大暖路口->土城工業區),,,,,,,,,,
tucheng_industrial_park,土城產業園區,土城,24.962537,121.425079,平衡型,12,景安站,中和區,24.99392,121.505114,15000,15000,61.4,2,4500,0.6321552814674256,0.3678447185325744,0.5882352941176471,0.6760752688172043,0.5,0.5,False,土城站; 三峽北大特區; 樹林車站; 鶯歌車站; 頂溪站; 三重站,MRT 環狀線 (景安->板橋) | MRT 板南線 (板橋->永寧) | Bus 藍45 (中央路三段->土城國中),,,,,,,,,,
tucheng_industrial_park,土城產業園區,土城,24.962537,121.425079,平衡型,13,五股區公所,五股區,25.082744,121.4383484,16000,16000,54.5,2,3500,0.6446078431372548,0.35539215686274517,0.7058823529411765,0.5833333333333333,0.5,0.5,False,土城站; 板橋站; 三峽北大特區; 樹林車站; 鶯歌車站; 新莊站; 頂溪站,Bus 963 (五股區公所(五股公有市場)->捷運新埔站) | MRT 板南線 (新埔->永寧) | Bus 706 (中央路三段->土城工業區),,,,,,,,,,
tucheng_industrial_park,土城產業園區,土城,24.962537,121.425079,平衡型,14,大坪林站,新店區,24.98272,121.54134,15500,15500,73.7,1,4000,0.7442283364958886,0.2557716635041114,0.6470588235294118,0.8413978494623655,0.5,0.5,False,土城站; 三峽北大特區; 樹林車站; 鶯歌車站; 頂溪站; 三重站; 景安站; 汐止車站,Bus 793 (捷運大坪林站->中和國稅局) | Bus 706 (中和國稅局->土城工業區),,,,,,,,,,
tucheng_industrial_park,土城產業園區,土城,24.962537,121.425079,平衡型,15,林口站,林口區,25.0658,121.36134,18000,18000,82.8,2,1500,0.952443074003795,0.04755692599620498,0.9411764705882353,0.9637096774193548,0.5,0.5,False,土城站; 板橋站; 三峽北大特區; 樹林車站; 鶯歌車站; 新莊站; 頂溪站; 五股區公所; 三重站; 景安站; 汐止車站; 大坪林站; 泰山站,MRT 桃園機場捷運線 (林口站->台北車站) | MRT 板南線 (台北車站->永寧) | Bus 707 (中央路三段->土城工業區),,,,,,,,,,
tucheng_industrial_park,土城產業園區,土城,24.962537,121.425079,平衡型,16,蘆洲站,蘆洲區,25.09152,121.46471,18500,18500,79.3,2,1000,0.9583333333333333,0.04166666666666674,1.0,0.9166666666666666,0.5,0.5,False,土城站; 板橋站; 三峽北大特區; 樹林車站; 鶯歌車站; 新莊站; 頂溪站; 五股區公所; 三重站; 景安站; 汐止車站; 大坪林站; 泰山站,MRT 中和新蘆線 (蘆洲->忠孝新生) | MRT 板南線 (忠孝新生->頂埔) | Bus 706 (大暖路口->土城工業區),,,,,,,,,,
tucheng_industrial_park,土城產業園區,土城,24.962537,121.425079,通勤型,1,土城站,土城區,24.97313,121.44432,14500,14500,11.1,0,5000,0.1588235294117647,0.8411764705882353,0.5294117647058824,0.0,0.3,0.7,True,,Bus 706 (捷運土城站->土城工業區),,,,,,,,,,
tucheng_industrial_park,土城產業園區,土城,24.962537,121.425079,通勤型,2,三峽北大特區,三峽區,24.94489,121.37368,10000,10000,30.6,0,9500,0.18346774193548385,0.8165322580645161,0.0,0.2620967741935484,0.3,0.7,True,,Bus 707 (學成路一->土城工業區),,,,,,,,,,
tucheng_industrial_park,土城產業園區,土城,24.962537,121.425079,通勤型,3,樹林車站,樹林區,24.99123,121.42442,13000,13000,33.3,1,6500,0.31475332068311185,0.6852466793168881,0.35294117647058826,0.29838709677419345,0.3,0.7,False,三峽北大特區,Bus 藍44延 (樹林火車站->捷運永寧站) | Bus 706 (捷運永寧站->土城工業區),,,,,,,,,,
tucheng_industrial_park,土城產業園區,土城,24.962537,121.425079,通勤型,4,板橋站,板橋區,25.014098,121.462671,16000,16000,29.8,1,3500,0.3877055660974067,0.6122944339025933,0.7058823529411765,0.2513440860215054,0.3,0.7,False,土城站,MRT 板南線 (板橋->頂埔) | Bus 706 (大暖路口->土城工業區),,,,,,,,,,
tucheng_industrial_park,土城產業園區,土城,24.962537,121.425079,通勤型,5,鶯歌車站,鶯歌區,24.95455,121.35517,14500,14500,50.5,1,5000,0.5295224541429475,0.4704775458570525,0.5294117647058824,0.5295698924731183,0.3,0.7,False,土城站; 三峽北大特區; 樹林車站,Bus 917 (鶯歌火車站->中央路三段) | Bus 706 (土城國中->土城工業區),,,,,,,,,,
tucheng_industrial_park,土城產業園區,土城,24.962537,121.425079,通勤型,6,頂溪站,永和區,25.01308,121.515398,15000,15000,52.0,0,4500,0.5612824161922834,0.43871758380771664,0.5882352941176471,0.5497311827956989,0.3,0.7,False,土城站; 三峽北大特區; 樹林車站; 鶯歌車站,Bus 706 (捷運頂溪站->土城工業區),,,,,,,,,,
tucheng_industrial_park,土城產業園區,土城,24.962537,121.425079,通勤型,7,新莊站,新莊區,25.03608,121.45218,15700,15700,51.5,2,3800,0.5812839974699556,0.4187160025300444,0.6705882352941176,0.543010752688172,0.3,0.7,False,土城站; 三峽北大特區; 樹林車站; 鶯歌車站,Bus 786 (捷運新莊站->捷運府中站(府中路)) | MRT 板南線 (府中->頂埔) | Bus 707 (大暖路口->土城工業區),,,,,,,,,,
tucheng_industrial_park,土城產業園區,土城,24.962537,121.425079,通勤型,8,五股區公所,五股區,25.082744,121.4383484,16000,16000,54.5,2,3500,0.6200980392156862,0.3799019607843138,0.7058823529411765,0.5833333333333333,0.3,0.7,False,土城站; 板橋站; 三峽北大特區; 樹林車站; 鶯歌車站; 新莊站; 頂溪站,Bus 963 (五股區公所(五股公有市場)->捷運新埔站) | MRT 板南線 (新埔->永寧) | Bus 706 (中央路三段->土城工業區),,,,,,,,,,
tucheng_industrial_park,土城產業園區,土城,24.962537,121.425079,通勤型,9,汐止車站,汐止區,25.0679,121.66113,14000,14000,62.7,2,5500,0.6266603415559772,0.37333965844402284,0.47058823529411764,0.6935483870967741,0.3,0.7,False,三峽北大特區; 樹林車站,TRA 基隆-苗栗 (汐止->板橋) | MRT 板南線 (板橋->永寧) | Bus 706 (捷運永寧站->土城工業區),,,,,,,,,,
tucheng_industrial_park,土城產業園區,土城,24.962537,121.425079,通勤型,10,三重站,三重區,25.05571,121.48422,15000,15000,59.5,2,4500,0.6318469323213156,0.3681530676786844,0.5882352941176471,0.6505376344086021,0.3,0.7,False,土城站; 三峽北大特區; 樹林車站; 鶯歌車站; 頂溪站,Bus 640 (捷運三重站->西門市場(漢中)) | MRT 板南線 (西門->頂埔) | Bus 707 (大暖路口->土城工業區),,,,,,,,,,
tucheng_industrial_park,土城產業園區,土城,24.962537,121.425079,通勤型,11,泰山站,泰山區,25.05321,121.43943,10000,10000,79.2,1,9500,0.6407258064516129,0.3592741935483871,0.0,0.9153225806451614,0.3,0.7,False,三峽北大特區,Bus 805 (泰林路新北大道口->中華路口) | Bus 706 (捷運永寧站->土城工業區),,,,,,,,,,
tucheng_industrial_park,土城產業園區,土城,24.962537,121.425079,通勤型,12,景安站,中和區,24.99392,121.505114,15000,15000,61.4,2,4500,0.6497232764073371,0.35027672359266293,0.5882352941176471,0.6760752688172043,0.3,0.7,False,土城站; 三峽北大特區; 樹林車站; 鶯歌車站; 頂溪站; 三重站,MRT 環狀線 (景安->板橋) | MRT 板南線 (板橋->永寧) | Bus 藍45 (中央路三段->土城國中),,,,,,,,,,
tucheng_industrial_park,土城產業園區,土城,24.962537,121.425079,通勤型,13,淡水站,淡水區,25.167745,121.445805,10000,10000,85.5,2,9500,0.7,0.30000000000000004,0.0,1.0,0.3,0.7,False,三峽北大特區; 泰山站,MRT 淡水信義線 (淡水->台北車站) | MRT 板南線 (台北車站->永寧) | Bus 707 (中央路三段->土城工業區),,,,,,,,,,
tucheng_industrial_park,土城產業園區,土城,24.962537,121.425079,通勤型,14,大坪林站,新店區,24.98272,121.54134,15500,15500,73.7,1,4000,0.7830961416824793,0.21690385831752068,0.6470588235294118,0.8413978494623655,0.3,0.7,False,土城站; 三峽北大特區; 樹林車站; 鶯歌車站; 頂溪站; 三重站; 景安站; 汐止車站,Bus 793 (捷運大坪林站->中和國稅局) | Bus 706 (中和國稅局->土城工業區),,,,,,,,,,
tucheng_industrial_park,土城產業園區,土城,24.962537,121.425079,通勤型,15,蘆洲站,蘆洲區,25.09152,121.46471,18500,18500,79.3,2,1000,0.9416666666666667,0.05833333333333335,1.0,0.9166666666666666,0.3,0.7,False,土城站; 板橋站; 三峽北大特區; 樹林車站; 鶯歌車站; 新莊站; 頂溪站; 五股區公所; 三重站; 景安站; 汐止車站; 大坪林站; 泰山站,MRT 中和新蘆線 (蘆洲->忠孝新生) | MRT 板南線 (忠孝新生->頂埔) | Bus 706 (大暖路口->土城工業區),,,,,,,,,,
tucheng_industrial_park,土城產業園區,土城,24.962537,121.425079,通勤型,16,林口站,林口區,25.0658,121.36134,18000,18000,82.8,2,1500,0.9569497153700188,0.04305028462998117,0.9411764705882353,0.9637096774193548,0.3,0.7,False,土城站; 板橋站; 三峽北大特區; 樹林車站; 鶯歌車站; 新莊站; 頂溪站; 五股區公所; 三重站; 景安站; 汐止車站; 大坪林站; 泰山站,MRT 桃園機場捷運線 (林口站->台北車站) | MRT 板南線 (台北車站->永寧) | Bus 707 (中央路三段->土城工業區),,,,,,,,,,
tucheng_industrial_park,土城產業園區,土城,24.962537,121.425079,生活品質型,1,板橋站,板橋區,25.014098,121.462671,16000,16000,29.8,1,3500,0.1914452877925364,0.8085547122074637,0.7058823529411765,0.2513440860215054,0.2,0.2,False,土城站,MRT 板南線 (板橋->頂埔) | Bus 706 (大暖路口->土城工業區),0.8019162575013639,193.0,57.0,59.0,10.0,19.0,338.0,1.0,0.0,0.6
tucheng_industrial_park,土城產業園區,土城,24.962537,121.425079,生活品質型,2,三峽北大特區,三峽區,24.94489,121.37368,10000,10000,30.6,0,9500,0.24685725312087856,0.7531427468791214,0.0,0.2620967741935484,0.2,0.2,True,,Bus 707 (學成路一->土城工業區),0.5516696909319481,157.0,39.0,52.0,6.0,11.0,265.0,0.6759368361963852,0.3240631638036148,0.6
tucheng_industrial_park,土城產業園區,土城,24.962537,121.425079,生活品質型,3,樹林車站,樹林區,24.99123,121.42442,13000,13000,33.3,1,6500,0.26637309265385023,0.7336269073461498,0.35294117647058826,0.29838709677419345,0.2,0.2,False,三峽北大特區,Bus 藍44延 (樹林火車站->捷運永寧站) | Bus 706 (捷運永寧站->土城工業區),0.6267424907295398,198.0,42.0,23.0,9.0,33.0,305.0,0.7731542699918436,0.22684573000815644,0.6
tucheng_industrial_park,土城產業園區,土城,24.962537,121.425079,生活品質型,4,大坪林站,新店區,24.98272,121.54134,15500,15500,73.7,1,4000,0.36356304036942905,0.636436959630571,0.6470588235294118,0.8413978494623655,0.2,0.2,False,土城站; 三峽北大特區; 樹林車站; 鶯歌車站; 頂溪站; 三重站; 景安站; 汐止車站,Bus 793 (捷運大坪林站->中和國稅局) | Bus 706 (中和國稅局->土城工業區),0.7171376811594202,256.0,49.0,34.0,4.0,48.0,391.0,0.8902138237148775,0.10978617628512255,0.6
tucheng_industrial_park,土城產業園區,土城,24.962537,121.425079,生活品質型,5,景安站,中和區,24.99392,121.505114,15000,15000,61.4,2,4500,0.4480495386994727,0.5519504613005273,0.5882352941176471,0.6760752688172043,0.2,0.2,False,土城站; 三峽北大特區; 樹林車站; 鶯歌車站; 頂溪站; 三重站,MRT 環狀線 (景安->板橋) | MRT 板南線 (板橋->永寧) | Bus 藍45 (中央路三段->土城國中),0.5507050293729294,137.0,62.0,23.0,3.0,36.0,261.0,0.6746876231458293,0.3253123768541707,0.6
tucheng_industrial_park,土城產業園區,土城,24.962537,121.425079,生活品質型,6,頂溪站,永和區,25.01308,121.515398,15000,15000,52.0,0,4500,0.4890745943666326,0.5109254056333674,0.5882352941176471,0.5497311827956989,0.2,0.2,False,土城站; 三峽北大特區; 樹林車站; 鶯歌車站,Bus 706 (捷運頂溪站->土城工業區),0.4653831131351945,132.0,54.0,27.0,4.0,16.0,233.0,0.5641978350267277,0.4358021649732723,0.6
tucheng_industrial_park,土城產業園區,土城,24.962537,121.425079,生活品質型,7,淡水站,淡水區,25.167745,121.445805,10000,10000,85.5,2,9500,0.5176583507382639,0.48234164926173606,0.0,1.0,0.2,0.2,False,三峽北大特區; 泰山站,MRT 淡水信義線 (淡水->台北車站) | MRT 板南線 (台北車站->永寧) | Bus 707 (中央路三段->土城工業區),0.3930818053875408,218.0,31.0,25.0,3.0,11.0,288.0,0.4705694154362269,0.5294305845637731,0.6
tucheng_industrial_park,土城產業園區,土城,24.962537,121.425079,生活品質型,8,三重站,三重區,25.05571,121.48422,15000,15000,59.5,2,4500,0.5494160009228779,0.4505839990771221,0.5882352941176471,0.6505376344086021,0.2,0.2,False,土城站; 三峽北大特區; 樹林車站; 鶯歌車站; 頂溪站,Bus 640 (捷運三重站->西門市場(漢中)) | MRT 板南線 (西門->頂埔) | Bus 707 (大暖路口->土城工業區),0.4136702720652767,82.0,48.0,30.0,5.0,12.0,177.0,0.49723097463728655,0.5027690253627135,0.6
tucheng_industrial_park,土城產業園區,土城,24.962537,121.425079,生活品質型,9,土城站,土城區,24.97313,121.44432,14500,14500,11.1,0,5000,0.5893526377685608,0.41064736223143916,0.5294117647058824,0.0,0.2,0.2,True,,Bus 706 (捷運土城站->土城工業區),0.1796775896012713,37.0,17.0,21.0,3.0,15.0,93.0,0.19421619195435935,0.8057838080456406,0.6
tucheng_industrial_park,土城產業園區,土城,24.962537,121.425079,生活品質型,10,汐止車站,汐止區,25.0679,121.66113,14000,14000,62.7,2,5500,0.5941377349666226,0.4058622650333774,0.47058823529411764,0.6935483870967741,0.2,0.2,False,三峽北大特區; 樹林車站,TRA 基隆-苗栗 (汐止->板橋) | MRT 板南線 (板橋->永寧) | Bus 706 (捷運永寧站->土城工業區),0.336900483882445,67.0,41.0,22.0,5.0,12.0,147.0,0.3978159825192595,0.6021840174807405,0.6
tucheng_industrial_park,土城產業園區,土城,24.962537,121.425079,生活品質型,11,新莊站,新莊區,25.03608,121.45218,15700,15700,51.5,2,3800,0.6296139828287749,0.3703860171712251,0.6705882352941176,0.543010752688172,0.2,0.2,False,土城站; 三峽北大特區; 樹林車站; 鶯歌車站,Bus 786 (捷運新莊站->捷運府中站(府中路)) | MRT 板南線 (府中->頂埔) | Bus 707 (大暖路口->土城工業區),0.3039735090174498,63.0,27.0,30.0,3.0,20.0,143.0,0.3551763579461384,0.6448236420538616,0.6
tucheng_industrial_park,土城產業園區,土城,24.962537,121.425079,生活品質型,12,泰山站,泰山區,25.05321,121.43943,10000,10000,79.2,1,9500,0.6410512693973602,0.35894873060263977,0.0,0.9153225806451614,0.2,0.2,False,三峽北大特區,Bus 805 (泰林路新北大道口->中華路口) | Bus 706 (捷運永寧站->土城工業區),0.2124755489140318,60.0,18.0,26.0,3.0,12.0,119.0,0.23668874455278682,0.7633112554472132,0.6
tucheng_industrial_park,土城產業園區,土城,24.962537,121.425079,生活品質型,13,鶯歌車站,鶯歌區,24.95455,121.35517,14500,14500,50.5,1,5000,0.7306524912197815,0.2693475087802185,0.5294117647058824,0.5295698924731183,0.2,0.2,False,土城站; 三峽北大特區; 樹林車站,Bus 917 (鶯歌火車站->中央路三段) | Bus 706 (土城國中->土城工業區),0.1341350601295097,22.0,14.0,14.0,5.0,8.0,63.0,0.13523973369336442,0.8647602663066356,0.6
tucheng_industrial_park,土城產業園區,土城,24.962537,121.425079,生活品質型,14,蘆洲站,蘆洲區,25.09152,121.46471,18500,18500,79.3,2,1000,0.7688628013663878,0.23113719863361215,1.0,0.9166666666666666,0.2,0.2,False,土城站; 板橋站; 三峽北大特區; 樹林車站; 鶯歌車站; 新莊站; 頂溪站; 五股區公所; 三重站; 景安站; 汐止車站; 大坪林站; 泰山站,MRT 中和新蘆線 (蘆洲->忠孝新生) | MRT 板南線 (忠孝新生->頂埔) | Bus 706 (大暖路口->土城工業區),0.3057299350870118,104.0,36.0,33.0,2.0,5.0,180.0,0.35745088661157576,0.6425491133884242,0.6
tucheng_industrial_park,土城產業園區,土城,24.962537,121.425079,生活品質型,15,五股區公所,五股區,25.082744,121.4383484,16000,16000,54.5,2,3500,0.857843137254902,0.14215686274509798,0.7058823529411765,0.5833333333333333,0.2,0.2,False,土城站; 板橋站; 三峽北大特區; 樹林車站; 鶯歌車站; 新莊站; 頂溪站,Bus 963 (五股區公所(五股公有市場)->捷運新埔站) | MRT 板南線 (新埔->永寧) | Bus 706 (中央路三段->土城工業區),0.0297008547008547,47.0,16.0,13.0,0.0,1.0,77.0,0.0,1.0,0.6
tucheng_industrial_park,土城產業園區,土城,24.962537,121.425079,生活品質型,16,林口站,林口區,25.0658,121.36134,18000,18000,82.8,2,1500,0.8754954130451129,0.12450458695488709,0.9411764705882353,0.9637096774193548,0.2,0.2,False,土城站; 板橋站; 三峽北大特區; 樹林車站; 鶯歌車站; 新莊站; 頂溪站; 五股區公所; 三重站; 景安站; 汐止車站; 大坪林站; 泰山站,MRT 桃園機場捷運線 (林口站->台北車站) | MRT 板南線 (台北車站->永寧) | Bus 707 (中央路三段->土城工業區),0.1654586604679111,93.0,24.0,19.0,1.0,5.0,142.0,0.17580302759400862,0.8241969724059914,0.6
