candidate_name,candidate_batch,district,station_name,station_operator,station_uid,station_id,official_benchmark_city,official_median_rent,commute_minutes,transfer_count,rent_saving_vs_neihu,is_pareto_efficient,dominated_by,selection_reason,route_count_at_station,destination,departure_time,route_summary,source_endpoint
板橋站,original_8,板橋區,板橋,TRTC,TRTC-BL07,BL07,新北市,16000,43.2,1,3500,True,,Primary Banqiao multimodal hub represented by its MRT station coordinate.,,港墘站,2026-08-24T08:00:00,MRT 板南線 (板橋->忠孝復興) | MRT 文湖線 (忠孝復興->港墘),https://tdx.transportdata.tw/api/basic/v2/Rail/Metro/Station/TRTC
汐止車站,original_8,汐止區,汐止,TRA,TRA-0960,0960,新北市,14000,47.2,1,5500,True,,TRA station anchoring Xizhi's main rail commute corridor.,,港墘站,2026-08-24T08:00:00,Bus 藍22 (汐止公園->捷運南港展覽館站(南港路)) | MRT 文湖線 (南港展覽館->港墘),https://tdx.transportdata.tw/api/basic/v2/Rail/TRA/Station
大坪林站,original_8,新店區,大坪林,TRTC,TRTC-G04,G04,新北市,15500,50.8,1,4000,False,汐止車站,Representative Xindian MRT station with direct urban access.,,港墘站,2026-08-24T08:00:00,MRT 松山新店線 (大坪林->南京復興) | MRT 文湖線 (南京復興->港墘),https://tdx.transportdata.tw/api/basic/v2/Rail/Metro/Station/TRTC
三重站,original_8,三重區,三重,TRTC,TRTC-O15,O15,新北市,15000,51.7,1,4500,False,汐止車站,Representative Sanchong MRT station on the Zhonghe-Xinlu line.,,港墘站,2026-08-24T08:00:00,MRT 中和新蘆線 (三重->民權西路) | Bus 內湖幹線 (大同公司(晴光市場)->捷運港墘站(內湖高工)),https://tdx.transportdata.tw/api/basic/v2/Rail/Metro/Station/TRTC
頂溪站,original_8,永和區,頂溪,TRTC,TRTC-O04,O04,新北市,15000,51.7,1,4500,False,汐止車站,Central Yonghe MRT station on the Zhonghe-Xinlu line.,,港墘站,2026-08-24T08:00:00,Bus 內科通勤專車2 (捷運頂溪站->基湖站) | MRT 文湖線 (西湖->港墘),https://tdx.transportdata.tw/api/basic/v2/Rail/Metro/Station/TRTC
土城站,expanded,土城區,土城,TRTC,TRTC-BL03,BL03,新北市,14500,53.6,1,5000,False,汐止車站,"MRT station named for and located in Tucheng, suitable as the district's transit anchor.",,港墘站,2026-08-24T08:00:00,MRT 板南線 (土城->忠孝復興) | MRT 文湖線 (忠孝復興->港墘),https://tdx.transportdata.tw/api/basic/v2/Rail/Metro/Station/TRTC
蘆洲站,original_8,蘆洲區,蘆洲,TRTC,TRTC-O54,O54,新北市,18500,53.8,1,1000,False,板橋站; 汐止車站; 大坪林站; 三重站; 頂溪站; 土城站,Terminal MRT node and representative Luzhou transit anchor.,,港墘站,2026-08-24T08:00:00,MRT 中和新蘆線 (蘆洲->民權西路) | Bus 內湖幹線 (大同公司(晴光市場)->捷運港墘站(內湖高工)),https://tdx.transportdata.tw/api/basic/v2/Rail/Metro/Station/TRTC
新莊站,original_8,新莊區,新莊,TRTC,TRTC-O18,O18,新北市,15700,61.3,1,3800,False,汐止車站; 大坪林站; 三重站; 頂溪站; 土城站,Established MRT node in the older Xinzhuang urban core.,,港墘站,2026-08-24T08:00:00,MRT 中和新蘆線 (新莊->民權西路) | Bus 內湖幹線 (大同公司(晴光市場)->捷運港墘站(內湖高工)),https://tdx.transportdata.tw/api/basic/v2/Rail/Metro/Station/TRTC
景安站,original_8,中和區,景安,TRTC,TRTC-O02,O02,新北市,15000,63.8,1,4500,False,汐止車站; 三重站; 頂溪站; 土城站,Major Zhonghe interchange area with MRT access.,,港墘站,2026-08-24T08:00:00,MRT 中和新蘆線 (景安->中山國小) | Bus 內湖幹線 (台泥大樓(馬偕醫院)->捷運港墘站(內湖高工)),https://tdx.transportdata.tw/api/basic/v2/Rail/Metro/Station/TRTC
樹林車站,expanded,樹林區,樹林,TRA,TRA-1040,1040,新北市,13000,64.7,1,6500,True,,TRA station and main rail anchor for Shulin.,,港墘站,2026-08-24T08:00:00,TRA 鶯歌-蘇澳新 (樹林->松山) | Bus 藍7 (玉成里->捷運港墘站(內湖高工)),https://tdx.transportdata.tw/api/basic/v2/Rail/TRA/Station
五股區公所,expanded,五股區,五股區公所(五股公有市場),NWT_BUS_STATION,NWT74479,74479,新北市,16000,66.8,2,3500,False,板橋站; 汐止車站; 大坪林站; 三重站; 頂溪站; 土城站; 新莊站; 景安站; 樹林車站,"TDX bus station at Wugu District Office / public market, representing the district center.",5.0,港墘站,2026-08-24T08:00:00,Bus 963 (五股區公所(五股公有市場)->捷運新埔站) | MRT 板南線 (新埔->忠孝復興) | MRT 文湖線 (忠孝復興->港墘),https://tdx.transportdata.tw/api/basic/v2/Bus/Station/City/NewTaipei
淡水站,expanded,淡水區,淡水,TRTC,TRTC-R28,R28,新北市,10000,67.8,1,9500,True,,Terminal MRT station and highest-recognition Tamsui transit node.,,港墘站,2026-08-24T08:00:00,MRT 淡水信義線 (淡水->圓山) | Bus 內科快線1 (捷運圓山站->瑞光港墘路口),https://tdx.transportdata.tw/api/basic/v2/Rail/Metro/Station/TRTC
泰山站,expanded,泰山區,泰山站,TYMC,TYMC-A5,A5,新北市,10000,68.6,1,9500,False,淡水站,"Taoyuan Airport MRT A5 station in Taishan, the clearest rail node for the district.",,港墘站,2026-08-24T08:00:00,Bus 786 (捷運泰山站->泰山國中) | Bus 946副 (高公局->瑞光港墘路口),https://tdx.transportdata.tw/api/basic/v2/Rail/Metro/Station/TYMC
鶯歌車站,expanded,鶯歌區,鶯歌,TRA,TRA-1070,1070,新北市,14500,71.7,1,5000,False,汐止車站; 土城站; 樹林車站; 淡水站; 泰山站,TRA station and main rail anchor for Yingge.,,港墘站,2026-08-24T08:00:00,TRA 新竹-基隆 (鶯歌->松山) | Bus 藍7 (玉成里->捷運港墘站(內湖高工)),https://tdx.transportdata.tw/api/basic/v2/Rail/TRA/Station
林口站,expanded,林口區,林口站,TYMC,TYMC-A9,A9,新北市,18000,74.5,1,1500,False,板橋站; 汐止車站; 大坪林站; 三重站; 頂溪站; 土城站; 新莊站; 景安站; 樹林車站; 五股區公所; 淡水站; 泰山站; 鶯歌車站,Taoyuan Airport MRT A9 station and the main rail node for Linkou new town.,,港墘站,2026-08-24T08:00:00,Bus 967副 (林口轉運站->松山機場) | MRT 文湖線 (松山機場->港墘),https://tdx.transportdata.tw/api/basic/v2/Rail/Metro/Station/TYMC
三峽北大特區,expanded,三峽區,臺北大學正門,NWT_BUS_STATION,NWT3282,3282,新北市,10000,91.1,1,9500,False,淡水站; 泰山站,"TDX bus station at NTPU main gate, representing the dense Sanxia Beida residential area with many bus routes.",17.0,港墘站,2026-08-24T08:00:00,Bus 939 (臺北大學正門->敦化和平路口) | MRT 文湖線 (六張犁->港墘),https://tdx.transportdata.tw/api/basic/v2/Bus/Station/City/NewTaipei
