source_file,survey_period,survey_age_scope,geography,category,indicator,percent,denominator_note,source_location,age_harmonization_status
mol_youth_employment_survey_113.pdf,ROC 113 / 2024-10,15-29 youth workers,全台,job_search_preparation,初次尋職前有做過準備,58.1,all,page 19-20,Proxy for 18-35
mol_youth_employment_survey_113.pdf,ROC 113 / 2024-10,15-29 youth workers,全台,job_search_preparation,增加打工或實習經驗,25.2,all,page 19-20,Proxy for 18-35
mol_youth_employment_survey_113.pdf,ROC 113 / 2024-10,15-29 youth workers,全台,job_search_preparation,考取專業證照,24.3,all,page 19-20,Proxy for 18-35
mol_youth_employment_survey_113.pdf,ROC 113 / 2024-10,15-29 youth workers,全台,job_search_preparation,找師長、親友諮詢就業方向,19.8,all,page 19-20,Proxy for 18-35
mol_youth_employment_survey_113.pdf,ROC 113 / 2024-10,15-29 youth workers,全台,job_search_preparation,做職業興趣分析,14.6,all,page 19-20,Proxy for 18-35
mol_youth_employment_survey_113.pdf,ROC 113 / 2024-10,15-29 youth workers,全台,job_search_preparation,參加職業訓練增加技能,4.2,all,page 19-20,Proxy for 18-35
mol_youth_employment_survey_113.pdf,ROC 113 / 2024-10,15-29 youth workers,全台,job_info,認為就業資訊有助於初次尋職,85.4,all,page 21,Proxy for 18-35
mol_youth_employment_survey_113.pdf,ROC 113 / 2024-10,15-29 youth workers,全台,job_info,面試或求職技巧,70.0,among helpful info responses,page 21,Proxy for 18-35
mol_youth_employment_survey_113.pdf,ROC 113 / 2024-10,15-29 youth workers,全台,job_info,就業市場與情勢分析,56.3,among helpful info responses,page 21,Proxy for 18-35
mol_youth_employment_survey_113.pdf,ROC 113 / 2024-10,15-29 youth workers,全台,job_info,熱門行職業介紹,30.1,among helpful info responses,page 21,Proxy for 18-35
mol_youth_employment_survey_113.pdf,ROC 113 / 2024-10,15-29 youth workers,全台,job_info,職業訓練訊息,29.6,among helpful info responses,page 21,Proxy for 18-35
mol_youth_employment_survey_113.pdf,ROC 113 / 2024-10,15-29 youth workers,全台,job_info,撰寫中英文履歷技巧,25.6,among helpful info responses,page 21,Proxy for 18-35
mol_youth_employment_survey_113.pdf,ROC 113 / 2024-10,15-29 youth workers,全台,first_job_factor,工作穩定性,51.6,all,page 22,Proxy for 18-35
mol_youth_employment_survey_113.pdf,ROC 113 / 2024-10,15-29 youth workers,全台,first_job_factor,薪資及福利,46.7,all,page 22,Proxy for 18-35
mol_youth_employment_survey_113.pdf,ROC 113 / 2024-10,15-29 youth workers,全台,first_job_factor,通勤方便,33.3,all,page 22,Proxy for 18-35
mol_youth_employment_survey_113.pdf,ROC 113 / 2024-10,15-29 youth workers,全台,first_job_factor,能學以致用,31.7,all,page 22,Proxy for 18-35
mol_youth_employment_survey_113.pdf,ROC 113 / 2024-10,15-29 youth workers,全台,first_job_factor,能學習到知識技能,29.2,all,page 22,Proxy for 18-35
mol_youth_employment_survey_113.pdf,ROC 113 / 2024-10,15-29 youth workers,全台,job_search_difficulty,初次尋職曾遭遇困難,46.4,all,page 23,Proxy for 18-35
mol_youth_employment_survey_113.pdf,ROC 113 / 2024-10,15-29 youth workers,全台,job_search_difficulty,不知道自己適合做哪方面工作,53.3,among difficulty responses,page 23,Proxy for 18-35
mol_youth_employment_survey_113.pdf,ROC 113 / 2024-10,15-29 youth workers,全台,job_search_difficulty,經歷不足,46.0,among difficulty responses,page 23,Proxy for 18-35
mol_youth_employment_survey_113.pdf,ROC 113 / 2024-10,15-29 youth workers,全台,job_search_difficulty,求職面試技巧不足或不會寫履歷,36.0,among difficulty responses,page 23,Proxy for 18-35
mol_youth_employment_survey_113.pdf,ROC 113 / 2024-10,15-29 youth workers,全台,job_search_difficulty,技能不足,31.0,among difficulty responses,page 23,Proxy for 18-35
mol_youth_employment_survey_113.pdf,ROC 113 / 2024-10,15-29 youth workers,全台,job_transition,有打算轉換工作,33.9,all,page 25,Proxy for 18-35
mol_youth_employment_survey_113.pdf,ROC 113 / 2024-10,15-29 youth workers,全台,job_transition,薪資及福利不符期望,53.4,among transition-intention responses,page 25,Proxy for 18-35
mol_youth_employment_survey_113.pdf,ROC 113 / 2024-10,15-29 youth workers,全台,job_transition,工作無發展前景,35.2,among transition-intention responses,page 25,Proxy for 18-35
mol_youth_employment_survey_113.pdf,ROC 113 / 2024-10,15-29 youth workers,全台,job_transition,想更換工作地點,27.6,among transition-intention responses,page 25,Proxy for 18-35
mol_youth_employment_survey_113.pdf,ROC 113 / 2024-10,15-29 youth workers,全台,credential,持有證照,63.6,all,page 26,Proxy for 18-35
mol_youth_employment_survey_113.pdf,ROC 113 / 2024-10,15-29 youth workers,全台,credential,電腦與資訊相關證照,23.7,among certificate holders,page 26,Proxy for 18-35
mol_youth_employment_survey_113.pdf,ROC 113 / 2024-10,15-29 youth workers,全台,training,近一年有參加教育訓練,50.8,all,page 27,Proxy for 18-35
mol_youth_employment_survey_113.pdf,ROC 113 / 2024-10,15-29 youth workers,全台,training,專業技術訓練,58.1,among training participants,page 27,Proxy for 18-35
mol_youth_employment_survey_113.pdf,ROC 113 / 2024-10,15-29 youth workers,全台,training,電腦相關課程,13.0,among training participants,page 27,Proxy for 18-35
mol_youth_employment_survey_113.pdf,ROC 113 / 2024-10,15-29 youth workers,全台,training_barrier,工作太忙，沒有時間參加,36.2,among non-participants,page 27,Proxy for 18-35
mol_youth_employment_survey_113.pdf,ROC 113 / 2024-10,15-29 youth workers,全台,training_barrier,不知道哪裡有提供訓練課程的機構,20.8,among non-participants,page 27,Proxy for 18-35
mol_youth_employment_survey_113.pdf,ROC 113 / 2024-10,15-29 youth workers,全台,training_barrier,沒有適合的訓練課程,11.5,among non-participants,page 27,Proxy for 18-35
mol_youth_employment_survey_113.pdf,ROC 113 / 2024-10,15-29 youth workers,全台,training_barrier,參加訓練的費用太高，負擔不起,8.1,among non-participants,page 27,Proxy for 18-35
