city,district,source_month,roc_year,year,month,data_period,source_url,source_org,exact_age_scope,source_geography,village_count,total_population,youth_18_35_count,youth_18_35_share,youth_18_35_male,youth_18_35_female,processing_note
新北市,三峽區,11507,115,2026,7,115年07月 / 2026-07,https://www.ris.gov.tw/rs-opendata/api/v1/datastore/ODRP014/11507,Ministry of the Interior Department of Household Registration,18-35,village-level RIS ODRP014 aggregated to district,28,115087,25677,0.2231094737,13543,12134,Exact sum of single-age male/female fields people_age_018_m through people_age_035_f; no interpolation or 5-year age-bin estimation.
新北市,三芝區,11507,115,2026,7,115年07月 / 2026-07,https://www.ris.gov.tw/rs-opendata/api/v1/datastore/ODRP014/11507,Ministry of the Interior Department of Household Registration,18-35,village-level RIS ODRP014 aggregated to district,13,21952,4565,0.2079537172,2425,2140,Exact sum of single-age male/female fields people_age_018_m through people_age_035_f; no interpolation or 5-year age-bin estimation.
新北市,三重區,11507,115,2026,7,115年07月 / 2026-07,https://www.ris.gov.tw/rs-opendata/api/v1/datastore/ODRP014/11507,Ministry of the Interior Department of Household Registration,18-35,village-level RIS ODRP014 aggregated to district,119,382569,78274,0.2046010001,40836,37438,Exact sum of single-age male/female fields people_age_018_m through people_age_035_f; no interpolation or 5-year age-bin estimation.
新北市,中和區,11507,115,2026,7,115年07月 / 2026-07,https://www.ris.gov.tw/rs-opendata/api/v1/datastore/ODRP014/11507,Ministry of the Interior Department of Household Registration,18-35,village-level RIS ODRP014 aggregated to district,93,402318,78428,0.1949403208,40512,37916,Exact sum of single-age male/female fields people_age_018_m through people_age_035_f; no interpolation or 5-year age-bin estimation.
新北市,五股區,11507,115,2026,7,115年07月 / 2026-07,https://www.ris.gov.tw/rs-opendata/api/v1/datastore/ODRP014/11507,Ministry of the Interior Department of Household Registration,18-35,village-level RIS ODRP014 aggregated to district,21,95055,22623,0.2379990532,11914,10709,Exact sum of single-age male/female fields people_age_018_m through people_age_035_f; no interpolation or 5-year age-bin estimation.
新北市,八里區,11507,115,2026,7,115年07月 / 2026-07,https://www.ris.gov.tw/rs-opendata/api/v1/datastore/ODRP014/11507,Ministry of the Interior Department of Household Registration,18-35,village-level RIS ODRP014 aggregated to district,10,43412,9948,0.2291532295,5164,4784,Exact sum of single-age male/female fields people_age_018_m through people_age_035_f; no interpolation or 5-year age-bin estimation.
新北市,土城區,11507,115,2026,7,115年07月 / 2026-07,https://www.ris.gov.tw/rs-opendata/api/v1/datastore/ODRP014/11507,Ministry of the Interior Department of Household Registration,18-35,village-level RIS ODRP014 aggregated to district,47,242738,52671,0.2169870395,27268,25403,Exact sum of single-age male/female fields people_age_018_m through people_age_035_f; no interpolation or 5-year age-bin estimation.
新北市,坪林區,11507,115,2026,7,115年07月 / 2026-07,https://www.ris.gov.tw/rs-opendata/api/v1/datastore/ODRP014/11507,Ministry of the Interior Department of Household Registration,18-35,village-level RIS ODRP014 aggregated to district,7,6059,1077,0.1777521043,565,512,Exact sum of single-age male/female fields people_age_018_m through people_age_035_f; no interpolation or 5-year age-bin estimation.
新北市,平溪區,11507,115,2026,7,115年07月 / 2026-07,https://www.ris.gov.tw/rs-opendata/api/v1/datastore/ODRP014/11507,Ministry of the Interior Department of Household Registration,18-35,village-level RIS ODRP014 aggregated to district,12,3874,546,0.1409395973,292,254,Exact sum of single-age male/female fields people_age_018_m through people_age_035_f; no interpolation or 5-year age-bin estimation.
新北市,新店區,11507,115,2026,7,115年07月 / 2026-07,https://www.ris.gov.tw/rs-opendata/api/v1/datastore/ODRP014/11507,Ministry of the Interior Department of Household Registration,18-35,village-level RIS ODRP014 aggregated to district,69,305637,60157,0.1968249917,30837,29320,Exact sum of single-age male/female fields people_age_018_m through people_age_035_f; no interpolation or 5-year age-bin estimation.
新北市,新莊區,11507,115,2026,7,115年07月 / 2026-07,https://www.ris.gov.tw/rs-opendata/api/v1/datastore/ODRP014/11507,Ministry of the Interior Department of Household Registration,18-35,village-level RIS ODRP014 aggregated to district,84,420079,89309,0.2126004871,45924,43385,Exact sum of single-age male/female fields people_age_018_m through people_age_035_f; no interpolation or 5-year age-bin estimation.
新北市,板橋區,11507,115,2026,7,115年07月 / 2026-07,https://www.ris.gov.tw/rs-opendata/api/v1/datastore/ODRP014/11507,Ministry of the Interior Department of Household Registration,18-35,village-level RIS ODRP014 aggregated to district,126,548271,106473,0.1941977599,54892,51581,Exact sum of single-age male/female fields people_age_018_m through people_age_035_f; no interpolation or 5-year age-bin estimation.
新北市,林口區,11507,115,2026,7,115年07月 / 2026-07,https://www.ris.gov.tw/rs-opendata/api/v1/datastore/ODRP014/11507,Ministry of the Interior Department of Household Registration,18-35,village-level RIS ODRP014 aggregated to district,21,139367,27415,0.1967108426,14009,13406,Exact sum of single-age male/female fields people_age_018_m through people_age_035_f; no interpolation or 5-year age-bin estimation.
新北市,樹林區,11507,115,2026,7,115年07月 / 2026-07,https://www.ris.gov.tw/rs-opendata/api/v1/datastore/ODRP014/11507,Ministry of the Interior Department of Household Registration,18-35,village-level RIS ODRP014 aggregated to district,42,176474,38715,0.2193807586,20290,18425,Exact sum of single-age male/female fields people_age_018_m through people_age_035_f; no interpolation or 5-year age-bin estimation.
新北市,永和區,11507,115,2026,7,115年07月 / 2026-07,https://www.ris.gov.tw/rs-opendata/api/v1/datastore/ODRP014/11507,Ministry of the Interior Department of Household Registration,18-35,village-level RIS ODRP014 aggregated to district,62,210354,37979,0.1805480286,19551,18428,Exact sum of single-age male/female fields people_age_018_m through people_age_035_f; no interpolation or 5-year age-bin estimation.
新北市,汐止區,11507,115,2026,7,115年07月 / 2026-07,https://www.ris.gov.tw/rs-opendata/api/v1/datastore/ODRP014/11507,Ministry of the Interior Department of Household Registration,18-35,village-level RIS ODRP014 aggregated to district,50,212341,45112,0.2124507278,23545,21567,Exact sum of single-age male/female fields people_age_018_m through people_age_035_f; no interpolation or 5-year age-bin estimation.
新北市,泰山區,11507,115,2026,7,115年07月 / 2026-07,https://www.ris.gov.tw/rs-opendata/api/v1/datastore/ODRP014/11507,Ministry of the Interior Department of Household Registration,18-35,village-level RIS ODRP014 aggregated to district,17,78170,17203,0.2200716387,8983,8220,Exact sum of single-age male/female fields people_age_018_m through people_age_035_f; no interpolation or 5-year age-bin estimation.
新北市,淡水區,11507,115,2026,7,115年07月 / 2026-07,https://www.ris.gov.tw/rs-opendata/api/v1/datastore/ODRP014/11507,Ministry of the Interior Department of Household Registration,18-35,village-level RIS ODRP014 aggregated to district,44,209747,42708,0.2036167383,22025,20683,Exact sum of single-age male/female fields people_age_018_m through people_age_035_f; no interpolation or 5-year age-bin estimation.
新北市,深坑區,11507,115,2026,7,115年07月 / 2026-07,https://www.ris.gov.tw/rs-opendata/api/v1/datastore/ODRP014/11507,Ministry of the Interior Department of Household Registration,18-35,village-level RIS ODRP014 aggregated to district,8,23541,5297,0.2250116817,2871,2426,Exact sum of single-age male/female fields people_age_018_m through people_age_035_f; no interpolation or 5-year age-bin estimation.
新北市,烏來區,11507,115,2026,7,115年07月 / 2026-07,https://www.ris.gov.tw/rs-opendata/api/v1/datastore/ODRP014/11507,Ministry of the Interior Department of Household Registration,18-35,village-level RIS ODRP014 aggregated to district,5,6112,1434,0.2346204188,743,691,Exact sum of single-age male/female fields people_age_018_m through people_age_035_f; no interpolation or 5-year age-bin estimation.
新北市,瑞芳區,11507,115,2026,7,115年07月 / 2026-07,https://www.ris.gov.tw/rs-opendata/api/v1/datastore/ODRP014/11507,Ministry of the Interior Department of Household Registration,18-35,village-level RIS ODRP014 aggregated to district,34,35203,7118,0.2021986762,3769,3349,Exact sum of single-age male/female fields people_age_018_m through people_age_035_f; no interpolation or 5-year age-bin estimation.
新北市,石碇區,11507,115,2026,7,115年07月 / 2026-07,https://www.ris.gov.tw/rs-opendata/api/v1/datastore/ODRP014/11507,Ministry of the Interior Department of Household Registration,18-35,village-level RIS ODRP014 aggregated to district,12,6854,1341,0.1956521739,702,639,Exact sum of single-age male/female fields people_age_018_m through people_age_035_f; no interpolation or 5-year age-bin estimation.
新北市,石門區,11507,115,2026,7,115年07月 / 2026-07,https://www.ris.gov.tw/rs-opendata/api/v1/datastore/ODRP014/11507,Ministry of the Interior Department of Household Registration,18-35,village-level RIS ODRP014 aggregated to district,9,9874,2134,0.2161231517,1142,992,Exact sum of single-age male/female fields people_age_018_m through people_age_035_f; no interpolation or 5-year age-bin estimation.
新北市,萬里區,11507,115,2026,7,115年07月 / 2026-07,https://www.ris.gov.tw/rs-opendata/api/v1/datastore/ODRP014/11507,Ministry of the Interior Department of Household Registration,18-35,village-level RIS ODRP014 aggregated to district,10,19979,3897,0.1950548075,2002,1895,Exact sum of single-age male/female fields people_age_018_m through people_age_035_f; no interpolation or 5-year age-bin estimation.
新北市,蘆洲區,11507,115,2026,7,115年07月 / 2026-07,https://www.ris.gov.tw/rs-opendata/api/v1/datastore/ODRP014/11507,Ministry of the Interior Department of Household Registration,18-35,village-level RIS ODRP014 aggregated to district,38,195485,44696,0.2286415838,23374,21322,Exact sum of single-age male/female fields people_age_018_m through people_age_035_f; no interpolation or 5-year age-bin estimation.
新北市,貢寮區,11507,115,2026,7,115年07月 / 2026-07,https://www.ris.gov.tw/rs-opendata/api/v1/datastore/ODRP014/11507,Ministry of the Interior Department of Household Registration,18-35,village-level RIS ODRP014 aggregated to district,11,10282,1691,0.1644621669,896,795,Exact sum of single-age male/female fields people_age_018_m through people_age_035_f; no interpolation or 5-year age-bin estimation.
新北市,金山區,11507,115,2026,7,115年07月 / 2026-07,https://www.ris.gov.tw/rs-opendata/api/v1/datastore/ODRP014/11507,Ministry of the Interior Department of Household Registration,18-35,village-level RIS ODRP014 aggregated to district,15,19580,4170,0.2129724208,2118,2052,Exact sum of single-age male/female fields people_age_018_m through people_age_035_f; no interpolation or 5-year age-bin estimation.
新北市,雙溪區,11507,115,2026,7,115年07月 / 2026-07,https://www.ris.gov.tw/rs-opendata/api/v1/datastore/ODRP014/11507,Ministry of the Interior Department of Household Registration,18-35,village-level RIS ODRP014 aggregated to district,12,7356,1215,0.1651712887,622,593,Exact sum of single-age male/female fields people_age_018_m through people_age_035_f; no interpolation or 5-year age-bin estimation.
新北市,鶯歌區,11507,115,2026,7,115年07月 / 2026-07,https://www.ris.gov.tw/rs-opendata/api/v1/datastore/ODRP014/11507,Ministry of the Interior Department of Household Registration,18-35,village-level RIS ODRP014 aggregated to district,20,89380,20341,0.2275788767,10862,9479,Exact sum of single-age male/female fields people_age_018_m through people_age_035_f; no interpolation or 5-year age-bin estimation.
