source_month,district_code,district_code_prefix,site_id,village,district
11507,65000010001,65000010,新北市板橋區,留侯里,板橋區
11507,65000010002,65000010,新北市板橋區,流芳里,板橋區
11507,65000010003,65000010,新北市板橋區,赤松里,板橋區
11507,65000010004,65000010,新北市板橋區,黃石里,板橋區
11507,65000010005,65000010,新北市板橋區,挹秀里,板橋區
11507,65000010006,65000010,新北市板橋區,湳興里,板橋區
11507,65000010007,65000010,新北市板橋區,新興里,板橋區
11507,65000010008,65000010,新北市板橋區,社後里,板橋區
11507,65000010009,65000010,新北市板橋區,香社里,板橋區
11507,65000010010,65000010,新北市板橋區,中正里,板橋區
11507,65000010011,65000010,新北市板橋區,自強里,板橋區
11507,65000010012,65000010,新北市板橋區,自立里,板橋區
11507,65000010013,65000010,新北市板橋區,光華里,板橋區
11507,65000010014,65000010,新北市板橋區,國光里,板橋區
11507,65000010015,65000010,新北市板橋區,港尾里,板橋區
11507,65000010016,65000010,新北市板橋區,金華里,板橋區
11507,65000010017,65000010,新北市板橋區,港德里,板橋區
11507,65000010018,65000010,新北市板橋區,民權里,板橋區
11507,65000010019,65000010,新北市板橋區,建國里,板橋區
11507,65000010020,65000010,新北市板橋區,漢生里,板橋區
11507,65000010021,65000010,新北市板橋區,公舘里,板橋區
11507,65000010022,65000010,新北市板橋區,新民里,板橋區
11507,65000010023,65000010,新北市板橋區,幸福里,板橋區
11507,65000010024,65000010,新北市板橋區,忠誠里,板橋區
11507,65000010025,65000010,新北市板橋區,百壽里,板橋區
11507,65000010026,65000010,新北市板橋區,介壽里,板橋區
11507,65000010027,65000010,新北市板橋區,新埔里,板橋區
11507,65000010028,65000010,新北市板橋區,華江里,板橋區
11507,65000010029,65000010,新北市板橋區,江翠里,板橋區
11507,65000010030,65000010,新北市板橋區,純翠里,板橋區
11507,65000010031,65000010,新北市板橋區,溪頭里,板橋區
11507,65000010032,65000010,新北市板橋區,聯翠里,板橋區
11507,65000010033,65000010,新北市板橋區,宏翠里,板橋區
11507,65000010034,65000010,新北市板橋區,仁翠里,板橋區
11507,65000010035,65000010,新北市板橋區,新翠里,板橋區
11507,65000010036,65000010,新北市板橋區,吉翠里,板橋區
11507,65000010037,65000010,新北市板橋區,德翠里,板橋區
11507,65000010038,65000010,新北市板橋區,滿翠里,板橋區
11507,65000010039,65000010,新北市板橋區,明翠里,板橋區
11507,65000010040,65000010,新北市板橋區,松翠里,板橋區
11507,65000010041,65000010,新北市板橋區,柏翠里,板橋區
11507,65000010042,65000010,新北市板橋區,龍翠里,板橋區
11507,65000010043,65000010,新北市板橋區,華翠里,板橋區
11507,65000010044,65000010,新北市板橋區,忠翠里,板橋區
11507,65000010045,65000010,新北市板橋區,嵐翠里,板橋區
11507,65000010046,65000010,新北市板橋區,文翠里,板橋區
11507,65000010047,65000010,新北市板橋區,青翠里,板橋區
11507,65000010048,65000010,新北市板橋區,懷翠里,板橋區
11507,65000010049,65000010,新北市板橋區,福翠里,板橋區
11507,65000010050,65000010,新北市板橋區,港嘴里,板橋區
11507,65000010051,65000010,新北市板橋區,振興里,板橋區
11507,65000010052,65000010,新北市板橋區,振義里,板橋區
11507,65000010053,65000010,新北市板橋區,光復里,板橋區
11507,65000010054,65000010,新北市板橋區,埔墘里,板橋區
11507,65000010055,65000010,新北市板橋區,長壽里,板橋區
11507,65000010056,65000010,新北市板橋區,福壽里,板橋區
11507,65000010057,65000010,新北市板橋區,海山里,板橋區
11507,65000010058,65000010,新北市板橋區,九如里,板橋區
11507,65000010059,65000010,新北市板橋區,玉光里,板橋區
11507,65000010060,65000010,新北市板橋區,光仁里,板橋區
11507,65000010061,65000010,新北市板橋區,埤墘里,板橋區
11507,65000010062,65000010,新北市板橋區,永安里,板橋區
11507,65000010063,65000010,新北市板橋區,雙玉里,板橋區
11507,65000010064,65000010,新北市板橋區,廣新里,板橋區
11507,65000010065,65000010,新北市板橋區,深丘里,板橋區
11507,65000010066,65000010,新北市板橋區,香丘里,板橋區
11507,65000010067,65000010,新北市板橋區,西安里,板橋區
11507,65000010068,65000010,新北市板橋區,東丘里,板橋區
11507,65000010069,65000010,新北市板橋區,長安里,板橋區
11507,65000010070,65000010,新北市板橋區,福丘里,板橋區
11507,65000010071,65000010,新北市板橋區,福祿里,板橋區
11507,65000010072,65000010,新北市板橋區,民族里,板橋區
11507,65000010073,65000010,新北市板橋區,國泰里,板橋區
11507,65000010074,65000010,新北市板橋區,福德里,板橋區
11507,65000010075,65000010,新北市板橋區,景星里,板橋區
11507,65000010076,65000010,新北市板橋區,福星里,板橋區
11507,65000010077,65000010,新北市板橋區,鄉雲里,板橋區
11507,65000010078,65000010,新北市板橋區,廣德里,板橋區
11507,65000010079,65000010,新北市板橋區,大豐里,板橋區
11507,65000010080,65000010,新北市板橋區,重慶里,板橋區
11507,65000010081,65000010,新北市板橋區,仁愛里,板橋區
11507,65000010082,65000010,新北市板橋區,和平里,板橋區
11507,65000010083,65000010,新北市板橋區,廣福里,板橋區
11507,65000010084,65000010,新北市板橋區,華興里,板橋區
11507,65000010085,65000010,新北市板橋區,華貴里,板橋區
11507,65000010086,65000010,新北市板橋區,華德里,板橋區
11507,65000010087,65000010,新北市板橋區,華東里,板橋區
11507,65000010088,65000010,新北市板橋區,信義里,板橋區
11507,65000010089,65000010,新北市板橋區,浮洲里,板橋區
11507,65000010090,65000010,新北市板橋區,華中里,板橋區
11507,65000010091,65000010,新北市板橋區,僑中里,板橋區
11507,65000010092,65000010,新北市板橋區,中山里,板橋區
11507,65000010093,65000010,新北市板橋區,復興里,板橋區
11507,65000010094,65000010,新北市板橋區,大安里,板橋區
11507,65000010095,65000010,新北市板橋區,福安里,板橋區
11507,65000010096,65000010,新北市板橋區,聚安里,板橋區
11507,65000010097,65000010,新北市板橋區,龍安里,板橋區
11507,65000010098,65000010,新北市板橋區,崑崙里,板橋區
11507,65000010099,65000010,新北市板橋區,溪洲里,板橋區
11507,65000010100,65000010,新北市板橋區,溪北里,板橋區
11507,65000010101,65000010,新北市板橋區,香雅里,板橋區
11507,65000010102,65000010,新北市板橋區,新生里,板橋區
11507,65000010103,65000010,新北市板橋區,文德里,板橋區
11507,65000010104,65000010,新北市板橋區,文化里,板橋區
11507,65000010105,65000010,新北市板橋區,新海里,板橋區
11507,65000010106,65000010,新北市板橋區,莒光里,板橋區
11507,65000010107,65000010,新北市板橋區,富貴里,板橋區
11507,65000010108,65000010,新北市板橋區,正泰里,板橋區
11507,65000010109,65000010,新北市板橋區,民生里,板橋區
11507,65000010110,65000010,新北市板橋區,後埔里,板橋區
11507,65000010111,65000010,新北市板橋區,華福里,板橋區
11507,65000010112,65000010,新北市板橋區,堂春里,板橋區
11507,65000010113,65000010,新北市板橋區,成和里,板橋區
11507,65000010114,65000010,新北市板橋區,光榮里,板橋區
11507,65000010115,65000010,新北市板橋區,民安里,板橋區
11507,65000010116,65000010,新北市板橋區,陽明里,板橋區
11507,65000010117,65000010,新北市板橋區,朝陽里,板橋區
11507,65000010118,65000010,新北市板橋區,松柏里,板橋區
11507,65000010119,65000010,新北市板橋區,文聖里,板橋區
11507,65000010120,65000010,新北市板橋區,居仁里,板橋區
11507,65000010121,65000010,新北市板橋區,莊敬里,板橋區
11507,65000010122,65000010,新北市板橋區,東安里,板橋區
11507,65000010123,65000010,新北市板橋區,五權里,板橋區
11507,65000010124,65000010,新北市板橋區,溪福里,板橋區
11507,65000010125,65000010,新北市板橋區,大觀里,板橋區
11507,65000010126,65000010,新北市板橋區,歡園里,板橋區
11507,65000020001,65000020,新北市三重區,大有里,三重區
11507,65000020002,65000020,新北市三重區,二重里,三重區
11507,65000020003,65000020,新北市三重區,頂崁里,三重區
11507,65000020004,65000020,新北市三重區,谷王里,三重區
11507,65000020005,65000020,新北市三重區,中興里,三重區
11507,65000020006,65000020,新北市三重區,德厚里,三重區
11507,65000020007,65000020,新北市三重區,成功里,三重區
11507,65000020008,65000020,新北市三重區,福祉里,三重區
11507,65000020009,65000020,新北市三重區,福民里,三重區
11507,65000020010,65000020,新北市三重區,過田里,三重區
11507,65000020011,65000020,新北市三重區,錦田里,三重區
11507,65000020012,65000020,新北市三重區,重明里,三重區
11507,65000020013,65000020,新北市三重區,光田里,三重區
11507,65000020014,65000020,新北市三重區,光陽里,三重區
11507,65000020015,65000020,新北市三重區,田心里,三重區
11507,65000020016,65000020,新北市三重區,福田里,三重區
11507,65000020017,65000020,新北市三重區,田中里,三重區
11507,65000020018,65000020,新北市三重區,田安里,三重區
11507,65000020019,65000020,新北市三重區,三民里,三重區
11507,65000020020,65000020,新北市三重區,光明里,三重區
11507,65000020021,65000020,新北市三重區,光正里,三重區
11507,65000020022,65000020,新北市三重區,同安里,三重區
11507,65000020023,65000020,新北市三重區,同慶里,三重區
11507,65000020024,65000020,新北市三重區,菜寮里,三重區
11507,65000020025,65000020,新北市三重區,永春里,三重區
11507,65000020026,65000020,新北市三重區,中正里,三重區
11507,65000020027,65000020,新北市三重區,吉利里,三重區
11507,65000020028,65000020,新北市三重區,大同里,三重區
11507,65000020029,65000020,新北市三重區,中民里,三重區
11507,65000020030,65000020,新北市三重區,平和里,三重區
11507,65000020031,65000020,新北市三重區,大安里,三重區
11507,65000020032,65000020,新北市三重區,仁德里,三重區
11507,65000020033,65000020,新北市三重區,忠孝里,三重區
11507,65000020034,65000020,新北市三重區,仁義里,三重區
11507,65000020035,65000020,新北市三重區,光榮里,三重區
11507,65000020036,65000020,新北市三重區,光輝里,三重區
11507,65000020037,65000020,新北市三重區,福星里,三重區
11507,65000020038,65000020,新北市三重區,福利里,三重區
11507,65000020039,65000020,新北市三重區,清和里,三重區
11507,65000020040,65000020,新北市三重區,永興里,三重區
11507,65000020041,65000020,新北市三重區,中山里,三重區
11507,65000020042,65000020,新北市三重區,大園里,三重區
11507,65000020043,65000020,新北市三重區,國隆里,三重區
11507,65000020044,65000020,新北市三重區,重陽里,三重區
11507,65000020045,65000020,新北市三重區,民生里,三重區
11507,65000020046,65000020,新北市三重區,重新里,三重區
11507,65000020047,65000020,新北市三重區,正德里,三重區
11507,65000020048,65000020,新北市三重區,正義里,三重區
11507,65000020049,65000020,新北市三重區,正安里,三重區
11507,65000020050,65000020,新北市三重區,自強里,三重區
11507,65000020051,65000020,新北市三重區,文化里,三重區
11507,65000020052,65000020,新北市三重區,中央里,三重區
11507,65000020053,65000020,新北市三重區,雙園里,三重區
11507,65000020054,65000020,新北市三重區,錦通里,三重區
11507,65000020055,65000020,新北市三重區,錦安里,三重區
11507,65000020056,65000020,新北市三重區,長安里,三重區
11507,65000020057,65000020,新北市三重區,光華里,三重區
11507,65000020058,65000020,新北市三重區,長生里,三重區
11507,65000020059,65000020,新北市三重區,開元里,三重區
11507,65000020060,65000020,新北市三重區,大德里,三重區
11507,65000020061,65000020,新北市三重區,長元里,三重區
11507,65000020062,65000020,新北市三重區,長江里,三重區
11507,65000020063,65000020,新北市三重區,長泰里,三重區
11507,65000020064,65000020,新北市三重區,長福里,三重區
11507,65000020065,65000020,新北市三重區,介壽里,三重區
11507,65000020066,65000020,新北市三重區,萬壽里,三重區
11507,65000020067,65000020,新北市三重區,錦江里,三重區
11507,65000020068,65000020,新北市三重區,龍濱里,三重區
11507,65000020069,65000020,新北市三重區,龍門里,三重區
11507,65000020070,65000020,新北市三重區,秀江里,三重區
11507,65000020071,65000020,新北市三重區,奕壽里,三重區
11507,65000020072,65000020,新北市三重區,三安里,三重區
11507,65000020073,65000020,新北市三重區,福安里,三重區
11507,65000020074,65000020,新北市三重區,信安里,三重區
11507,65000020075,65000020,新北市三重區,安慶里,三重區
11507,65000020076,65000020,新北市三重區,幸福里,三重區
11507,65000020077,65000020,新北市三重區,六合里,三重區
11507,65000020078,65000020,新北市三重區,六福里,三重區
11507,65000020079,65000020,新北市三重區,順德里,三重區
11507,65000020080,65000020,新北市三重區,承德里,三重區
11507,65000020081,65000020,新北市三重區,瑞德里,三重區
11507,65000020082,65000020,新北市三重區,崇德里,三重區
11507,65000020083,65000020,新北市三重區,厚德里,三重區
11507,65000020084,65000020,新北市三重區,維德里,三重區
11507,65000020085,65000020,新北市三重區,尚德里,三重區
11507,65000020086,65000020,新北市三重區,培德里,三重區
11507,65000020087,65000020,新北市三重區,永德里,三重區
11507,65000020088,65000020,新北市三重區,永盛里,三重區
11507,65000020089,65000020,新北市三重區,永福里,三重區
11507,65000020090,65000020,新北市三重區,永清里,三重區
11507,65000020091,65000020,新北市三重區,永安里,三重區
11507,65000020092,65000020,新北市三重區,永煇里,三重區
11507,65000020093,65000020,新北市三重區,溪美里,三重區
11507,65000020094,65000020,新北市三重區,福隆里,三重區
11507,65000020095,65000020,新北市三重區,五常里,三重區
11507,65000020096,65000020,新北市三重區,五福里,三重區
11507,65000020097,65000020,新北市三重區,仁忠里,三重區
11507,65000020098,65000020,新北市三重區,慈福里,三重區
11507,65000020099,65000020,新北市三重區,慈生里,三重區
11507,65000020100,65000020,新北市三重區,慈惠里,三重區
11507,65000020101,65000020,新北市三重區,慈愛里,三重區
11507,65000020102,65000020,新北市三重區,慈化里,三重區
11507,65000020103,65000020,新北市三重區,慈祐里,三重區
11507,65000020104,65000020,新北市三重區,五華里,三重區
11507,65000020105,65000020,新北市三重區,富貴里,三重區
11507,65000020106,65000020,新北市三重區,富華里,三重區
11507,65000020107,65000020,新北市三重區,富福里,三重區
11507,65000020108,65000020,新北市三重區,碧華里,三重區
11507,65000020109,65000020,新北市三重區,五谷里,三重區
11507,65000020110,65000020,新北市三重區,博愛里,三重區
11507,65000020111,65000020,新北市三重區,福德里,三重區
11507,65000020112,65000020,新北市三重區,永吉里,三重區
11507,65000020113,65000020,新北市三重區,永發里,三重區
11507,65000020114,65000020,新北市三重區,永順里,三重區
11507,65000020115,65000020,新北市三重區,永豐里,三重區
11507,65000020116,65000020,新北市三重區,立德里,三重區
11507,65000020117,65000020,新北市三重區,福樂里,三重區
11507,65000020118,65000020,新北市三重區,仁華里,三重區
11507,65000020119,65000020,新北市三重區,五順里,三重區
11507,65000030001,65000030,新北市中和區,中原里,中和區
11507,65000030002,65000030,新北市中和區,平河里,中和區
11507,65000030003,65000030,新北市中和區,信和里,中和區
11507,65000030004,65000030,新北市中和區,仁和里,中和區
11507,65000030005,65000030,新北市中和區,中正里,中和區
11507,65000030006,65000030,新北市中和區,建和里,中和區
11507,65000030007,65000030,新北市中和區,連和里,中和區
11507,65000030008,65000030,新北市中和區,連城里,中和區
11507,65000030009,65000030,新北市中和區,力行里,中和區
11507,65000030010,65000030,新北市中和區,枋寮里,中和區
11507,65000030011,65000030,新北市中和區,漳和里,中和區
11507,65000030012,65000030,新北市中和區,廟美里,中和區
11507,65000030013,65000030,新北市中和區,福真里,中和區
11507,65000030014,65000030,新北市中和區,福善里,中和區
11507,65000030015,65000030,新北市中和區,福美里,中和區
11507,65000030016,65000030,新北市中和區,福祥里,中和區
11507,65000030017,65000030,新北市中和區,瓦󿾨里,中和區
11507,65000030018,65000030,新北市中和區,福和里,中和區
11507,65000030019,65000030,新北市中和區,佳和里,中和區
11507,65000030020,65000030,新北市中和區,安樂里,中和區
11507,65000030021,65000030,新北市中和區,安和里,中和區
11507,65000030022,65000030,新北市中和區,安平里,中和區
11507,65000030023,65000030,新北市中和區,中安里,中和區
11507,65000030024,65000030,新北市中和區,泰安里,中和區
11507,65000030025,65000030,新北市中和區,新南里,中和區
11507,65000030026,65000030,新北市中和區,南山里,中和區
11507,65000030027,65000030,新北市中和區,秀山里,中和區
11507,65000030028,65000030,新北市中和區,秀成里,中和區
11507,65000030029,65000030,新北市中和區,秀福里,中和區
11507,65000030030,65000030,新北市中和區,秀景里,中和區
11507,65000030031,65000030,新北市中和區,秀明里,中和區
11507,65000030032,65000030,新北市中和區,秀峰里,中和區
11507,65000030033,65000030,新北市中和區,秀仁里,中和區
11507,65000030034,65000030,新北市中和區,頂南里,中和區
11507,65000030035,65000030,新北市中和區,華新里,中和區
11507,65000030036,65000030,新北市中和區,東南里,中和區
11507,65000030037,65000030,新北市中和區,華南里,中和區
11507,65000030038,65000030,新北市中和區,忠孝里,中和區
11507,65000030039,65000030,新北市中和區,崇南里,中和區
11507,65000030040,65000030,新北市中和區,景南里,中和區
11507,65000030041,65000030,新北市中和區,橫路里,中和區
11507,65000030042,65000030,新北市中和區,內南里,中和區
11507,65000030043,65000030,新北市中和區,壽南里,中和區
11507,65000030044,65000030,新北市中和區,外南里,中和區
11507,65000030045,65000030,新北市中和區,復興里,中和區
11507,65000030046,65000030,新北市中和區,和興里,中和區
11507,65000030047,65000030,新北市中和區,景平里,中和區
11507,65000030048,65000030,新北市中和區,景新里,中和區
11507,65000030049,65000030,新北市中和區,景福里,中和區
11507,65000030050,65000030,新北市中和區,景安里,中和區
11507,65000030051,65000030,新北市中和區,景文里,中和區
11507,65000030052,65000030,新北市中和區,錦和里,中和區
11507,65000030053,65000030,新北市中和區,錦昌里,中和區
11507,65000030054,65000030,新北市中和區,灰󿾨里,中和區
11507,65000030055,65000030,新北市中和區,積穗里,中和區
11507,65000030056,65000030,新北市中和區,民享里,中和區
11507,65000030057,65000030,新北市中和區,員山里,中和區
11507,65000030058,65000030,新北市中和區,嘉穗里,中和區
11507,65000030059,65000030,新北市中和區,文元里,中和區
11507,65000030060,65000030,新北市中和區,嘉新里,中和區
11507,65000030061,65000030,新北市中和區,民安里,中和區
11507,65000030062,65000030,新北市中和區,安穗里,中和區
11507,65000030063,65000030,新北市中和區,瑞穗里,中和區
11507,65000030064,65000030,新北市中和區,明穗里,中和區
11507,65000030065,65000030,新北市中和區,清穗里,中和區
11507,65000030066,65000030,新北市中和區,自強里,中和區
11507,65000030067,65000030,新北市中和區,德穗里,中和區
11507,65000030068,65000030,新北市中和區,民生里,中和區
11507,65000030069,65000030,新北市中和區,國光里,中和區
11507,65000030070,65000030,新北市中和區,壽德里,中和區
11507,65000030071,65000030,新北市中和區,明德里,中和區
11507,65000030072,65000030,新北市中和區,秀水里,中和區
11507,65000030073,65000030,新北市中和區,德行里,中和區
11507,65000030074,65000030,新北市中和區,宜安里,中和區
11507,65000030075,65000030,新北市中和區,安順里,中和區
11507,65000030076,65000030,新北市中和區,秀義里,中和區
11507,65000030077,65000030,新北市中和區,秀士里,中和區
11507,65000030078,65000030,新北市中和區,興南里,中和區
11507,65000030079,65000030,新北市中和區,景本里,中和區
11507,65000030080,65000030,新北市中和區,福南里,中和區
11507,65000030081,65000030,新北市中和區,中興里,中和區
11507,65000030082,65000030,新北市中和區,吉興里,中和區
11507,65000030083,65000030,新北市中和區,中山里,中和區
11507,65000030084,65000030,新北市中和區,碧河里,中和區
11507,65000030085,65000030,新北市中和區,錦中里,中和區
11507,65000030086,65000030,新北市中和區,錦盛里,中和區
11507,65000030087,65000030,新北市中和區,民有里,中和區
11507,65000030088,65000030,新北市中和區,員富里,中和區
11507,65000030089,65000030,新北市中和區,嘉慶里,中和區
11507,65000030090,65000030,新北市中和區,冠穗里,中和區
11507,65000030091,65000030,新北市中和區,國華里,中和區
11507,65000030092,65000030,新北市中和區,正南里,中和區
11507,65000030093,65000030,新北市中和區,正行里,中和區
11507,65000040001,65000040,新北市永和區,福林里,永和區
11507,65000040002,65000040,新北市永和區,文化里,永和區
11507,65000040003,65000040,新北市永和區,豫溪里,永和區
11507,65000040004,65000040,新北市永和區,光明里,永和區
11507,65000040005,65000040,新北市永和區,仁愛里,永和區
11507,65000040006,65000040,新北市永和區,永貞里,永和區
11507,65000040007,65000040,新北市永和區,永福里,永和區
11507,65000040008,65000040,新北市永和區,民治里,永和區
11507,65000040009,65000040,新北市永和區,永成里,永和區
11507,65000040010,65000040,新北市永和區,忠義里,永和區
11507,65000040011,65000040,新北市永和區,永元里,永和區
11507,65000040012,65000040,新北市永和區,秀林里,永和區
11507,65000040013,65000040,新北市永和區,保安里,永和區
11507,65000040014,65000040,新北市永和區,中溪里,永和區
11507,65000040015,65000040,新北市永和區,永安里,永和區
11507,65000040016,65000040,新北市永和區,民族里,永和區
11507,65000040017,65000040,新北市永和區,民權里,永和區
11507,65000040018,65000040,新北市永和區,中興里,永和區
11507,65000040019,65000040,新北市永和區,勵行里,永和區
11507,65000040020,65000040,新北市永和區,秀朗里,永和區
11507,65000040021,65000040,新北市永和區,秀成里,永和區
11507,65000040022,65000040,新北市永和區,上溪里,永和區
11507,65000040023,65000040,新北市永和區,竹林里,永和區
11507,65000040024,65000040,新北市永和區,雙和里,永和區
11507,65000040025,65000040,新北市永和區,安和里,永和區
11507,65000040026,65000040,新北市永和區,水源里,永和區
11507,65000040027,65000040,新北市永和區,協和里,永和區
11507,65000040028,65000040,新北市永和區,河堤里,永和區
11507,65000040029,65000040,新北市永和區,頂溪里,永和區
11507,65000040030,65000040,新北市永和區,潭墘里,永和區
11507,65000040031,65000040,新北市永和區,潭安里,永和區
11507,65000040032,65000040,新北市永和區,大新里,永和區
11507,65000040033,65000040,新北市永和區,保平里,永和區
11507,65000040034,65000040,新北市永和區,民本里,永和區
11507,65000040035,65000040,新北市永和區,民樂里,永和區
11507,65000040036,65000040,新北市永和區,光復里,永和區
11507,65000040037,65000040,新北市永和區,復興里,永和區
11507,65000040038,65000040,新北市永和區,福和里,永和區
11507,65000040039,65000040,新北市永和區,得和里,永和區
11507,65000040040,65000040,新北市永和區,智光里,永和區
11507,65000040041,65000040,新北市永和區,新生里,永和區
11507,65000040042,65000040,新北市永和區,大同里,永和區
11507,65000040043,65000040,新北市永和區,前溪里,永和區
11507,65000040044,65000040,新北市永和區,和平里,永和區
11507,65000040045,65000040,新北市永和區,新廍里,永和區
11507,65000040046,65000040,新北市永和區,下溪里,永和區
11507,65000040047,65000040,新北市永和區,秀和里,永和區
11507,65000040048,65000040,新北市永和區,河濱里,永和區
11507,65000040049,65000040,新北市永和區,民生里,永和區
11507,65000040050,65000040,新北市永和區,秀得里,永和區
11507,65000040051,65000040,新北市永和區,上林里,永和區
11507,65000040052,65000040,新北市永和區,網溪里,永和區
11507,65000040053,65000040,新北市永和區,正興里,永和區
11507,65000040054,65000040,新北市永和區,永興里,永和區
11507,65000040055,65000040,新北市永和區,桂林里,永和區
11507,65000040056,65000040,新北市永和區,店街里,永和區
11507,65000040057,65000040,新北市永和區,信義里,永和區
11507,65000040058,65000040,新北市永和區,後溪里,永和區
11507,65000040059,65000040,新北市永和區,民富里,永和區
11507,65000040060,65000040,新北市永和區,秀元里,永和區
11507,65000040061,65000040,新北市永和區,永樂里,永和區
11507,65000040062,65000040,新北市永和區,保順里,永和區
11507,65000050001,65000050,新北市新莊區,海山里,新莊區
11507,65000050002,65000050,新北市新莊區,頭前里,新莊區
11507,65000050003,65000050,新北市新莊區,國泰里,新莊區
11507,65000050004,65000050,新北市新莊區,全安里,新莊區
11507,65000050005,65000050,新北市新莊區,福基里,新莊區
11507,65000050006,65000050,新北市新莊區,豐年里,新莊區
11507,65000050007,65000050,新北市新莊區,忠孝里,新莊區
11507,65000050008,65000050,新北市新莊區,恆安里,新莊區
11507,65000050009,65000050,新北市新莊區,後港里,新莊區
11507,65000050010,65000050,新北市新莊區,文衡里,新莊區
11507,65000050011,65000050,新北市新莊區,中美里,新莊區
11507,65000050012,65000050,新北市新莊區,八德里,新莊區
11507,65000050013,65000050,新北市新莊區,興漢里,新莊區
11507,65000050014,65000050,新北市新莊區,中和里,新莊區
11507,65000050015,65000050,新北市新莊區,西盛里,新莊區
11507,65000050016,65000050,新北市新莊區,榮和里,新莊區
11507,65000050017,65000050,新北市新莊區,中泰里,新莊區
11507,65000050018,65000050,新北市新莊區,瓊林里,新莊區
11507,65000050019,65000050,新北市新莊區,文德里,新莊區
11507,65000050020,65000050,新北市新莊區,中誠里,新莊區
11507,65000050021,65000050,新北市新莊區,裕民里,新莊區
11507,65000050022,65000050,新北市新莊區,文明里,新莊區
11507,65000050023,65000050,新北市新莊區,中港里,新莊區
11507,65000050024,65000050,新北市新莊區,富國里,新莊區
11507,65000050025,65000050,新北市新莊區,思源里,新莊區
11507,65000050026,65000050,新北市新莊區,立人里,新莊區
11507,65000050027,65000050,新北市新莊區,南港里,新莊區
11507,65000050028,65000050,新北市新莊區,仁愛里,新莊區
11507,65000050029,65000050,新北市新莊區,立德里,新莊區
11507,65000050030,65000050,新北市新莊區,信義里,新莊區
11507,65000050031,65000050,新北市新莊區,立言里,新莊區
11507,65000050032,65000050,新北市新莊區,民安里,新莊區
11507,65000050033,65000050,新北市新莊區,和平里,新莊區
11507,65000050034,65000050,新北市新莊區,立功里,新莊區
11507,65000050035,65000050,新北市新莊區,民本里,新莊區
11507,65000050036,65000050,新北市新莊區,化成里,新莊區
11507,65000050037,65000050,新北市新莊區,立志里,新莊區
11507,65000050038,65000050,新北市新莊區,光華里,新莊區
11507,65000050039,65000050,新北市新莊區,思賢里,新莊區
11507,65000050040,65000050,新北市新莊區,營盤里,新莊區
11507,65000050041,65000050,新北市新莊區,光榮里,新莊區
11507,65000050042,65000050,新北市新莊區,自強里,新莊區
11507,65000050043,65000050,新北市新莊區,丹鳳里,新莊區
11507,65000050044,65000050,新北市新莊區,光明里,新莊區
11507,65000050045,65000050,新北市新莊區,自立里,新莊區
11507,65000050046,65000050,新北市新莊區,合鳳里,新莊區
11507,65000050047,65000050,新北市新莊區,幸福里,新莊區
11507,65000050048,65000050,新北市新莊區,雙鳳里,新莊區
11507,65000050049,65000050,新北市新莊區,自信里,新莊區
11507,65000050050,65000050,新北市新莊區,龍鳳里,新莊區
11507,65000050051,65000050,新北市新莊區,中華里,新莊區
11507,65000050052,65000050,新北市新莊區,中隆里,新莊區
11507,65000050053,65000050,新北市新莊區,中原里,新莊區
11507,65000050054,65000050,新北市新莊區,中信里,新莊區
11507,65000050055,65000050,新北市新莊區,四維里,新莊區
11507,65000050056,65000050,新北市新莊區,建福里,新莊區
11507,65000050057,65000050,新北市新莊區,中宏里,新莊區
11507,65000050058,65000050,新北市新莊區,中全里,新莊區
11507,65000050059,65000050,新北市新莊區,立泰里,新莊區
11507,65000050060,65000050,新北市新莊區,全泰里,新莊區
11507,65000050061,65000050,新北市新莊區,仁義里,新莊區
11507,65000050062,65000050,新北市新莊區,立基里,新莊區
11507,65000050063,65000050,新北市新莊區,昌明里,新莊區
11507,65000050064,65000050,新北市新莊區,昌平里,新莊區
11507,65000050065,65000050,新北市新莊區,文聖里,新莊區
11507,65000050066,65000050,新北市新莊區,萬安里,新莊區
11507,65000050067,65000050,新北市新莊區,龍安里,新莊區
11507,65000050068,65000050,新北市新莊區,福營里,新莊區
11507,65000050069,65000050,新北市新莊區,後德里,新莊區
11507,65000050070,65000050,新北市新莊區,建安里,新莊區
11507,65000050071,65000050,新北市新莊區,成德里,新莊區
11507,65000050072,65000050,新北市新莊區,福興里,新莊區
11507,65000050073,65000050,新北市新莊區,昌信里,新莊區
11507,65000050074,65000050,新北市新莊區,昌隆里,新莊區
11507,65000050075,65000050,新北市新莊區,中平里,新莊區
11507,65000050076,65000050,新北市新莊區,立廷里,新莊區
11507,65000050077,65000050,新北市新莊區,泰豐里,新莊區
11507,65000050078,65000050,新北市新莊區,富民里,新莊區
11507,65000050079,65000050,新北市新莊區,龍福里,新莊區
11507,65000050080,65000050,新北市新莊區,祥鳳里,新莊區
11507,65000050081,65000050,新北市新莊區,民全里,新莊區
11507,65000050082,65000050,新北市新莊區,民有里,新莊區
11507,65000050083,65000050,新北市新莊區,光正里,新莊區
11507,65000050084,65000050,新北市新莊區,光和里,新莊區
11507,65000060001,65000060,新北市新店區,國豐里,新店區
11507,65000060002,65000060,新北市新店區,明德里,新店區
11507,65000060003,65000060,新北市新店區,大豐里,新店區
11507,65000060004,65000060,新北市新店區,大同里,新店區
11507,65000060005,65000060,新北市新店區,江陵里,新店區
11507,65000060006,65000060,新北市新店區,寶興里,新店區
11507,65000060007,65000060,新北市新店區,寶安里,新店區
11507,65000060008,65000060,新北市新店區,信義里,新店區
11507,65000060009,65000060,新北市新店區,忠孝里,新店區
11507,65000060010,65000060,新北市新店區,大鵬里,新店區
11507,65000060011,65000060,新北市新店區,太平里,新店區
11507,65000060012,65000060,新北市新店區,頂城里,新店區
11507,65000060013,65000060,新北市新店區,下城里,新店區
11507,65000060014,65000060,新北市新店區,柴埕里,新店區
11507,65000060015,65000060,新北市新店區,永安里,新店區
11507,65000060016,65000060,新北市新店區,公崙里,新店區
11507,65000060017,65000060,新北市新店區,德安里,新店區
11507,65000060018,65000060,新北市新店區,雙城里,新店區
11507,65000060019,65000060,新北市新店區,日興里,新店區
11507,65000060020,65000060,新北市新店區,玫瑰里,新店區
11507,65000060021,65000060,新北市新店區,塗潭里,新店區
11507,65000060022,65000060,新北市新店區,美潭里,新店區
11507,65000060023,65000060,新北市新店區,員潭里,新店區
11507,65000060024,65000060,新北市新店區,雙坑里,新店區
11507,65000060025,65000060,新北市新店區,粗坑里,新店區
11507,65000060026,65000060,新北市新店區,屈尺里,新店區
11507,65000060027,65000060,新北市新店區,龜山里,新店區
11507,65000060028,65000060,新北市新店區,廣興里,新店區
11507,65000060029,65000060,新北市新店區,直潭里,新店區
11507,65000060030,65000060,新北市新店區,青潭里,新店區
11507,65000060031,65000060,新北市新店區,新店里,新店區
11507,65000060032,65000060,新北市新店區,張南里,新店區
11507,65000060033,65000060,新北市新店區,國校里,新店區
11507,65000060034,65000060,新北市新店區,文中里,新店區
11507,65000060035,65000060,新北市新店區,廣明里,新店區
11507,65000060036,65000060,新北市新店區,文明里,新店區
11507,65000060037,65000060,新北市新店區,中興里,新店區
11507,65000060038,65000060,新北市新店區,新生里,新店區
11507,65000060039,65000060,新北市新店區,新德里,新店區
11507,65000060040,65000060,新北市新店區,張北里,新店區
11507,65000060041,65000060,新北市新店區,五峯里,新店區
11507,65000060042,65000060,新北市新店區,新安里,新店區
11507,65000060043,65000060,新北市新店區,忠誠里,新店區
11507,65000060044,65000060,新北市新店區,中正里,新店區
11507,65000060045,65000060,新北市新店區,中華里,新店區
11507,65000060046,65000060,新北市新店區,仁愛里,新店區
11507,65000060047,65000060,新北市新店區,百忍里,新店區
11507,65000060048,65000060,新北市新店區,百和里,新店區
11507,65000060049,65000060,新北市新店區,福德里,新店區
11507,65000060050,65000060,新北市新店區,百福里,新店區
11507,65000060051,65000060,新北市新店區,福民里,新店區
11507,65000060052,65000060,新北市新店區,中山里,新店區
11507,65000060053,65000060,新北市新店區,和平里,新店區
11507,65000060054,65000060,新北市新店區,中央里,新店區
11507,65000060055,65000060,新北市新店區,明城里,新店區
11507,65000060056,65000060,新北市新店區,安和里,新店區
11507,65000060057,65000060,新北市新店區,吉祥里,新店區
11507,65000060058,65000060,新北市新店區,寶福里,新店區
11507,65000060059,65000060,新北市新店區,小城里,新店區
11507,65000060060,65000060,新北市新店區,香坡里,新店區
11507,65000060061,65000060,新北市新店區,建國里,新店區
11507,65000060062,65000060,新北市新店區,復興里,新店區
11507,65000060063,65000060,新北市新店區,美城里,新店區
11507,65000060064,65000060,新北市新店區,安昌里,新店區
11507,65000060065,65000060,新北市新店區,長春里,新店區
11507,65000060066,65000060,新北市新店區,新和里,新店區
11507,65000060067,65000060,新北市新店區,永平里,新店區
11507,65000060068,65000060,新北市新店區,達觀里,新店區
11507,65000060069,65000060,新北市新店區,華城里,新店區
11507,65000070001,65000070,新北市樹林區,三多里,樹林區
11507,65000070002,65000070,新北市樹林區,三福里,樹林區
11507,65000070003,65000070,新北市樹林區,三興里,樹林區
11507,65000070004,65000070,新北市樹林區,圳安里,樹林區
11507,65000070005,65000070,新北市樹林區,保安里,樹林區
11507,65000070006,65000070,新北市樹林區,潭底里,樹林區
11507,65000070007,65000070,新北市樹林區,󿾵寮里,樹林區
11507,65000070008,65000070,新北市樹林區,樹德里,樹林區
11507,65000070009,65000070,新北市樹林區,樹西里,樹林區
11507,65000070010,65000070,新北市樹林區,樹南里,樹林區
11507,65000070011,65000070,新北市樹林區,樹人里,樹林區
11507,65000070012,65000070,新北市樹林區,坡內里,樹林區
11507,65000070013,65000070,新北市樹林區,樹東里,樹林區
11507,65000070014,65000070,新北市樹林區,大同里,樹林區
11507,65000070015,65000070,新北市樹林區,和平里,樹林區
11507,65000070016,65000070,新北市樹林區,彭厝里,樹林區
11507,65000070017,65000070,新北市樹林區,彭福里,樹林區
11507,65000070018,65000070,新北市樹林區,東山里,樹林區
11507,65000070019,65000070,新北市樹林區,東陽里,樹林區
11507,65000070020,65000070,新北市樹林區,東昇里,樹林區
11507,65000070021,65000070,新北市樹林區,樂山里,樹林區
11507,65000070022,65000070,新北市樹林區,東園里,樹林區
11507,65000070023,65000070,新北市樹林區,西園里,樹林區
11507,65000070024,65000070,新北市樹林區,南園里,樹林區
11507,65000070025,65000070,新北市樹林區,北園里,樹林區
11507,65000070026,65000070,新北市樹林區,柑園里,樹林區
11507,65000070027,65000070,新北市樹林區,樹北里,樹林區
11507,65000070028,65000070,新北市樹林區,圳福里,樹林區
11507,65000070029,65000070,新北市樹林區,樹興里,樹林區
11507,65000070030,65000070,新北市樹林區,樹福里,樹林區
11507,65000070031,65000070,新北市樹林區,光興里,樹林區
11507,65000070032,65000070,新北市樹林區,金寮里,樹林區
11507,65000070033,65000070,新北市樹林區,彭興里,樹林區
11507,65000070034,65000070,新北市樹林區,文林里,樹林區
11507,65000070035,65000070,新北市樹林區,山佳里,樹林區
11507,65000070036,65000070,新北市樹林區,中山里,樹林區
11507,65000070037,65000070,新北市樹林區,育英里,樹林區
11507,65000070038,65000070,新北市樹林區,中華里,樹林區
11507,65000070039,65000070,新北市樹林區,太順里,樹林區
11507,65000070040,65000070,新北市樹林區,圳民里,樹林區
11507,65000070041,65000070,新北市樹林區,圳生里,樹林區
11507,65000070042,65000070,新北市樹林區,三龍里,樹林區
11507,65000080001,65000080,新北市鶯歌區,東鶯里,鶯歌區
11507,65000080002,65000080,新北市鶯歌區,西鶯里,鶯歌區
11507,65000080003,65000080,新北市鶯歌區,南鶯里,鶯歌區
11507,65000080004,65000080,新北市鶯歌區,北鶯里,鶯歌區
11507,65000080005,65000080,新北市鶯歌區,中鶯里,鶯歌區
11507,65000080006,65000080,新北市鶯歌區,建德里,鶯歌區
11507,65000080007,65000080,新北市鶯歌區,同慶里,鶯歌區
11507,65000080008,65000080,新北市鶯歌區,永昌里,鶯歌區
11507,65000080009,65000080,新北市鶯歌區,南靖里,鶯歌區
11507,65000080010,65000080,新北市鶯歌區,尖山里,鶯歌區
11507,65000080011,65000080,新北市鶯歌區,二橋里,鶯歌區
11507,65000080012,65000080,新北市鶯歌區,二甲里,鶯歌區
11507,65000080013,65000080,新北市鶯歌區,東湖里,鶯歌區
11507,65000080014,65000080,新北市鶯歌區,大湖里,鶯歌區
11507,65000080015,65000080,新北市鶯歌區,鳳鳴里,鶯歌區
11507,65000080016,65000080,新北市鶯歌區,鳳福里,鶯歌區
11507,65000080017,65000080,新北市鶯歌區,永吉里,鶯歌區
11507,65000080018,65000080,新北市鶯歌區,中湖里,鶯歌區
11507,65000080019,65000080,新北市鶯歌區,鳳祥里,鶯歌區
11507,65000080020,65000080,新北市鶯歌區,建國里,鶯歌區
11507,65000090001,65000090,新北市三峽區,三峽里,三峽區
11507,65000090002,65000090,新北市三峽區,秀川里,三峽區
11507,65000090003,65000090,新北市三峽區,八張里,三峽區
11507,65000090004,65000090,新北市三峽區,中埔里,三峽區
11507,65000090005,65000090,新北市三峽區,弘道里,三峽區
11507,65000090006,65000090,新北市三峽區,永舘里,三峽區
11507,65000090007,65000090,新北市三峽區,礁溪里,三峽區
11507,65000090008,65000090,新北市三峽區,鳶山里,三峽區
11507,65000090009,65000090,新北市三峽區,龍埔里,三峽區
11507,65000090010,65000090,新北市三峽區,大埔里,三峽區
11507,65000090011,65000090,新北市三峽區,嘉添里,三峽區
11507,65000090012,65000090,新北市三峽區,添福里,三峽區
11507,65000090013,65000090,新北市三峽區,金圳里,三峽區
11507,65000090014,65000090,新北市三峽區,五寮里,三峽區
11507,65000090015,65000090,新北市三峽區,插角里,三峽區
11507,65000090016,65000090,新北市三峽區,有木里,三峽區
11507,65000090017,65000090,新北市三峽區,溪北里,三峽區
11507,65000090018,65000090,新北市三峽區,溪南里,三峽區
11507,65000090019,65000090,新北市三峽區,溪東里,三峽區
11507,65000090020,65000090,新北市三峽區,成福里,三峽區
11507,65000090021,65000090,新北市三峽區,安坑里,三峽區
11507,65000090022,65000090,新北市三峽區,竹崙里,三峽區
11507,65000090023,65000090,新北市三峽區,介壽里,三峽區
11507,65000090024,65000090,新北市三峽區,安溪里,三峽區
11507,65000090025,65000090,新北市三峽區,中正里,三峽區
11507,65000090026,65000090,新北市三峽區,二鬮里,三峽區
11507,65000090027,65000090,新北市三峽區,龍學里,三峽區
11507,65000090028,65000090,新北市三峽區,龍恩里,三峽區
11507,65000100001,65000100,新北市淡水區,中和里,淡水區
11507,65000100002,65000100,新北市淡水區,屯山里,淡水區
11507,65000100003,65000100,新北市淡水區,賢孝里,淡水區
11507,65000100004,65000100,新北市淡水區,興仁里,淡水區
11507,65000100005,65000100,新北市淡水區,蕃薯里,淡水區
11507,65000100006,65000100,新北市淡水區,義山里,淡水區
11507,65000100007,65000100,新北市淡水區,忠山里,淡水區
11507,65000100008,65000100,新北市淡水區,崁頂里,淡水區
11507,65000100009,65000100,新北市淡水區,埤島里,淡水區
11507,65000100010,65000100,新北市淡水區,新興里,淡水區
11507,65000100011,65000100,新北市淡水區,水碓里,淡水區
11507,65000100012,65000100,新北市淡水區,北投里,淡水區
11507,65000100013,65000100,新北市淡水區,水源里,淡水區
11507,65000100014,65000100,新北市淡水區,忠寮里,淡水區
11507,65000100015,65000100,新北市淡水區,樹興里,淡水區
11507,65000100016,65000100,新北市淡水區,坪頂里,淡水區
11507,65000100017,65000100,新北市淡水區,福德里,淡水區
11507,65000100018,65000100,新北市淡水區,竹圍里,淡水區
11507,65000100019,65000100,新北市淡水區,民生里,淡水區
11507,65000100020,65000100,新北市淡水區,八勢里,淡水區
11507,65000100021,65000100,新北市淡水區,竿蓁里,淡水區
11507,65000100022,65000100,新北市淡水區,鄧公里,淡水區
11507,65000100023,65000100,新北市淡水區,中興里,淡水區
11507,65000100024,65000100,新北市淡水區,長庚里,淡水區
11507,65000100025,65000100,新北市淡水區,清文里,淡水區
11507,65000100026,65000100,新北市淡水區,草東里,淡水區
11507,65000100027,65000100,新北市淡水區,協元里,淡水區
11507,65000100028,65000100,新北市淡水區,永吉里,淡水區
11507,65000100029,65000100,新北市淡水區,民安里,淡水區
11507,65000100030,65000100,新北市淡水區,新生里,淡水區
11507,65000100031,65000100,新北市淡水區,文化里,淡水區
11507,65000100032,65000100,新北市淡水區,油車里,淡水區
11507,65000100033,65000100,新北市淡水區,沙崙里,淡水區
11507,65000100034,65000100,新北市淡水區,新義里,淡水區
11507,65000100035,65000100,新北市淡水區,新春里,淡水區
11507,65000100036,65000100,新北市淡水區,新民里,淡水區
11507,65000100037,65000100,新北市淡水區,正德里,淡水區
11507,65000100038,65000100,新北市淡水區,北新里,淡水區
11507,65000100039,65000100,新北市淡水區,民權里,淡水區
11507,65000100040,65000100,新北市淡水區,幸福里,淡水區
11507,65000100041,65000100,新北市淡水區,學府里,淡水區
11507,65000100042,65000100,新北市淡水區,大庄里,淡水區
11507,65000100043,65000100,新北市淡水區,新崁里,淡水區
11507,65000100044,65000100,新北市淡水區,新市里,淡水區
11507,65000110001,65000110,新北市汐止區,義民里,汐止區
11507,65000110002,65000110,新北市汐止區,禮門里,汐止區
11507,65000110003,65000110,新北市汐止區,智慧里,汐止區
11507,65000110004,65000110,新北市汐止區,信望里,汐止區
11507,65000110005,65000110,新北市汐止區,橋東里,汐止區
11507,65000110006,65000110,新北市汐止區,秀峰里,汐止區
11507,65000110007,65000110,新北市汐止區,新昌里,汐止區
11507,65000110008,65000110,新北市汐止區,復興里,汐止區
11507,65000110009,65000110,新北市汐止區,茄苳里,汐止區
11507,65000110010,65000110,新北市汐止區,長安里,汐止區
11507,65000110011,65000110,新北市汐止區,保安里,汐止區
11507,65000110012,65000110,新北市汐止區,保長里,汐止區
11507,65000110013,65000110,新北市汐止區,鄉長里,汐止區
11507,65000110014,65000110,新北市汐止區,江北里,汐止區
11507,65000110015,65000110,新北市汐止區,拱北里,汐止區
11507,65000110016,65000110,新北市汐止區,烘內里,汐止區
11507,65000110017,65000110,新北市汐止區,八連里,汐止區
11507,65000110018,65000110,新北市汐止區,樟樹里,汐止區
11507,65000110019,65000110,新北市汐止區,北峰里,汐止區
11507,65000110020,65000110,新北市汐止區,北山里,汐止區
11507,65000110021,65000110,新北市汐止區,白雲里,汐止區
11507,65000110022,65000110,新北市汐止區,橫科里,汐止區
11507,65000110023,65000110,新北市汐止區,東山里,汐止區
11507,65000110024,65000110,新北市汐止區,福山里,汐止區
11507,65000110025,65000110,新北市汐止區,宜興里,汐止區
11507,65000110026,65000110,新北市汐止區,中興里,汐止區
11507,65000110027,65000110,新北市汐止區,湖光里,汐止區
11507,65000110028,65000110,新北市汐止區,仁德里,汐止區
11507,65000110029,65000110,新北市汐止區,厚德里,汐止區
11507,65000110030,65000110,新北市汐止區,忠孝里,汐止區
11507,65000110031,65000110,新北市汐止區,自強里,汐止區
11507,65000110032,65000110,新北市汐止區,文化里,汐止區
11507,65000110033,65000110,新北市汐止區,金龍里,汐止區
11507,65000110034,65000110,新北市汐止區,福德里,汐止區
11507,65000110035,65000110,新北市汐止區,興福里,汐止區
11507,65000110036,65000110,新北市汐止區,康福里,汐止區
11507,65000110037,65000110,新北市汐止區,忠山里,汐止區
11507,65000110038,65000110,新北市汐止區,環河里,汐止區
11507,65000110039,65000110,新北市汐止區,東勢里,汐止區
11507,65000110040,65000110,新北市汐止區,山光里,汐止區
11507,65000110041,65000110,新北市汐止區,大同里,汐止區
11507,65000110042,65000110,新北市汐止區,崇德里,汐止區
11507,65000110043,65000110,新北市汐止區,湖興里,汐止區
11507,65000110044,65000110,新北市汐止區,長青里,汐止區
11507,65000110045,65000110,新北市汐止區,福安里,汐止區
11507,65000110046,65000110,新北市汐止區,秀山里,汐止區
11507,65000110047,65000110,新北市汐止區,建成里,汐止區
11507,65000110048,65000110,新北市汐止區,城中里,汐止區
11507,65000110049,65000110,新北市汐止區,湖蓮里,汐止區
11507,65000110050,65000110,新北市汐止區,保新里,汐止區
11507,65000120001,65000120,新北市瑞芳區,龍潭里,瑞芳區
11507,65000120002,65000120,新北市瑞芳區,龍興里,瑞芳區
11507,65000120003,65000120,新北市瑞芳區,龍鎮里,瑞芳區
11507,65000120004,65000120,新北市瑞芳區,龍川里,瑞芳區
11507,65000120005,65000120,新北市瑞芳區,龍山里,瑞芳區
11507,65000120006,65000120,新北市瑞芳區,龍安里,瑞芳區
11507,65000120007,65000120,新北市瑞芳區,爪峯里,瑞芳區
11507,65000120008,65000120,新北市瑞芳區,柑坪里,瑞芳區
11507,65000120009,65000120,新北市瑞芳區,東和里,瑞芳區
11507,65000120010,65000120,新北市瑞芳區,上天里,瑞芳區
11507,65000120011,65000120,新北市瑞芳區,吉慶里,瑞芳區
11507,65000120012,65000120,新北市瑞芳區,吉安里,瑞芳區
11507,65000120013,65000120,新北市瑞芳區,傑魚里,瑞芳區
11507,65000120014,65000120,新北市瑞芳區,猴硐里,瑞芳區
11507,65000120015,65000120,新北市瑞芳區,光復里,瑞芳區
11507,65000120016,65000120,新北市瑞芳區,弓橋里,瑞芳區
11507,65000120017,65000120,新北市瑞芳區,碩仁里,瑞芳區
11507,65000120018,65000120,新北市瑞芳區,基山里,瑞芳區
11507,65000120019,65000120,新北市瑞芳區,永慶里,瑞芳區
11507,65000120020,65000120,新北市瑞芳區,崇文里,瑞芳區
11507,65000120021,65000120,新北市瑞芳區,福住里,瑞芳區
11507,65000120022,65000120,新北市瑞芳區,頌德里,瑞芳區
11507,65000120023,65000120,新北市瑞芳區,新山里,瑞芳區
11507,65000120024,65000120,新北市瑞芳區,瓜山里,瑞芳區
11507,65000120025,65000120,新北市瑞芳區,銅山里,瑞芳區
11507,65000120026,65000120,新北市瑞芳區,石山里,瑞芳區
11507,65000120027,65000120,新北市瑞芳區,濓新里,瑞芳區
11507,65000120028,65000120,新北市瑞芳區,濓洞里,瑞芳區
11507,65000120029,65000120,新北市瑞芳區,海濱里,瑞芳區
11507,65000120030,65000120,新北市瑞芳區,瑞濱里,瑞芳區
11507,65000120031,65000120,新北市瑞芳區,深澳里,瑞芳區
11507,65000120032,65000120,新北市瑞芳區,南雅里,瑞芳區
11507,65000120033,65000120,新北市瑞芳區,鼻頭里,瑞芳區
11507,65000120034,65000120,新北市瑞芳區,新峰里,瑞芳區
11507,65000130001,65000130,新北市土城區,埤塘里,土城區
11507,65000130002,65000130,新北市土城區,土城里,土城區
11507,65000130003,65000130,新北市土城區,員林里,土城區
11507,65000130004,65000130,新北市土城區,員仁里,土城區
11507,65000130005,65000130,新北市土城區,長風里,土城區
11507,65000130006,65000130,新北市土城區,日新里,土城區
11507,65000130007,65000130,新北市土城區,日和里,土城區
11507,65000130008,65000130,新北市土城區,貨饒里,土城區
11507,65000130009,65000130,新北市土城區,柑林里,土城區
11507,65000130010,65000130,新北市土城區,埤林里,土城區
11507,65000130011,65000130,新北市土城區,瑞興里,土城區
11507,65000130012,65000130,新北市土城區,清水里,土城區
11507,65000130013,65000130,新北市土城區,清和里,土城區
11507,65000130014,65000130,新北市土城區,永豐里,土城區
11507,65000130015,65000130,新北市土城區,清化里,土城區
11507,65000130016,65000130,新北市土城區,清溪里,土城區
11507,65000130017,65000130,新北市土城區,峯廷里,土城區
11507,65000130018,65000130,新北市土城區,平和里,土城區
11507,65000130019,65000130,新北市土城區,廷寮里,土城區
11507,65000130020,65000130,新北市土城區,大安里,土城區
11507,65000130021,65000130,新北市土城區,永寧里,土城區
11507,65000130022,65000130,新北市土城區,沛陂里,土城區
11507,65000130023,65000130,新北市土城區,頂埔里,土城區
11507,65000130024,65000130,新北市土城區,頂福里,土城區
11507,65000130025,65000130,新北市土城區,頂新里,土城區
11507,65000130026,65000130,新北市土城區,祖田里,土城區
11507,65000130027,65000130,新北市土城區,樂利里,土城區
11507,65000130028,65000130,新北市土城區,廣福里,土城區
11507,65000130029,65000130,新北市土城區,學府里,土城區
11507,65000130030,65000130,新北市土城區,延壽里,土城區
11507,65000130031,65000130,新北市土城區,安和里,土城區
11507,65000130032,65000130,新北市土城區,青雲里,土城區
11507,65000130033,65000130,新北市土城區,員福里,土城區
11507,65000130034,65000130,新北市土城區,延吉里,土城區
11507,65000130035,65000130,新北市土城區,復興里,土城區
11507,65000130036,65000130,新北市土城區,裕生里,土城區
11507,65000130037,65000130,新北市土城區,員信里,土城區
11507,65000130038,65000130,新北市土城區,永富里,土城區
11507,65000130039,65000130,新北市土城區,學成里,土城區
11507,65000130040,65000130,新北市土城區,延和里,土城區
11507,65000130041,65000130,新北市土城區,中正里,土城區
11507,65000130042,65000130,新北市土城區,學士里,土城區
11507,65000130043,65000130,新北市土城區,明德里,土城區
11507,65000130044,65000130,新北市土城區,廣興里,土城區
11507,65000130045,65000130,新北市土城區,青山里,土城區
11507,65000130046,65000130,新北市土城區,金城里,土城區
11507,65000130047,65000130,新北市土城區,延祿里,土城區
11507,65000140001,65000140,新北市蘆洲區,正義里,蘆洲區
11507,65000140002,65000140,新北市蘆洲區,中原里,蘆洲區
11507,65000140003,65000140,新北市蘆洲區,中路里,蘆洲區
11507,65000140004,65000140,新北市蘆洲區,光華里,蘆洲區
11507,65000140005,65000140,新北市蘆洲區,保佑里,蘆洲區
11507,65000140006,65000140,新北市蘆洲區,水湳里,蘆洲區
11507,65000140007,65000140,新北市蘆洲區,樓厝里,蘆洲區
11507,65000140008,65000140,新北市蘆洲區,鷺江里,蘆洲區
11507,65000140009,65000140,新北市蘆洲區,恆德里,蘆洲區
11507,65000140010,65000140,新北市蘆洲區,溪墘里,蘆洲區
11507,65000140011,65000140,新北市蘆洲區,樹德里,蘆洲區
11507,65000140012,65000140,新北市蘆洲區,保和里,蘆洲區
11507,65000140013,65000140,新北市蘆洲區,仁復里,蘆洲區
11507,65000140014,65000140,新北市蘆洲區,得勝里,蘆洲區
11507,65000140015,65000140,新北市蘆洲區,南港里,蘆洲區
11507,65000140016,65000140,新北市蘆洲區,永樂里,蘆洲區
11507,65000140017,65000140,新北市蘆洲區,永康里,蘆洲區
11507,65000140018,65000140,新北市蘆洲區,信義里,蘆洲區
11507,65000140019,65000140,新北市蘆洲區,玉清里,蘆洲區
11507,65000140020,65000140,新北市蘆洲區,復興里,蘆洲區
11507,65000140021,65000140,新北市蘆洲區,水河里,蘆洲區
11507,65000140022,65000140,新北市蘆洲區,仁愛里,蘆洲區
11507,65000140023,65000140,新北市蘆洲區,忠義里,蘆洲區
11507,65000140024,65000140,新北市蘆洲區,九芎里,蘆洲區
11507,65000140025,65000140,新北市蘆洲區,中華里,蘆洲區
11507,65000140026,65000140,新北市蘆洲區,得仁里,蘆洲區
11507,65000140027,65000140,新北市蘆洲區,仁德里,蘆洲區
11507,65000140028,65000140,新北市蘆洲區,仁義里,蘆洲區
11507,65000140029,65000140,新北市蘆洲區,光明里,蘆洲區
11507,65000140030,65000140,新北市蘆洲區,保新里,蘆洲區
11507,65000140031,65000140,新北市蘆洲區,長安里,蘆洲區
11507,65000140032,65000140,新北市蘆洲區,民和里,蘆洲區
11507,65000140033,65000140,新北市蘆洲區,忠孝里,蘆洲區
11507,65000140034,65000140,新北市蘆洲區,福安里,蘆洲區
11507,65000140035,65000140,新北市蘆洲區,永安里,蘆洲區
11507,65000140036,65000140,新北市蘆洲區,延平里,蘆洲區
11507,65000140037,65000140,新北市蘆洲區,成功里,蘆洲區
11507,65000140038,65000140,新北市蘆洲區,永德里,蘆洲區
11507,65000150001,65000150,新北市五股區,興珍里,五股區
11507,65000150002,65000150,新北市五股區,更寮里,五股區
11507,65000150003,65000150,新北市五股區,集福里,五股區
11507,65000150004,65000150,新北市五股區,觀音里,五股區
11507,65000150005,65000150,新北市五股區,成州里,五股區
11507,65000150006,65000150,新北市五股區,成功里,五股區
11507,65000150007,65000150,新北市五股區,五龍里,五股區
11507,65000150008,65000150,新北市五股區,五股里,五股區
11507,65000150009,65000150,新北市五股區,五福里,五股區
11507,65000150010,65000150,新北市五股區,德音里,五股區
11507,65000150011,65000150,新北市五股區,陸一里,五股區
11507,65000150012,65000150,新北市五股區,貿商里,五股區
11507,65000150013,65000150,新北市五股區,德泰里,五股區
11507,65000150014,65000150,新北市五股區,成德里,五股區
11507,65000150015,65000150,新北市五股區,六福里,五股區
11507,65000150016,65000150,新北市五股區,集賢里,五股區
11507,65000150017,65000150,新北市五股區,民義里,五股區
11507,65000150018,65000150,新北市五股區,成泰里,五股區
11507,65000150019,65000150,新北市五股區,水碓里,五股區
11507,65000150020,65000150,新北市五股區,福德里,五股區
11507,65000150021,65000150,新北市五股區,芳洲里,五股區
11507,65000160001,65000160,新北市泰山區,大科里,泰山區
11507,65000160002,65000160,新北市泰山區,黎明里,泰山區
11507,65000160003,65000160,新北市泰山區,山腳里,泰山區
11507,65000160004,65000160,新北市泰山區,福泰里,泰山區
11507,65000160005,65000160,新北市泰山區,楓樹里,泰山區
11507,65000160006,65000160,新北市泰山區,同榮里,泰山區
11507,65000160007,65000160,新北市泰山區,義學里,泰山區
11507,65000160008,65000160,新北市泰山區,明志里,泰山區
11507,65000160009,65000160,新北市泰山區,貴子里,泰山區
11507,65000160010,65000160,新北市泰山區,貴和里,泰山區
11507,65000160011,65000160,新北市泰山區,同興里,泰山區
11507,65000160012,65000160,新北市泰山區,義仁里,泰山區
11507,65000160013,65000160,新北市泰山區,泰友里,泰山區
11507,65000160014,65000160,新北市泰山區,新明里,泰山區
11507,65000160015,65000160,新北市泰山區,貴賢里,泰山區
11507,65000160016,65000160,新北市泰山區,福興里,泰山區
11507,65000160017,65000160,新北市泰山區,全興里,泰山區
11507,65000170001,65000170,新北市林口區,東林里,林口區
11507,65000170002,65000170,新北市林口區,林口里,林口區
11507,65000170003,65000170,新北市林口區,西林里,林口區
11507,65000170004,65000170,新北市林口區,菁湖里,林口區
11507,65000170005,65000170,新北市林口區,中湖里,林口區
11507,65000170006,65000170,新北市林口區,湖北里,林口區
11507,65000170007,65000170,新北市林口區,湖南里,林口區
11507,65000170008,65000170,新北市林口區,南勢里,林口區
11507,65000170009,65000170,新北市林口區,東勢里,林口區
11507,65000170010,65000170,新北市林口區,頂福里,林口區
11507,65000170011,65000170,新北市林口區,下福里,林口區
11507,65000170012,65000170,新北市林口區,嘉寶里,林口區
11507,65000170013,65000170,新北市林口區,瑞平里,林口區
11507,65000170014,65000170,新北市林口區,太平里,林口區
11507,65000170015,65000170,新北市林口區,仁愛里,林口區
11507,65000170016,65000170,新北市林口區,麗林里,林口區
11507,65000170017,65000170,新北市林口區,麗園里,林口區
11507,65000170018,65000170,新北市林口區,新林里,林口區
11507,65000170019,65000170,新北市林口區,力行里,林口區
11507,65000170020,65000170,新北市林口區,頭湖里,林口區
11507,65000170021,65000170,新北市林口區,文湖里,林口區
11507,65000180001,65000180,新北市深坑區,深坑里,深坑區
11507,65000180002,65000180,新北市深坑區,萬順里,深坑區
11507,65000180003,65000180,新北市深坑區,土庫里,深坑區
11507,65000180004,65000180,新北市深坑區,昇高里,深坑區
11507,65000180005,65000180,新北市深坑區,阿柔里,深坑區
11507,65000180006,65000180,新北市深坑區,埔新里,深坑區
11507,65000180007,65000180,新北市深坑區,萬福里,深坑區
11507,65000180008,65000180,新北市深坑區,賴仲里,深坑區
11507,65000190001,65000190,新北市石碇區,石碇里,石碇區
11507,65000190002,65000190,新北市石碇區,潭邊里,石碇區
11507,65000190003,65000190,新北市石碇區,隆盛里,石碇區
11507,65000190004,65000190,新北市石碇區,烏塗里,石碇區
11507,65000190005,65000190,新北市石碇區,彭山里,石碇區
11507,65000190006,65000190,新北市石碇區,豐田里,石碇區
11507,65000190007,65000190,新北市石碇區,永定里,石碇區
11507,65000190008,65000190,新北市石碇區,中民里,石碇區
11507,65000190009,65000190,新北市石碇區,光明里,石碇區
11507,65000190010,65000190,新北市石碇區,豐林里,石碇區
11507,65000190011,65000190,新北市石碇區,永安里,石碇區
11507,65000190012,65000190,新北市石碇區,格頭里,石碇區
11507,65000200001,65000200,新北市坪林區,粗窟里,坪林區
11507,65000200002,65000200,新北市坪林區,坪林里,坪林區
11507,65000200003,65000200,新北市坪林區,大林里,坪林區
11507,65000200004,65000200,新北市坪林區,石𥕢里,坪林區
11507,65000200005,65000200,新北市坪林區,上德里,坪林區
11507,65000200006,65000200,新北市坪林區,水德里,坪林區
11507,65000200007,65000200,新北市坪林區,漁光里,坪林區
11507,65000210001,65000210,新北市三芝區,八賢里,三芝區
11507,65000210002,65000210,新北市三芝區,埔頭里,三芝區
11507,65000210003,65000210,新北市三芝區,古庄里,三芝區
11507,65000210004,65000210,新北市三芝區,新庄里,三芝區
11507,65000210005,65000210,新北市三芝區,埔坪里,三芝區
11507,65000210006,65000210,新北市三芝區,茂長里,三芝區
11507,65000210007,65000210,新北市三芝區,橫山里,三芝區
11507,65000210008,65000210,新北市三芝區,錫板里,三芝區
11507,65000210009,65000210,新北市三芝區,後厝里,三芝區
11507,65000210010,65000210,新北市三芝區,福德里,三芝區
11507,65000210011,65000210,新北市三芝區,圓山里,三芝區
11507,65000210012,65000210,新北市三芝區,店子里,三芝區
11507,65000210013,65000210,新北市三芝區,興華里,三芝區
11507,65000220001,65000220,新北市石門區,德茂里,石門區
11507,65000220002,65000220,新北市石門區,富基里,石門區
11507,65000220003,65000220,新北市石門區,老梅里,石門區
11507,65000220004,65000220,新北市石門區,山溪里,石門區
11507,65000220005,65000220,新北市石門區,石門里,石門區
11507,65000220006,65000220,新北市石門區,尖鹿里,石門區
11507,65000220007,65000220,新北市石門區,乾華里,石門區
11507,65000220008,65000220,新北市石門區,茂林里,石門區
11507,65000220009,65000220,新北市石門區,草里里,石門區
11507,65000230001,65000230,新北市八里區,龍源里,八里區
11507,65000230002,65000230,新北市八里區,米倉里,八里區
11507,65000230003,65000230,新北市八里區,大崁里,八里區
11507,65000230004,65000230,新北市八里區,埤頭里,八里區
11507,65000230005,65000230,新北市八里區,頂罟里,八里區
11507,65000230006,65000230,新北市八里區,舊城里,八里區
11507,65000230007,65000230,新北市八里區,訊塘里,八里區
11507,65000230008,65000230,新北市八里區,荖阡里,八里區
11507,65000230009,65000230,新北市八里區,長坑里,八里區
11507,65000230010,65000230,新北市八里區,下罟里,八里區
11507,65000240001,65000240,新北市平溪區,薯榔里,平溪區
11507,65000240002,65000240,新北市平溪區,菁桐里,平溪區
11507,65000240003,65000240,新北市平溪區,白石里,平溪區
11507,65000240004,65000240,新北市平溪區,石底里,平溪區
11507,65000240005,65000240,新北市平溪區,平溪里,平溪區
11507,65000240006,65000240,新北市平溪區,嶺腳里,平溪區
11507,65000240007,65000240,新北市平溪區,東勢里,平溪區
11507,65000240008,65000240,新北市平溪區,望古里,平溪區
11507,65000240009,65000240,新北市平溪區,南山里,平溪區
11507,65000240010,65000240,新北市平溪區,平湖里,平溪區
11507,65000240011,65000240,新北市平溪區,十分里,平溪區
11507,65000240012,65000240,新北市平溪區,新寮里,平溪區
11507,65000250001,65000250,新北市雙溪區,雙溪里,雙溪區
11507,65000250002,65000250,新北市雙溪區,共和里,雙溪區
11507,65000250003,65000250,新北市雙溪區,新基里,雙溪區
11507,65000250004,65000250,新北市雙溪區,魚行里,雙溪區
11507,65000250005,65000250,新北市雙溪區,三港里,雙溪區
11507,65000250006,65000250,新北市雙溪區,牡丹里,雙溪區
11507,65000250007,65000250,新北市雙溪區,三貂里,雙溪區
11507,65000250008,65000250,新北市雙溪區,平林里,雙溪區
11507,65000250009,65000250,新北市雙溪區,上林里,雙溪區
11507,65000250010,65000250,新北市雙溪區,外柑里,雙溪區
11507,65000250011,65000250,新北市雙溪區,長源里,雙溪區
11507,65000250012,65000250,新北市雙溪區,泰平里,雙溪區
11507,65000260001,65000260,新北市貢寮區,貢寮里,貢寮區
11507,65000260002,65000260,新北市貢寮區,吉林里,貢寮區
11507,65000260003,65000260,新北市貢寮區,雙玉里,貢寮區
11507,65000260004,65000260,新北市貢寮區,龍崗里,貢寮區
11507,65000260005,65000260,新北市貢寮區,龍門里,貢寮區
11507,65000260006,65000260,新北市貢寮區,福隆里,貢寮區
11507,65000260007,65000260,新北市貢寮區,仁里里,貢寮區
11507,65000260008,65000260,新北市貢寮區,真理里,貢寮區
11507,65000260009,65000260,新北市貢寮區,福連里,貢寮區
11507,65000260010,65000260,新北市貢寮區,美豐里,貢寮區
11507,65000260011,65000260,新北市貢寮區,和美里,貢寮區
11507,65000270001,65000270,新北市金山區,和平里,金山區
11507,65000270002,65000270,新北市金山區,大同里,金山區
11507,65000270003,65000270,新北市金山區,豐漁里,金山區
11507,65000270004,65000270,新北市金山區,磺港里,金山區
11507,65000270005,65000270,新北市金山區,美田里,金山區
11507,65000270006,65000270,新北市金山區,五湖里,金山區
11507,65000270007,65000270,新北市金山區,重和里,金山區
11507,65000270008,65000270,新北市金山區,兩湖里,金山區
11507,65000270009,65000270,新北市金山區,六股里,金山區
11507,65000270010,65000270,新北市金山區,三界里,金山區
11507,65000270011,65000270,新北市金山區,清泉里,金山區
11507,65000270012,65000270,新北市金山區,萬壽里,金山區
11507,65000270013,65000270,新北市金山區,西湖里,金山區
11507,65000270014,65000270,新北市金山區,永興里,金山區
11507,65000270015,65000270,新北市金山區,金美里,金山區
11507,65000280001,65000280,新北市萬里區,萬里里,萬里區
11507,65000280002,65000280,新北市萬里區,龜吼里,萬里區
11507,65000280003,65000280,新北市萬里區,野柳里,萬里區
11507,65000280004,65000280,新北市萬里區,大鵬里,萬里區
11507,65000280005,65000280,新北市萬里區,磺潭里,萬里區
11507,65000280006,65000280,新北市萬里區,雙興里,萬里區
11507,65000280007,65000280,新北市萬里區,溪底里,萬里區
11507,65000280008,65000280,新北市萬里區,崁脚里,萬里區
11507,65000280009,65000280,新北市萬里區,中幅里,萬里區
11507,65000280010,65000280,新北市萬里區,北基里,萬里區
11507,65000290001,65000290,新北市烏來區,烏來里,烏來區
11507,65000290002,65000290,新北市烏來區,忠治里,烏來區
11507,65000290003,65000290,新北市烏來區,福山里,烏來區
11507,65000290004,65000290,新北市烏來區,信賢里,烏來區
11507,65000290005,65000290,新北市烏來區,孝義里,烏來區
