snapshot_month,district,youth_population_18_35,job_postings,job_openings,jobs_per_1000_youth,avg_salary,median_salary,company_count,top_job_category,top_occupation,top_industry,opportunity_score,salary_score,job_diversity_score,employment_stability_score,youth_employment_opportunity_index,index_reliability_score,index_reliability_level,population_source_file,jobs_source_file,snapshot_as_of,population_reference_month,population_downloaded_at,jobs_reference_date,jobs_snapshot_as_of,jobs_downloaded_at,previous_available_period,period_gap_months,population_data_freshness_status,population_lag_months,jobs_data_freshness_status,jobs_lag_months,source_date,snapshot_created_at,processed_at,pipeline_version
2026-08,板橋區,106473,368,1111.0,10.43457026664037,36378.00241545893,34500.0,183,旅遊／餐飲／休閒,家庭照顧服務員,,21.428571428571427,46.42857142857143,89.4520739531345,92.15017064846415,51.891511816467954,95.8016304347826,High,ris_village_single_age_ntpc_11507_page1.json,dgpa_public_sector_jobs.xml;taiwanjobs_220_板橋區.xml;taiwanjobs_241_三重區.xml;taiwanjobs_242_新莊區.xml,2026-08-31T02:57:28,2026-07,,2026-08-29,2026-08-30T00:45:24,2026-08-30T00:45:24,,,Fresh,1,Fresh,0,"{""job_deadline_month_max"": ""2036-12"", ""job_deadline_month_min"": ""2026-08"", ""job_updated_month_max"": ""2026-08"", ""job_updated_month_min"": ""2019-08"", ""jobs_downloaded_at"": ""2026-08-30T00:45:24"", ""jobs_reference_date"": ""2026-08-29"", ""jobs_snapshot_as_of"": ""2026-08-30T00:45:24"", ""note"": ""processed_at is excluded from source_date inference."", ""population_downloaded_at"": null, ""population_reference_month"": ""2026-07"", ""population_source_month"": ""2026-07"", ""taiwanjobs_downloaded_at_max"": ""2026-08-30T00:45:24"", ""taiwanjobs_downloaded_at_min"": ""2026-08-30T00:45:15""}",2026-08-31T02:57:28,2026-08-31T02:57:11,trend_snapshot_v1
2026-08,三重區,78274,239,792.0,10.118302373712854,35145.19945355191,34000.0,153,醫療／美容／保健,家庭照顧服務員,,14.285714285714285,21.428571428571427,84.46095367181164,93.47826086956522,41.98535843622568,98.02491154431604,High,ris_village_single_age_ntpc_11507_page1.json,dgpa_public_sector_jobs.xml;taiwanjobs_241_三重區.xml,2026-08-31T02:57:28,2026-07,,2026-08-29,2026-08-30T00:45:24,2026-08-30T00:45:24,,,Fresh,1,Fresh,0,"{""job_deadline_month_max"": ""2036-12"", ""job_deadline_month_min"": ""2026-08"", ""job_updated_month_max"": ""2026-08"", ""job_updated_month_min"": ""2019-08"", ""jobs_downloaded_at"": ""2026-08-30T00:45:24"", ""jobs_reference_date"": ""2026-08-29"", ""jobs_snapshot_as_of"": ""2026-08-30T00:45:24"", ""note"": ""processed_at is excluded from source_date inference."", ""population_downloaded_at"": null, ""population_reference_month"": ""2026-07"", ""population_source_month"": ""2026-07"", ""taiwanjobs_downloaded_at_max"": ""2026-08-30T00:45:24"", ""taiwanjobs_downloaded_at_min"": ""2026-08-30T00:45:15""}",2026-08-31T02:57:28,2026-08-31T02:57:11,trend_snapshot_v1
2026-08,中和區,78428,279,973.0,12.406283470189218,35497.81617647059,34157.0,185,技術／維修／操作,操作工,,39.285714285714285,28.57142857142857,84.82795568665324,95.2941176470588,54.11685164153233,97.59677419354838,High,ris_village_single_age_ntpc_11507_page1.json,dgpa_public_sector_jobs.xml;taiwanjobs_235_中和區.xml,2026-08-31T02:57:28,2026-07,,2026-08-29,2026-08-30T00:45:24,2026-08-30T00:45:24,,,Fresh,1,Fresh,0,"{""job_deadline_month_max"": ""2036-12"", ""job_deadline_month_min"": ""2026-08"", ""job_updated_month_max"": ""2026-08"", ""job_updated_month_min"": ""2019-08"", ""jobs_downloaded_at"": ""2026-08-30T00:45:24"", ""jobs_reference_date"": ""2026-08-29"", ""jobs_snapshot_as_of"": ""2026-08-30T00:45:24"", ""note"": ""processed_at is excluded from source_date inference."", ""population_downloaded_at"": null, ""population_reference_month"": ""2026-07"", ""population_source_month"": ""2026-07"", ""taiwanjobs_downloaded_at_max"": ""2026-08-30T00:45:24"", ""taiwanjobs_downloaded_at_min"": ""2026-08-30T00:45:15""}",2026-08-31T02:57:28,2026-08-31T02:57:11,trend_snapshot_v1
2026-08,永和區,37979,88,273.0,7.188182943205456,35123.79661016949,33500.0,64,醫療／美容／保健,家庭照顧服務員,,7.142857142857142,8.928571428571429,75.62803766070869,91.25,33.90239324642745,83.16317178259361,High,ris_village_single_age_ntpc_11507_page1.json,dgpa_public_sector_jobs.xml;taiwanjobs_234_永和區.xml,2026-08-31T02:57:28,2026-07,,2026-08-29,2026-08-30T00:45:24,2026-08-30T00:45:24,,,Fresh,1,Fresh,0,"{""job_deadline_month_max"": ""2036-12"", ""job_deadline_month_min"": ""2026-08"", ""job_updated_month_max"": ""2026-08"", ""job_updated_month_min"": ""2019-08"", ""jobs_downloaded_at"": ""2026-08-30T00:45:24"", ""jobs_reference_date"": ""2026-08-29"", ""jobs_snapshot_as_of"": ""2026-08-30T00:45:24"", ""note"": ""processed_at is excluded from source_date inference."", ""population_downloaded_at"": null, ""population_reference_month"": ""2026-07"", ""population_source_month"": ""2026-07"", ""taiwanjobs_downloaded_at_max"": ""2026-08-30T00:45:24"", ""taiwanjobs_downloaded_at_min"": ""2026-08-30T00:45:15""}",2026-08-31T02:57:28,2026-08-31T02:57:11,trend_snapshot_v1
2026-08,新莊區,89309,364,948.0,10.614831651905185,36950.610266159696,34965.0,184,技術／維修／操作,家庭照顧服務員,,32.142857142857146,62.5,84.88586409514086,95.56962025316456,59.79475871414572,97.32554945054945,High,ris_village_single_age_ntpc_11507_page1.json,dgpa_public_sector_jobs.xml;taiwanjobs_208_金山區.xml;taiwanjobs_242_新莊區.xml;taiwanjobs_248_五股區.xml,2026-08-31T02:57:28,2026-07,,2026-08-29,2026-08-30T00:45:24,2026-08-30T00:45:24,,,Fresh,1,Fresh,0,"{""job_deadline_month_max"": ""2036-12"", ""job_deadline_month_min"": ""2026-08"", ""job_updated_month_max"": ""2026-08"", ""job_updated_month_min"": ""2019-08"", ""jobs_downloaded_at"": ""2026-08-30T00:45:24"", ""jobs_reference_date"": ""2026-08-29"", ""jobs_snapshot_as_of"": ""2026-08-30T00:45:24"", ""note"": ""processed_at is excluded from source_date inference."", ""population_downloaded_at"": null, ""population_reference_month"": ""2026-07"", ""population_source_month"": ""2026-07"", ""taiwanjobs_downloaded_at_max"": ""2026-08-30T00:45:24"", ""taiwanjobs_downloaded_at_min"": ""2026-08-30T00:45:15""}",2026-08-31T02:57:28,2026-08-31T02:57:11,trend_snapshot_v1
2026-08,新店區,60157,298,868.0,14.428911016174345,36344.64492753623,35000.0,157,醫療／美容／保健,家庭照顧服務員,,57.14285714285714,82.14285714285714,83.59160145116157,92.5,73.98617743308945,97.43791946308724,High,ris_village_single_age_ntpc_11507_page1.json,dgpa_public_sector_jobs.xml;taiwanjobs_231_新店區.xml,2026-08-31T02:57:28,2026-07,,2026-08-29,2026-08-30T00:45:24,2026-08-30T00:45:24,,,Fresh,1,Fresh,0,"{""job_deadline_month_max"": ""2036-12"", ""job_deadline_month_min"": ""2026-08"", ""job_updated_month_max"": ""2026-08"", ""job_updated_month_min"": ""2019-08"", ""jobs_downloaded_at"": ""2026-08-30T00:45:24"", ""jobs_reference_date"": ""2026-08-29"", ""jobs_snapshot_as_of"": ""2026-08-30T00:45:24"", ""note"": ""processed_at is excluded from source_date inference."", ""population_downloaded_at"": null, ""population_reference_month"": ""2026-07"", ""population_source_month"": ""2026-07"", ""taiwanjobs_downloaded_at_max"": ""2026-08-30T00:45:24"", ""taiwanjobs_downloaded_at_min"": ""2026-08-30T00:45:15""}",2026-08-31T02:57:28,2026-08-31T02:57:11,trend_snapshot_v1
2026-08,樹林區,38715,467,1702.0,43.96228851866202,36972.59213759214,35000.0,199,技術／維修／操作,家庭照顧服務員,,96.42857142857144,82.14285714285714,75.23424059589355,98.91067538126362,88.99059228351112,98.9593147751606,High,ris_village_single_age_ntpc_11507_page1.json,dgpa_public_sector_jobs.xml;taiwanjobs_238_樹林區.xml,2026-08-31T02:57:28,2026-07,,2026-08-29,2026-08-30T00:45:24,2026-08-30T00:45:24,,,Fresh,1,Fresh,0,"{""job_deadline_month_max"": ""2036-12"", ""job_deadline_month_min"": ""2026-08"", ""job_updated_month_max"": ""2026-08"", ""job_updated_month_min"": ""2019-08"", ""jobs_downloaded_at"": ""2026-08-30T00:45:24"", ""jobs_reference_date"": ""2026-08-29"", ""jobs_snapshot_as_of"": ""2026-08-30T00:45:24"", ""note"": ""processed_at is excluded from source_date inference."", ""population_downloaded_at"": null, ""population_reference_month"": ""2026-07"", ""population_source_month"": ""2026-07"", ""taiwanjobs_downloaded_at_max"": ""2026-08-30T00:45:24"", ""taiwanjobs_downloaded_at_min"": ""2026-08-30T00:45:15""}",2026-08-31T02:57:28,2026-08-31T02:57:11,trend_snapshot_v1
2026-08,鶯歌區,20341,97,274.0,13.470330858856498,36039.31884057971,34965.0,45,技術／維修／操作,倉管人員,,50.0,62.5,78.49209061302926,100.0,66.32341812260586,85.0932396373049,High,ris_village_single_age_ntpc_11507_page1.json,dgpa_public_sector_jobs.xml;taiwanjobs_239_鶯歌區.xml,2026-08-31T02:57:28,2026-07,,2026-08-29,2026-08-30T00:45:24,2026-08-30T00:45:24,,,Fresh,1,Fresh,0,"{""job_deadline_month_max"": ""2036-12"", ""job_deadline_month_min"": ""2026-08"", ""job_updated_month_max"": ""2026-08"", ""job_updated_month_min"": ""2019-08"", ""jobs_downloaded_at"": ""2026-08-30T00:45:24"", ""jobs_reference_date"": ""2026-08-29"", ""jobs_snapshot_as_of"": ""2026-08-30T00:45:24"", ""note"": ""processed_at is excluded from source_date inference."", ""population_downloaded_at"": null, ""population_reference_month"": ""2026-07"", ""population_source_month"": ""2026-07"", ""taiwanjobs_downloaded_at_max"": ""2026-08-30T00:45:24"", ""taiwanjobs_downloaded_at_min"": ""2026-08-30T00:45:15""}",2026-08-31T02:57:28,2026-08-31T02:57:11,trend_snapshot_v1
2026-08,三峽區,25677,114,349.0,13.591930521478366,36380.884146341465,34657.0,69,醫療／美容／保健,照顧服務員-,,53.57142857142857,57.14285714285714,81.11715836168702,96.875,66.46896738662312,86.90535407472389,High,ris_village_single_age_ntpc_11507_page1.json,dgpa_public_sector_jobs.xml;taiwanjobs_237_三峽區.xml,2026-08-31T02:57:28,2026-07,,2026-08-29,2026-08-30T00:45:24,2026-08-30T00:45:24,,,Fresh,1,Fresh,0,"{""job_deadline_month_max"": ""2036-12"", ""job_deadline_month_min"": ""2026-08"", ""job_updated_month_max"": ""2026-08"", ""job_updated_month_min"": ""2019-08"", ""jobs_downloaded_at"": ""2026-08-30T00:45:24"", ""jobs_reference_date"": ""2026-08-29"", ""jobs_snapshot_as_of"": ""2026-08-30T00:45:24"", ""note"": ""processed_at is excluded from source_date inference."", ""population_downloaded_at"": null, ""population_reference_month"": ""2026-07"", ""population_source_month"": ""2026-07"", ""taiwanjobs_downloaded_at_max"": ""2026-08-30T00:45:24"", ""taiwanjobs_downloaded_at_min"": ""2026-08-30T00:45:15""}",2026-08-31T02:57:28,2026-08-31T02:57:11,trend_snapshot_v1
2026-08,淡水區,42708,140,553.0,12.948393743560926,35185.43396226415,34307.0,82,醫療／美容／保健,家庭照顧服務員,,42.85714285714285,32.142857142857146,88.90233616618663,92.74193548387096,56.8703289843894,91.06407172916724,High,ris_village_single_age_ntpc_11507_page1.json,dgpa_public_sector_jobs.xml;taiwanjobs_251_淡水區.xml,2026-08-31T02:57:28,2026-07,,2026-08-29,2026-08-30T00:45:24,2026-08-30T00:45:24,,,Fresh,1,Fresh,0,"{""job_deadline_month_max"": ""2036-12"", ""job_deadline_month_min"": ""2026-08"", ""job_updated_month_max"": ""2026-08"", ""job_updated_month_min"": ""2019-08"", ""jobs_downloaded_at"": ""2026-08-30T00:45:24"", ""jobs_reference_date"": ""2026-08-29"", ""jobs_snapshot_as_of"": ""2026-08-30T00:45:24"", ""note"": ""processed_at is excluded from source_date inference."", ""population_downloaded_at"": null, ""population_reference_month"": ""2026-07"", ""population_source_month"": ""2026-07"", ""taiwanjobs_downloaded_at_max"": ""2026-08-30T00:45:24"", ""taiwanjobs_downloaded_at_min"": ""2026-08-30T00:45:15""}",2026-08-31T02:57:28,2026-08-31T02:57:11,trend_snapshot_v1
2026-08,汐止區,45112,345,925.0,20.50452207838269,36910.9593495935,35000.0,170,技術／維修／操作,業務助理,,71.42857142857143,82.14285714285714,85.92212590628486,93.15476190476193,80.26478232411412,97.7304347826087,High,ris_village_single_age_ntpc_11507_page1.json,dgpa_public_sector_jobs.xml;taiwanjobs_221_汐止區.xml,2026-08-31T02:57:28,2026-07,,2026-08-29,2026-08-30T00:45:24,2026-08-30T00:45:24,,,Fresh,1,Fresh,0,"{""job_deadline_month_max"": ""2036-12"", ""job_deadline_month_min"": ""2026-08"", ""job_updated_month_max"": ""2026-08"", ""job_updated_month_min"": ""2019-08"", ""jobs_downloaded_at"": ""2026-08-30T00:45:24"", ""jobs_reference_date"": ""2026-08-29"", ""jobs_snapshot_as_of"": ""2026-08-30T00:45:24"", ""note"": ""processed_at is excluded from source_date inference."", ""population_downloaded_at"": null, ""population_reference_month"": ""2026-07"", ""population_source_month"": ""2026-07"", ""taiwanjobs_downloaded_at_max"": ""2026-08-30T00:45:24"", ""taiwanjobs_downloaded_at_min"": ""2026-08-30T00:45:15""}",2026-08-31T02:57:28,2026-08-31T02:57:11,trend_snapshot_v1
2026-08,瑞芳區,7118,82,226.0,31.750491711154822,35748.08208955224,34314.0,46,品管／製造／環衛,環境清潔工,,89.28571428571429,35.714285714285715,87.67377872922411,96.25,76.61511288870197,84.14655775243422,High,ris_village_single_age_ntpc_11507_page1.json,dgpa_public_sector_jobs.xml;taiwanjobs_224_瑞芳區.xml,2026-08-31T02:57:28,2026-07,,2026-08-29,2026-08-30T00:45:24,2026-08-30T00:45:24,,,Fresh,1,Fresh,0,"{""job_deadline_month_max"": ""2036-12"", ""job_deadline_month_min"": ""2026-08"", ""job_updated_month_max"": ""2026-08"", ""job_updated_month_min"": ""2019-08"", ""jobs_downloaded_at"": ""2026-08-30T00:45:24"", ""jobs_reference_date"": ""2026-08-29"", ""jobs_snapshot_as_of"": ""2026-08-30T00:45:24"", ""note"": ""processed_at is excluded from source_date inference."", ""population_downloaded_at"": null, ""population_reference_month"": ""2026-07"", ""population_source_month"": ""2026-07"", ""taiwanjobs_downloaded_at_max"": ""2026-08-30T00:45:24"", ""taiwanjobs_downloaded_at_min"": ""2026-08-30T00:45:15""}",2026-08-31T02:57:28,2026-08-31T02:57:11,trend_snapshot_v1
2026-08,土城區,52671,283,896.0,17.011258567333066,35579.7023255814,34492.5,111,技術／維修／操作,家庭照顧服務員,,64.28571428571429,39.285714285714285,81.35108441103755,96.7509025270758,66.31856654698316,98.10247349823322,High,ris_village_single_age_ntpc_11507_page1.json,dgpa_public_sector_jobs.xml;taiwanjobs_236_土城區.xml,2026-08-31T02:57:28,2026-07,,2026-08-29,2026-08-30T00:45:24,2026-08-30T00:45:24,,,Fresh,1,Fresh,0,"{""job_deadline_month_max"": ""2036-12"", ""job_deadline_month_min"": ""2026-08"", ""job_updated_month_max"": ""2026-08"", ""job_updated_month_min"": ""2019-08"", ""jobs_downloaded_at"": ""2026-08-30T00:45:24"", ""jobs_reference_date"": ""2026-08-29"", ""jobs_snapshot_as_of"": ""2026-08-30T00:45:24"", ""note"": ""processed_at is excluded from source_date inference."", ""population_downloaded_at"": null, ""population_reference_month"": ""2026-07"", ""population_source_month"": ""2026-07"", ""taiwanjobs_downloaded_at_max"": ""2026-08-30T00:45:24"", ""taiwanjobs_downloaded_at_min"": ""2026-08-30T00:45:15""}",2026-08-31T02:57:28,2026-08-31T02:57:11,trend_snapshot_v1
2026-08,蘆洲區,44696,55,204.0,4.564166815822445,35368.61111111111,34000.0,34,醫療／美容／保健,家庭照顧服務員,,0.0,21.428571428571427,91.2661856950358,86.95652173913044,36.65385825701959,76.32337738338892,Medium,ris_village_single_age_ntpc_11507_page1.json,dgpa_public_sector_jobs.xml;taiwanjobs_247_蘆洲區.xml,2026-08-31T02:57:28,2026-07,,2026-08-29,2026-08-30T00:45:24,2026-08-30T00:45:24,,,Fresh,1,Fresh,0,"{""job_deadline_month_max"": ""2036-12"", ""job_deadline_month_min"": ""2026-08"", ""job_updated_month_max"": ""2026-08"", ""job_updated_month_min"": ""2019-08"", ""jobs_downloaded_at"": ""2026-08-30T00:45:24"", ""jobs_reference_date"": ""2026-08-29"", ""jobs_snapshot_as_of"": ""2026-08-30T00:45:24"", ""note"": ""processed_at is excluded from source_date inference."", ""population_downloaded_at"": null, ""population_reference_month"": ""2026-07"", ""population_source_month"": ""2026-07"", ""taiwanjobs_downloaded_at_max"": ""2026-08-30T00:45:24"", ""taiwanjobs_downloaded_at_min"": ""2026-08-30T00:45:15""}",2026-08-31T02:57:28,2026-08-31T02:57:11,trend_snapshot_v1
2026-08,五股區,22623,88,304.0,13.437651947133448,35734.7987012987,35000.0,72,技術／維修／操作,業務助理,,46.42857142857143,82.14285714285714,84.54912039020189,97.61904761904762,70.65982407804037,86.13511819717142,High,ris_village_single_age_ntpc_11507_page1.json,dgpa_public_sector_jobs.xml;taiwanjobs_248_五股區.xml,2026-08-31T02:57:28,2026-07,,2026-08-29,2026-08-30T00:45:24,2026-08-30T00:45:24,,,Fresh,1,Fresh,0,"{""job_deadline_month_max"": ""2036-12"", ""job_deadline_month_min"": ""2026-08"", ""job_updated_month_max"": ""2026-08"", ""job_updated_month_min"": ""2019-08"", ""jobs_downloaded_at"": ""2026-08-30T00:45:24"", ""jobs_reference_date"": ""2026-08-29"", ""jobs_snapshot_as_of"": ""2026-08-30T00:45:24"", ""note"": ""processed_at is excluded from source_date inference."", ""population_downloaded_at"": null, ""population_reference_month"": ""2026-07"", ""population_source_month"": ""2026-07"", ""taiwanjobs_downloaded_at_max"": ""2026-08-30T00:45:24"", ""taiwanjobs_downloaded_at_min"": ""2026-08-30T00:45:15""}",2026-08-31T02:57:28,2026-08-31T02:57:11,trend_snapshot_v1
2026-08,泰山區,17203,67,292.0,16.973783642387954,38374.114583333336,35875.0,41,技術／維修／操作,加油服務生,,60.71428571428571,100.0,87.92679379073095,93.65079365079364,80.91869209147953,80.8576735221421,High,ris_village_single_age_ntpc_11507_page1.json,dgpa_public_sector_jobs.xml;taiwanjobs_243_泰山區.xml,2026-08-31T02:57:28,2026-07,,2026-08-29,2026-08-30T00:45:24,2026-08-30T00:45:24,,,Fresh,1,Fresh,0,"{""job_deadline_month_max"": ""2036-12"", ""job_deadline_month_min"": ""2026-08"", ""job_updated_month_max"": ""2026-08"", ""job_updated_month_min"": ""2019-08"", ""jobs_downloaded_at"": ""2026-08-30T00:45:24"", ""jobs_reference_date"": ""2026-08-29"", ""jobs_snapshot_as_of"": ""2026-08-30T00:45:24"", ""note"": ""processed_at is excluded from source_date inference."", ""population_downloaded_at"": null, ""population_reference_month"": ""2026-07"", ""population_source_month"": ""2026-07"", ""taiwanjobs_downloaded_at_max"": ""2026-08-30T00:45:24"", ""taiwanjobs_downloaded_at_min"": ""2026-08-30T00:45:15""}",2026-08-31T02:57:28,2026-08-31T02:57:11,trend_snapshot_v1
2026-08,林口區,27415,175,630.0,22.98012037205909,38023.07835820896,35750.0,104,技術／維修／操作,家庭幫傭,,75.0,96.42857142857144,86.31947669867569,95.2941176470588,85.66515584393682,94.6621489386256,High,ris_village_single_age_ntpc_11507_page1.json,dgpa_public_sector_jobs.xml;taiwanjobs_242_新莊區.xml;taiwanjobs_244_林口區.xml,2026-08-31T02:57:28,2026-07,,2026-08-29,2026-08-30T00:45:24,2026-08-30T00:45:24,,,Fresh,1,Fresh,0,"{""job_deadline_month_max"": ""2036-12"", ""job_deadline_month_min"": ""2026-08"", ""job_updated_month_max"": ""2026-08"", ""job_updated_month_min"": ""2019-08"", ""jobs_downloaded_at"": ""2026-08-30T00:45:24"", ""jobs_reference_date"": ""2026-08-29"", ""jobs_snapshot_as_of"": ""2026-08-30T00:45:24"", ""note"": ""processed_at is excluded from source_date inference."", ""population_downloaded_at"": null, ""population_reference_month"": ""2026-07"", ""population_source_month"": ""2026-07"", ""taiwanjobs_downloaded_at_max"": ""2026-08-30T00:45:24"", ""taiwanjobs_downloaded_at_min"": ""2026-08-30T00:45:15""}",2026-08-31T02:57:28,2026-08-31T02:57:11,trend_snapshot_v1
2026-08,深坑區,5297,21,56.0,10.57202189918822,34923.13636363636,35000.0,13,旅遊／餐飲／休閒,清潔人員(深坑區),,28.57142857142857,82.14285714285714,88.06016273117959,90.47619047619048,63.1477468319502,61.86258865030877,Medium,ris_village_single_age_ntpc_11507_page1.json,taiwanjobs_222_深坑區.xml,2026-08-31T02:57:28,2026-07,,2026-08-29,2026-08-30T00:45:24,2026-08-30T00:45:24,,,Fresh,1,Fresh,0,"{""job_deadline_month_max"": ""2036-12"", ""job_deadline_month_min"": ""2026-08"", ""job_updated_month_max"": ""2026-08"", ""job_updated_month_min"": ""2019-08"", ""jobs_downloaded_at"": ""2026-08-30T00:45:24"", ""jobs_reference_date"": ""2026-08-29"", ""jobs_snapshot_as_of"": ""2026-08-30T00:45:24"", ""note"": ""processed_at is excluded from source_date inference."", ""population_downloaded_at"": null, ""population_reference_month"": ""2026-07"", ""population_source_month"": ""2026-07"", ""taiwanjobs_downloaded_at_max"": ""2026-08-30T00:45:24"", ""taiwanjobs_downloaded_at_min"": ""2026-08-30T00:45:15""}",2026-08-31T02:57:28,2026-08-31T02:57:11,trend_snapshot_v1
2026-08,石碇區,1341,5,15.0,11.185682326621924,32075.0,32425.0,4,旅遊／餐飲／休閒,約僱職務代理人,,35.714285714285715,0.0,96.09640474436812,100.0,48.50499523458792,43.01417248650002,Low,ris_village_single_age_ntpc_11507_page1.json,dgpa_public_sector_jobs.xml;taiwanjobs_223_石碇區.xml,2026-08-31T02:57:28,2026-07,,2026-08-29,2026-08-30T00:45:24,2026-08-30T00:45:24,,,Fresh,1,Fresh,0,"{""job_deadline_month_max"": ""2036-12"", ""job_deadline_month_min"": ""2026-08"", ""job_updated_month_max"": ""2026-08"", ""job_updated_month_min"": ""2019-08"", ""jobs_downloaded_at"": ""2026-08-30T00:45:24"", ""jobs_reference_date"": ""2026-08-29"", ""jobs_snapshot_as_of"": ""2026-08-30T00:45:24"", ""note"": ""processed_at is excluded from source_date inference."", ""population_downloaded_at"": null, ""population_reference_month"": ""2026-07"", ""population_source_month"": ""2026-07"", ""taiwanjobs_downloaded_at_max"": ""2026-08-30T00:45:24"", ""taiwanjobs_downloaded_at_min"": ""2026-08-30T00:45:15""}",2026-08-31T02:57:28,2026-08-31T02:57:11,trend_snapshot_v1
2026-08,坪林區,1077,6,11.0,10.21355617455896,35816.333333333336,34500.0,4,其他人員,臨時人員,,17.857142857142858,46.42857142857143,89.6240625180289,100.0,51.67481250360578,40.78664611461932,Low,ris_village_single_age_ntpc_11507_page1.json,dgpa_public_sector_jobs.xml;taiwanjobs_232_坪林區.xml,2026-08-31T02:57:28,2026-07,,2026-08-29,2026-08-30T00:45:24,2026-08-30T00:45:24,,,Fresh,1,Fresh,0,"{""job_deadline_month_max"": ""2036-12"", ""job_deadline_month_min"": ""2026-08"", ""job_updated_month_max"": ""2026-08"", ""job_updated_month_min"": ""2019-08"", ""jobs_downloaded_at"": ""2026-08-30T00:45:24"", ""jobs_reference_date"": ""2026-08-29"", ""jobs_snapshot_as_of"": ""2026-08-30T00:45:24"", ""note"": ""processed_at is excluded from source_date inference."", ""population_downloaded_at"": null, ""population_reference_month"": ""2026-07"", ""population_source_month"": ""2026-07"", ""taiwanjobs_downloaded_at_max"": ""2026-08-30T00:45:24"", ""taiwanjobs_downloaded_at_min"": ""2026-08-30T00:45:15""}",2026-08-31T02:57:28,2026-08-31T02:57:11,trend_snapshot_v1
2026-08,三芝區,4565,22,48.0,10.514786418400876,36030.82352941176,35000.0,12,醫療／美容／保健,家庭照顧服務員,,25.0,82.14285714285714,87.16340444177244,100.0,62.968395174068775,64.57648874604195,Medium,ris_village_single_age_ntpc_11507_page1.json,dgpa_public_sector_jobs.xml;taiwanjobs_221_汐止區.xml;taiwanjobs_252_三芝區.xml,2026-08-31T02:57:28,2026-07,,2026-08-29,2026-08-30T00:45:24,2026-08-30T00:45:24,,,Fresh,1,Fresh,0,"{""job_deadline_month_max"": ""2036-12"", ""job_deadline_month_min"": ""2026-08"", ""job_updated_month_max"": ""2026-08"", ""job_updated_month_min"": ""2019-08"", ""jobs_downloaded_at"": ""2026-08-30T00:45:24"", ""jobs_reference_date"": ""2026-08-29"", ""jobs_snapshot_as_of"": ""2026-08-30T00:45:24"", ""note"": ""processed_at is excluded from source_date inference."", ""population_downloaded_at"": null, ""population_reference_month"": ""2026-07"", ""population_source_month"": ""2026-07"", ""taiwanjobs_downloaded_at_max"": ""2026-08-30T00:45:24"", ""taiwanjobs_downloaded_at_min"": ""2026-08-30T00:45:15""}",2026-08-31T02:57:28,2026-08-31T02:57:11,trend_snapshot_v1
2026-08,石門區,2134,9,21.0,9.840674789128396,35357.142857142855,33500.0,5,旅遊／餐飲／休閒,(9/16徵才)餐飲服務人員,,10.714285714285714,8.928571428571429,91.82958340544894,88.88888888888889,38.21710715728027,53.25114784778948,Low,ris_village_single_age_ntpc_11507_page1.json,taiwanjobs_253_石門區.xml,2026-08-31T02:57:28,2026-07,,2026-08-29,2026-08-30T00:45:24,2026-08-30T00:45:24,,,Fresh,1,Fresh,0,"{""job_deadline_month_max"": ""2036-12"", ""job_deadline_month_min"": ""2026-08"", ""job_updated_month_max"": ""2026-08"", ""job_updated_month_min"": ""2019-08"", ""jobs_downloaded_at"": ""2026-08-30T00:45:24"", ""jobs_reference_date"": ""2026-08-29"", ""jobs_snapshot_as_of"": ""2026-08-30T00:45:24"", ""note"": ""processed_at is excluded from source_date inference."", ""population_downloaded_at"": null, ""population_reference_month"": ""2026-07"", ""population_source_month"": ""2026-07"", ""taiwanjobs_downloaded_at_max"": ""2026-08-30T00:45:24"", ""taiwanjobs_downloaded_at_min"": ""2026-08-30T00:45:15""}",2026-08-31T02:57:28,2026-08-31T02:57:11,trend_snapshot_v1
2026-08,八里區,9948,80,232.0,23.321270607157217,40280.43965517241,34982.5,41,技術／維修／操作,理貨員,,78.57142857142857,67.85714285714286,83.39629813319229,94.52054794520548,79.25019896127642,82.39555664359948,High,ris_village_single_age_ntpc_11507_page1.json,dgpa_public_sector_jobs.xml;taiwanjobs_249_八里區.xml,2026-08-31T02:57:28,2026-07,,2026-08-29,2026-08-30T00:45:24,2026-08-30T00:45:24,,,Fresh,1,Fresh,0,"{""job_deadline_month_max"": ""2036-12"", ""job_deadline_month_min"": ""2026-08"", ""job_updated_month_max"": ""2026-08"", ""job_updated_month_min"": ""2019-08"", ""jobs_downloaded_at"": ""2026-08-30T00:45:24"", ""jobs_reference_date"": ""2026-08-29"", ""jobs_snapshot_as_of"": ""2026-08-30T00:45:24"", ""note"": ""processed_at is excluded from source_date inference."", ""population_downloaded_at"": null, ""population_reference_month"": ""2026-07"", ""population_source_month"": ""2026-07"", ""taiwanjobs_downloaded_at_max"": ""2026-08-30T00:45:24"", ""taiwanjobs_downloaded_at_min"": ""2026-08-30T00:45:15""}",2026-08-31T02:57:28,2026-08-31T02:57:11,trend_snapshot_v1
2026-08,平溪區,546,6,13.0,23.809523809523807,35000.0,35000.0,5,其他人員,臨時人員,,82.14285714285714,82.14285714285714,89.6240625180289,100.0,86.31766964646292,34.56359953444004,Low,ris_village_single_age_ntpc_11507_page1.json,dgpa_public_sector_jobs.xml;taiwanjobs_226_平溪區.xml,2026-08-31T02:57:28,2026-07,,2026-08-29,2026-08-30T00:45:24,2026-08-30T00:45:24,,,Fresh,1,Fresh,0,"{""job_deadline_month_max"": ""2036-12"", ""job_deadline_month_min"": ""2026-08"", ""job_updated_month_max"": ""2026-08"", ""job_updated_month_min"": ""2019-08"", ""jobs_downloaded_at"": ""2026-08-30T00:45:24"", ""jobs_reference_date"": ""2026-08-29"", ""jobs_snapshot_as_of"": ""2026-08-30T00:45:24"", ""note"": ""processed_at is excluded from source_date inference."", ""population_downloaded_at"": null, ""population_reference_month"": ""2026-07"", ""population_source_month"": ""2026-07"", ""taiwanjobs_downloaded_at_max"": ""2026-08-30T00:45:24"", ""taiwanjobs_downloaded_at_min"": ""2026-08-30T00:45:15""}",2026-08-31T02:57:28,2026-08-31T02:57:11,trend_snapshot_v1
2026-08,雙溪區,1215,5,8.0,6.584362139917696,34555.0,34555.0,4,醫療／美容／保健,約僱學務創新輔導員,,3.571428571428571,53.57142857142857,97.09505944546687,100.0,49.24044046052195,37.92561662662527,Low,ris_village_single_age_ntpc_11507_page1.json,dgpa_public_sector_jobs.xml;taiwanjobs_227_雙溪區.xml,2026-08-31T02:57:28,2026-07,,2026-08-29,2026-08-30T00:45:24,2026-08-30T00:45:24,,,Fresh,1,Fresh,0,"{""job_deadline_month_max"": ""2036-12"", ""job_deadline_month_min"": ""2026-08"", ""job_updated_month_max"": ""2026-08"", ""job_updated_month_min"": ""2019-08"", ""jobs_downloaded_at"": ""2026-08-30T00:45:24"", ""jobs_reference_date"": ""2026-08-29"", ""jobs_snapshot_as_of"": ""2026-08-30T00:45:24"", ""note"": ""processed_at is excluded from source_date inference."", ""population_downloaded_at"": null, ""population_reference_month"": ""2026-07"", ""population_source_month"": ""2026-07"", ""taiwanjobs_downloaded_at_max"": ""2026-08-30T00:45:24"", ""taiwanjobs_downloaded_at_min"": ""2026-08-30T00:45:15""}",2026-08-31T02:57:28,2026-08-31T02:57:11,trend_snapshot_v1
2026-08,貢寮區,1691,10,29.0,17.14961561206387,34035.71428571428,34000.0,7,旅遊／餐飲／休閒,約僱人員,,67.85714285714286,21.428571428571427,89.83289127685205,100.0,65.46657825537041,53.38363330891519,Low,ris_village_single_age_ntpc_11507_page1.json,dgpa_public_sector_jobs.xml;taiwanjobs_228_貢寮區.xml,2026-08-31T02:57:28,2026-07,,2026-08-29,2026-08-30T00:45:24,2026-08-30T00:45:24,,,Fresh,1,Fresh,0,"{""job_deadline_month_max"": ""2036-12"", ""job_deadline_month_min"": ""2026-08"", ""job_updated_month_max"": ""2026-08"", ""job_updated_month_min"": ""2019-08"", ""jobs_downloaded_at"": ""2026-08-30T00:45:24"", ""jobs_reference_date"": ""2026-08-29"", ""jobs_snapshot_as_of"": ""2026-08-30T00:45:24"", ""note"": ""processed_at is excluded from source_date inference."", ""population_downloaded_at"": null, ""population_reference_month"": ""2026-07"", ""population_source_month"": ""2026-07"", ""taiwanjobs_downloaded_at_max"": ""2026-08-30T00:45:24"", ""taiwanjobs_downloaded_at_min"": ""2026-08-30T00:45:15""}",2026-08-31T02:57:28,2026-08-31T02:57:11,trend_snapshot_v1
2026-08,金山區,4170,53,152.0,36.45083932853717,35119.21428571428,33500.0,23,醫療／美容／保健,醫師,,92.85714285714286,8.928571428571429,81.81080997914813,89.58333333333334,69.17466199582964,75.72787472001866,Medium,ris_village_single_age_ntpc_11507_page1.json,dgpa_public_sector_jobs.xml;taiwanjobs_208_金山區.xml,2026-08-31T02:57:28,2026-07,,2026-08-29,2026-08-30T00:45:24,2026-08-30T00:45:24,,,Fresh,1,Fresh,0,"{""job_deadline_month_max"": ""2036-12"", ""job_deadline_month_min"": ""2026-08"", ""job_updated_month_max"": ""2026-08"", ""job_updated_month_min"": ""2019-08"", ""jobs_downloaded_at"": ""2026-08-30T00:45:24"", ""jobs_reference_date"": ""2026-08-29"", ""jobs_snapshot_as_of"": ""2026-08-30T00:45:24"", ""note"": ""processed_at is excluded from source_date inference."", ""population_downloaded_at"": null, ""population_reference_month"": ""2026-07"", ""population_source_month"": ""2026-07"", ""taiwanjobs_downloaded_at_max"": ""2026-08-30T00:45:24"", ""taiwanjobs_downloaded_at_min"": ""2026-08-30T00:45:15""}",2026-08-31T02:57:28,2026-08-31T02:57:11,trend_snapshot_v1
2026-08,萬里區,3897,47,97.0,24.890941750064155,34632.65625,33500.0,23,旅遊／餐飲／休閒,家庭幫傭,,85.71428571428571,8.928571428571429,83.65918843550033,97.67441860465117,67.90085762065488,73.67246022773116,Medium,ris_village_single_age_ntpc_11507_page1.json,dgpa_public_sector_jobs.xml;taiwanjobs_207_萬里區.xml;taiwanjobs_208_金山區.xml,2026-08-31T02:57:28,2026-07,,2026-08-29,2026-08-30T00:45:24,2026-08-30T00:45:24,,,Fresh,1,Fresh,0,"{""job_deadline_month_max"": ""2036-12"", ""job_deadline_month_min"": ""2026-08"", ""job_updated_month_max"": ""2026-08"", ""job_updated_month_min"": ""2019-08"", ""jobs_downloaded_at"": ""2026-08-30T00:45:24"", ""jobs_reference_date"": ""2026-08-29"", ""jobs_snapshot_as_of"": ""2026-08-30T00:45:24"", ""note"": ""processed_at is excluded from source_date inference."", ""population_downloaded_at"": null, ""population_reference_month"": ""2026-07"", ""population_source_month"": ""2026-07"", ""taiwanjobs_downloaded_at_max"": ""2026-08-30T00:45:24"", ""taiwanjobs_downloaded_at_min"": ""2026-08-30T00:45:15""}",2026-08-31T02:57:28,2026-08-31T02:57:11,trend_snapshot_v1
2026-08,烏來區,1434,22,67.0,46.72245467224546,36488.05263157895,34500.0,9,旅遊／餐飲／休閒,挪威森林(板橋館)夜班房務員9H月休八天,,100.0,46.42857142857143,66.90731699279175,100.0,79.98860625570121,66.35442662642119,Medium,ris_village_single_age_ntpc_11507_page1.json,taiwanjobs_231_新店區.xml;taiwanjobs_233_烏來區.xml,2026-08-31T02:57:28,2026-07,,2026-08-29,2026-08-30T00:45:24,2026-08-30T00:45:24,,,Fresh,1,Fresh,0,"{""job_deadline_month_max"": ""2036-12"", ""job_deadline_month_min"": ""2026-08"", ""job_updated_month_max"": ""2026-08"", ""job_updated_month_min"": ""2019-08"", ""jobs_downloaded_at"": ""2026-08-30T00:45:24"", ""jobs_reference_date"": ""2026-08-29"", ""jobs_snapshot_as_of"": ""2026-08-30T00:45:24"", ""note"": ""processed_at is excluded from source_date inference."", ""population_downloaded_at"": null, ""population_reference_month"": ""2026-07"", ""population_source_month"": ""2026-07"", ""taiwanjobs_downloaded_at_max"": ""2026-08-30T00:45:24"", ""taiwanjobs_downloaded_at_min"": ""2026-08-30T00:45:15""}",2026-08-31T02:57:28,2026-08-31T02:57:11,trend_snapshot_v1
